date,description,amount,type,category
2026-01-01,Salary credited from CypherSOL,60000.0,CREDIT,Salary
2026-01-01,Zomato,1453.06,DEBIT,Take-out
2026-01-01,CityFlo,1780.05,DEBIT,Transport
2026-01-01,Flipkart,1838.18,DEBIT,Shopping
2026-01-01,Credit Card Bill,1642.72,DEBIT,Interest-Payments
2026-01-01,Loan Bill,658.7,DEBIT,Interest-Payments
2026-01-01,Fresh Fruits & Veg Co.,719.82,DEBIT,Groceries
2026-01-01,Flipkart,1382.85,DEBIT,Shopping
2026-01-01,Swiggy,1334.62,DEBIT,Take-out
2026-01-01,Wifi-bill,446.76,DEBIT,Utilities
2026-01-01,Fresh Fruits & Veg Co.,357.66,DEBIT,Groceries
2026-01-02,Amazon Mrktplace,1861.73,DEBIT,Shopping
2026-01-02,Big Bazar Retail,1393.46,DEBIT,Groceries
2026-01-02,Uber,1516.81,DEBIT,Transport
2026-01-02,Ola,652.11,DEBIT,Transport
2026-01-02,Credit Card Bill,1069.31,DEBIT,Interest-Payments
2026-01-02,Zomato,917.69,DEBIT,Take-out
2026-01-02,Ola,241.52,DEBIT,Transport
2026-01-02,Zomato,1879.69,DEBIT,Take-out
2026-01-02,Amazon Mrktplace,1001.27,DEBIT,Shopping
2026-01-02,Swiggy,1172.0,DEBIT,Take-out
2026-01-02,Ola,1503.95,DEBIT,Transport
2026-01-02,CityFlo,1653.52,DEBIT,Transport
2026-01-02,Fresh Fruits & Veg Co.,1073.58,DEBIT,Groceries
2026-01-03,Wifi-bill,1192.33,DEBIT,Utilities
2026-01-03,Swiggy,878.76,DEBIT,Take-out
2026-01-03,Uber,559.75,DEBIT,Transport
2026-01-03,Flipkart,1410.01,DEBIT,Shopping
2026-01-03,Gas,1036.91,DEBIT,Utilities
2026-01-03,Ram's General store,746.82,DEBIT,Groceries
2026-01-03,Credit Card Bill,1983.64,DEBIT,Interest-Payments
2026-01-03,Loan Bill,1757.3,DEBIT,Interest-Payments
2026-01-03,Amazon Mrktplace,962.77,DEBIT,Shopping
2026-01-03,Loan Bill,1899.22,DEBIT,Interest-Payments
2026-01-03,Gas,395.14,DEBIT,Utilities
2026-01-03,Swiggy,1471.69,DEBIT,Take-out
2026-01-03,Amazon Mrktplace,794.09,DEBIT,Shopping
2026-01-03,Swiggy,375.4,DEBIT,Take-out
2026-01-04,CityFlo,550.48,DEBIT,Transport
2026-01-04,Fresh Fruits & Veg Co.,1659.5,DEBIT,Groceries
2026-01-04,Loan Bill,1758.21,DEBIT,Interest-Payments
2026-01-04,Loan Bill,1209.77,DEBIT,Interest-Payments
2026-01-04,Fresh Fruits & Veg Co.,1767.98,DEBIT,Groceries
2026-01-04,Uber,1081.56,DEBIT,Transport
2026-01-04,Amazon Mrktplace,286.15,DEBIT,Shopping
2026-01-04,Swiggy,1814.88,DEBIT,Take-out
2026-01-04,Swiggy,1325.67,DEBIT,Take-out
2026-01-04,Flipkart,1252.43,DEBIT,Shopping
2026-01-04,Electricity,1353.39,DEBIT,Utilities
2026-01-04,Ram's General store,476.76,DEBIT,Groceries
2026-01-04,Wifi-bill,1674.47,DEBIT,Utilities
2026-01-04,Zomato,1256.7,DEBIT,Take-out
2026-01-04,CityFlo,1724.62,DEBIT,Transport
2026-01-05,Wifi-bill,1454.63,DEBIT,Utilities
2026-01-05,Credit Card Bill,1602.39,DEBIT,Interest-Payments
2026-01-05,Wifi-bill,1815.04,DEBIT,Utilities
2026-01-05,Swiggy,1478.17,DEBIT,Take-out
2026-01-05,Gas,1392.82,DEBIT,Utilities
2026-01-05,Fresh Fruits & Veg Co.,1352.71,DEBIT,Groceries
2026-01-05,Swiggy,1438.12,DEBIT,Take-out
2026-01-05,Flipkart,1905.87,DEBIT,Shopping
2026-01-05,Zomato,343.34,DEBIT,Take-out
2026-01-05,Flipkart,1610.87,DEBIT,Shopping
2026-01-05,Fresh Fruits & Veg Co.,700.96,DEBIT,Groceries
2026-01-05,Ram's General store,1256.09,DEBIT,Groceries
2026-01-06,Ram's General store,973.88,DEBIT,Groceries
2026-01-06,Amazon Mrktplace,589.17,DEBIT,Shopping
2026-01-06,Amazon Mrktplace,1107.22,DEBIT,Shopping
2026-01-06,Ola,1842.36,DEBIT,Transport
2026-01-06,CityFlo,1722.58,DEBIT,Transport
2026-01-06,Loan Bill,1930.57,DEBIT,Interest-Payments
2026-01-06,Uber,755.77,DEBIT,Transport
2026-01-06,Zomato,868.76,DEBIT,Take-out
2026-01-06,Flipkart,514.57,DEBIT,Shopping
2026-01-06,Swiggy,1287.45,DEBIT,Take-out
2026-01-06,Ram's General store,864.56,DEBIT,Groceries
2026-01-06,Uber,442.71,DEBIT,Transport
2026-01-06,Uber,1266.71,DEBIT,Transport
2026-01-06,CityFlo,1850.98,DEBIT,Transport
2026-01-06,Amazon Mrktplace,332.5,DEBIT,Shopping
2026-01-06,Credit Card Bill,1408.27,DEBIT,Interest-Payments
2026-01-07,Big Bazar Retail,1515.44,DEBIT,Groceries
2026-01-07,Swiggy,281.87,DEBIT,Take-out
2026-01-07,Loan Bill,1244.6,DEBIT,Interest-Payments
2026-01-07,Amazon Mrktplace,231.83,DEBIT,Shopping
2026-01-07,Zomato,1244.64,DEBIT,Take-out
2026-01-07,Swiggy,1803.18,DEBIT,Take-out
2026-01-07,Swiggy,1207.92,DEBIT,Take-out
2026-01-07,Amazon Mrktplace,558.39,DEBIT,Shopping
2026-01-07,Swiggy,658.14,DEBIT,Take-out
2026-01-07,Gas,908.36,DEBIT,Utilities
2026-01-08,Ram's General store,1655.79,DEBIT,Groceries
2026-01-08,Ram's General store,1363.95,DEBIT,Groceries
2026-01-08,Gas,1506.46,DEBIT,Utilities
2026-01-08,Amazon Mrktplace,868.85,DEBIT,Shopping
2026-01-08,Wifi-bill,1351.64,DEBIT,Utilities
2026-01-08,Flipkart,1631.82,DEBIT,Shopping
2026-01-08,Loan Bill,738.89,DEBIT,Interest-Payments
2026-01-08,Swiggy,1020.53,DEBIT,Take-out
2026-01-08,Loan Bill,1435.41,DEBIT,Interest-Payments
2026-01-08,Amazon Mrktplace,1136.5,DEBIT,Shopping
2026-01-08,Ram's General store,1416.77,DEBIT,Groceries
2026-01-08,Credit Card Bill,1578.63,DEBIT,Interest-Payments
2026-01-08,Uber,395.01,DEBIT,Transport
2026-01-08,Wifi-bill,415.63,DEBIT,Utilities
2026-01-08,Credit Card Bill,822.39,DEBIT,Interest-Payments
2026-01-08,Big Bazar Retail,1884.12,DEBIT,Groceries
2026-01-09,Zomato,748.49,DEBIT,Take-out
2026-01-09,CityFlo,520.15,DEBIT,Transport
2026-01-09,Zomato,509.61,DEBIT,Take-out
2026-01-09,Ola,1003.52,DEBIT,Transport
2026-01-09,Credit Card Bill,1683.44,DEBIT,Interest-Payments
2026-01-09,Ola,538.49,DEBIT,Transport
2026-01-09,Fresh Fruits & Veg Co.,706.02,DEBIT,Groceries
2026-01-09,Ram's General store,1465.06,DEBIT,Groceries
2026-01-09,Electricity,1351.87,DEBIT,Utilities
2026-01-09,Credit Card Bill,1923.02,DEBIT,Interest-Payments
2026-01-09,Loan Bill,624.73,DEBIT,Interest-Payments
2026-01-09,Ola,425.89,DEBIT,Transport
2026-01-09,Gas,718.54,DEBIT,Utilities
2026-01-09,Credit Card Bill,535.23,DEBIT,Interest-Payments
2026-01-09,Ola,1477.22,DEBIT,Transport
2026-01-09,Flipkart,256.38,DEBIT,Shopping
2026-01-10,Ola,1175.93,DEBIT,Transport
2026-01-10,Loan Bill,839.31,DEBIT,Interest-Payments
2026-01-10,Swiggy,1995.58,DEBIT,Take-out
2026-01-10,Ola,1482.01,DEBIT,Transport
2026-01-10,Swiggy,1571.34,DEBIT,Take-out
2026-01-10,Loan Bill,1019.59,DEBIT,Interest-Payments
2026-01-10,Gas,1495.24,DEBIT,Utilities
2026-01-10,Swiggy,1506.37,DEBIT,Take-out
2026-01-10,Credit Card Bill,717.29,DEBIT,Interest-Payments
2026-01-10,Ola,1108.47,DEBIT,Transport
2026-01-10,CityFlo,378.25,DEBIT,Transport
2026-01-10,Flipkart,422.99,DEBIT,Shopping
2026-01-10,Credit Card Bill,745.94,DEBIT,Interest-Payments
2026-01-11,Ola,1373.68,DEBIT,Transport
2026-01-11,Swiggy,1692.57,DEBIT,Take-out
2026-01-11,Flipkart,375.36,DEBIT,Shopping
2026-01-11,CityFlo,501.87,DEBIT,Transport
2026-01-11,Loan Bill,1379.98,DEBIT,Interest-Payments
2026-01-11,Wifi-bill,1237.38,DEBIT,Utilities
2026-01-11,Flipkart,706.71,DEBIT,Shopping
2026-01-11,Amazon Mrktplace,463.5,DEBIT,Shopping
2026-01-11,Big Bazar Retail,292.12,DEBIT,Groceries
2026-01-11,Electricity,686.22,DEBIT,Utilities
2026-01-11,Swiggy,1304.98,DEBIT,Take-out
2026-01-11,Amazon Mrktplace,1149.89,DEBIT,Shopping
2026-01-11,Credit Card Bill,1727.81,DEBIT,Interest-Payments
2026-01-11,Zomato,637.2,DEBIT,Take-out
2026-01-11,Fresh Fruits & Veg Co.,368.93,DEBIT,Groceries
2026-01-12,Uber,1824.0,DEBIT,Transport
2026-01-12,CityFlo,1442.46,DEBIT,Transport
2026-01-12,Electricity,1281.91,DEBIT,Utilities
2026-01-12,Swiggy,1368.81,DEBIT,Take-out
2026-01-12,Swiggy,1846.62,DEBIT,Take-out
2026-01-12,Ram's General store,660.99,DEBIT,Groceries
2026-01-12,Flipkart,618.49,DEBIT,Shopping
2026-01-12,Loan Bill,579.97,DEBIT,Interest-Payments
2026-01-12,Wifi-bill,259.46,DEBIT,Utilities
2026-01-12,Flipkart,1946.28,DEBIT,Shopping
2026-01-12,Zomato,1589.4,DEBIT,Take-out
2026-01-12,Electricity,1415.15,DEBIT,Utilities
2026-01-12,Credit Card Bill,1253.07,DEBIT,Interest-Payments
2026-01-12,Ola,1742.43,DEBIT,Transport
2026-01-12,Gas,980.26,DEBIT,Utilities
2026-01-12,Credit Card Bill,1660.25,DEBIT,Interest-Payments
2026-01-13,CityFlo,1182.49,DEBIT,Transport
2026-01-13,Credit Card Bill,1091.4,DEBIT,Interest-Payments
2026-01-13,Swiggy,1361.7,DEBIT,Take-out
2026-01-13,Ram's General store,281.64,DEBIT,Groceries
2026-01-13,Gas,699.18,DEBIT,Utilities
2026-01-13,Loan Bill,841.22,DEBIT,Interest-Payments
2026-01-13,Ram's General store,603.51,DEBIT,Groceries
2026-01-13,Credit Card Bill,813.3,DEBIT,Interest-Payments
2026-01-13,Credit Card Bill,846.29,DEBIT,Interest-Payments
2026-01-13,Zomato,1020.72,DEBIT,Take-out
2026-01-13,Credit Card Bill,1525.5,DEBIT,Interest-Payments
2026-01-13,Credit Card Bill,235.38,DEBIT,Interest-Payments
2026-01-13,Credit Card Bill,1645.38,DEBIT,Interest-Payments
2026-01-13,Zomato,208.93,DEBIT,Take-out
2026-01-13,Fresh Fruits & Veg Co.,1547.05,DEBIT,Groceries
2026-01-13,Zomato,1439.98,DEBIT,Take-out
2026-01-13,Flipkart,1380.06,DEBIT,Shopping
2026-01-13,Electricity,1608.9,DEBIT,Utilities
2026-01-13,Fresh Fruits & Veg Co.,401.99,DEBIT,Groceries
2026-01-13,Loan Bill,241.99,DEBIT,Interest-Payments
2026-01-14,Amazon Mrktplace,894.4,DEBIT,Shopping
2026-01-14,Flipkart,1156.79,DEBIT,Shopping
2026-01-14,CityFlo,1724.65,DEBIT,Transport
2026-01-14,Wifi-bill,409.49,DEBIT,Utilities
2026-01-14,Gas,742.83,DEBIT,Utilities
2026-01-14,Loan Bill,967.37,DEBIT,Interest-Payments
2026-01-14,CityFlo,1806.91,DEBIT,Transport
2026-01-14,Gas,1949.94,DEBIT,Utilities
2026-01-14,Uber,1866.92,DEBIT,Transport
2026-01-14,Uber,1972.69,DEBIT,Transport
2026-01-14,Loan Bill,1840.3,DEBIT,Interest-Payments
2026-01-15,CityFlo,1485.53,DEBIT,Transport
2026-01-15,Loan Bill,610.84,DEBIT,Interest-Payments
2026-01-15,Zomato,1090.69,DEBIT,Take-out
2026-01-15,Swiggy,1005.92,DEBIT,Take-out
2026-01-15,Credit Card Bill,988.64,DEBIT,Interest-Payments
2026-01-15,Swiggy,1195.18,DEBIT,Take-out
2026-01-15,Flipkart,722.88,DEBIT,Shopping
2026-01-15,Loan Bill,1095.07,DEBIT,Interest-Payments
2026-01-15,Zomato,1818.21,DEBIT,Take-out
2026-01-15,Zomato,225.48,DEBIT,Take-out
2026-01-15,Amazon Mrktplace,803.58,DEBIT,Shopping
2026-01-15,Ram's General store,1787.82,DEBIT,Groceries
2026-01-16,Swiggy,400.64,DEBIT,Take-out
2026-01-16,Wifi-bill,1548.33,DEBIT,Utilities
2026-01-16,CityFlo,1653.48,DEBIT,Transport
2026-01-16,Gas,713.55,DEBIT,Utilities
2026-01-16,Swiggy,1414.34,DEBIT,Take-out
2026-01-16,Swiggy,1304.85,DEBIT,Take-out
2026-01-16,Flipkart,1686.5,DEBIT,Shopping
2026-01-16,Gas,207.44,DEBIT,Utilities
2026-01-16,Zomato,1617.06,DEBIT,Take-out
2026-01-16,Zomato,1850.52,DEBIT,Take-out
2026-01-16,CityFlo,1504.89,DEBIT,Transport
2026-01-16,Swiggy,1311.97,DEBIT,Take-out
2026-01-16,Loan Bill,1469.14,DEBIT,Interest-Payments
2026-01-16,Gas,629.47,DEBIT,Utilities
2026-01-16,Wifi-bill,678.24,DEBIT,Utilities
2026-01-16,Swiggy,1976.58,DEBIT,Take-out
2026-01-16,Credit Card Bill,853.7,DEBIT,Interest-Payments
2026-01-17,Electricity,1316.53,DEBIT,Utilities
2026-01-17,Swiggy,1449.61,DEBIT,Take-out
2026-01-17,Wifi-bill,238.56,DEBIT,Utilities
2026-01-17,Ram's General store,258.01,DEBIT,Groceries
2026-01-17,Ram's General store,1640.7,DEBIT,Groceries
2026-01-17,Loan Bill,931.47,DEBIT,Interest-Payments
2026-01-17,Swiggy,806.52,DEBIT,Take-out
2026-01-17,Uber,1422.65,DEBIT,Transport
2026-01-17,CityFlo,473.29,DEBIT,Transport
2026-01-17,CityFlo,1605.54,DEBIT,Transport
2026-01-17,Big Bazar Retail,254.19,DEBIT,Groceries
2026-01-18,Refund credited from Amazon,327.21,CREDIT,Refund
2026-01-18,Big Bazar Retail,1923.68,DEBIT,Groceries
2026-01-18,Fresh Fruits & Veg Co.,1547.76,DEBIT,Groceries
2026-01-18,Zomato,1283.25,DEBIT,Take-out
2026-01-18,Ram's General store,337.93,DEBIT,Groceries
2026-01-18,Electricity,1886.44,DEBIT,Utilities
2026-01-18,Ola,370.71,DEBIT,Transport
2026-01-18,Ram's General store,1979.29,DEBIT,Groceries
2026-01-18,Amazon Mrktplace,452.59,DEBIT,Shopping
2026-01-18,Zomato,355.4,DEBIT,Take-out
2026-01-18,Zomato,947.81,DEBIT,Take-out
2026-01-18,Wifi-bill,759.55,DEBIT,Utilities
2026-01-18,Swiggy,876.45,DEBIT,Take-out
2026-01-18,Loan Bill,771.29,DEBIT,Interest-Payments
2026-01-18,Loan Bill,316.25,DEBIT,Interest-Payments
2026-01-18,Swiggy,833.92,DEBIT,Take-out
2026-01-18,Credit Card Bill,1118.66,DEBIT,Interest-Payments
2026-01-18,Ola,228.77,DEBIT,Transport
2026-01-18,Swiggy,1449.24,DEBIT,Take-out
2026-01-18,Uber,266.61,DEBIT,Transport
2026-01-19,Ola,1915.13,DEBIT,Transport
2026-01-19,Uber,1850.77,DEBIT,Transport
2026-01-19,Wifi-bill,444.12,DEBIT,Utilities
2026-01-19,Electricity,1178.94,DEBIT,Utilities
2026-01-19,Ola,603.67,DEBIT,Transport
2026-01-19,Loan Bill,725.61,DEBIT,Interest-Payments
2026-01-19,Wifi-bill,1198.02,DEBIT,Utilities
2026-01-19,Ola,919.39,DEBIT,Transport
2026-01-19,Loan Bill,1917.37,DEBIT,Interest-Payments
2026-01-19,Gas,1553.53,DEBIT,Utilities
2026-01-19,CityFlo,1558.77,DEBIT,Transport
2026-01-19,Credit Card Bill,402.45,DEBIT,Interest-Payments
2026-01-20,Electricity,1445.69,DEBIT,Utilities
2026-01-20,Swiggy,1188.26,DEBIT,Take-out
2026-01-20,Electricity,309.62,DEBIT,Utilities
2026-01-20,Fresh Fruits & Veg Co.,1458.11,DEBIT,Groceries
2026-01-20,Wifi-bill,487.5,DEBIT,Utilities
2026-01-20,Big Bazar Retail,694.39,DEBIT,Groceries
2026-01-20,Gas,1362.18,DEBIT,Utilities
2026-01-20,Electricity,1340.55,DEBIT,Utilities
2026-01-20,Gas,902.87,DEBIT,Utilities
2026-01-20,Electricity,1737.02,DEBIT,Utilities
2026-01-20,Uber,229.95,DEBIT,Transport
2026-01-20,Credit Card Bill,606.31,DEBIT,Interest-Payments
2026-01-20,Amazon Mrktplace,914.48,DEBIT,Shopping
2026-01-21,Flipkart,533.98,DEBIT,Shopping
2026-01-21,Flipkart,372.33,DEBIT,Shopping
2026-01-21,Fresh Fruits & Veg Co.,1593.27,DEBIT,Groceries
2026-01-21,Credit Card Bill,1704.78,DEBIT,Interest-Payments
2026-01-21,Gas,587.15,DEBIT,Utilities
2026-01-21,Wifi-bill,1956.98,DEBIT,Utilities
2026-01-21,Zomato,845.49,DEBIT,Take-out
2026-01-21,Amazon Mrktplace,326.42,DEBIT,Shopping
2026-01-21,Big Bazar Retail,856.19,DEBIT,Groceries
2026-01-21,Credit Card Bill,1111.52,DEBIT,Interest-Payments
2026-01-21,Flipkart,1139.78,DEBIT,Shopping
2026-01-21,Swiggy,426.35,DEBIT,Take-out
2026-01-21,Zomato,962.14,DEBIT,Take-out
2026-01-21,Zomato,596.66,DEBIT,Take-out
2026-01-21,Loan Bill,1775.35,DEBIT,Interest-Payments
2026-01-21,Amazon Mrktplace,1426.66,DEBIT,Shopping
2026-01-21,Amazon Mrktplace,1102.07,DEBIT,Shopping
2026-01-21,Fresh Fruits & Veg Co.,1101.0,DEBIT,Groceries
2026-01-21,Amazon Mrktplace,1343.88,DEBIT,Shopping
2026-01-21,Amazon Mrktplace,940.75,DEBIT,Shopping
2026-01-21,Loan Bill,617.25,DEBIT,Interest-Payments
2026-01-22,Credit Card Bill,975.57,DEBIT,Interest-Payments
2026-01-22,Loan Bill,1760.56,DEBIT,Interest-Payments
2026-01-22,Ram's General store,829.34,DEBIT,Groceries
2026-01-22,Gas,523.2,DEBIT,Utilities
2026-01-22,Ola,590.98,DEBIT,Transport
2026-01-22,Electricity,780.01,DEBIT,Utilities
2026-01-23,Refund credited from Amazon,772.68,CREDIT,Refund
2026-01-23,Gas,1302.86,DEBIT,Utilities
2026-01-23,Gas,1714.4,DEBIT,Utilities
2026-01-23,Fresh Fruits & Veg Co.,1432.99,DEBIT,Groceries
2026-01-23,Loan Bill,1636.17,DEBIT,Interest-Payments
2026-01-23,Credit Card Bill,1931.37,DEBIT,Interest-Payments
2026-01-23,Credit Card Bill,311.53,DEBIT,Interest-Payments
2026-01-23,Credit Card Bill,1125.67,DEBIT,Interest-Payments
2026-01-23,Electricity,1670.29,DEBIT,Utilities
2026-01-23,Amazon Mrktplace,836.25,DEBIT,Shopping
2026-01-23,Amazon Mrktplace,818.27,DEBIT,Shopping
2026-01-23,Ram's General store,772.28,DEBIT,Groceries
2026-01-24,Amazon Mrktplace,466.82,DEBIT,Shopping
2026-01-24,Amazon Mrktplace,494.15,DEBIT,Shopping
2026-01-24,Zomato,1338.64,DEBIT,Take-out
2026-01-24,Ram's General store,807.38,DEBIT,Groceries
2026-01-24,Wifi-bill,598.2,DEBIT,Utilities
2026-01-24,Big Bazar Retail,444.31,DEBIT,Groceries
2026-01-24,Flipkart,1827.16,DEBIT,Shopping
2026-01-24,Amazon Mrktplace,1603.21,DEBIT,Shopping
2026-01-24,Credit Card Bill,1815.21,DEBIT,Interest-Payments
2026-01-25,Flipkart,441.03,DEBIT,Shopping
2026-01-25,Zomato,764.99,DEBIT,Take-out
2026-01-25,Flipkart,1994.0,DEBIT,Shopping
2026-01-25,Flipkart,763.73,DEBIT,Shopping
2026-01-25,Big Bazar Retail,1109.18,DEBIT,Groceries
2026-01-25,Uber,927.69,DEBIT,Transport
2026-01-25,Electricity,710.12,DEBIT,Utilities
2026-01-25,Fresh Fruits & Veg Co.,1392.46,DEBIT,Groceries
2026-01-25,Gas,1308.04,DEBIT,Utilities
2026-01-25,Big Bazar Retail,549.48,DEBIT,Groceries
2026-01-25,CityFlo,819.58,DEBIT,Transport
2026-01-25,Credit Card Bill,870.07,DEBIT,Interest-Payments
2026-01-25,Flipkart,1235.74,DEBIT,Shopping
2026-01-26,Swiggy,982.64,DEBIT,Take-out
2026-01-26,Big Bazar Retail,343.4,DEBIT,Groceries
2026-01-26,Ram's General store,349.15,DEBIT,Groceries
2026-01-26,Ola,1866.9,DEBIT,Transport
2026-01-26,Uber,1699.85,DEBIT,Transport
2026-01-26,Gas,755.43,DEBIT,Utilities
2026-01-26,Ola,347.85,DEBIT,Transport
2026-01-26,Zomato,1878.48,DEBIT,Take-out
2026-01-26,Swiggy,787.9,DEBIT,Take-out
2026-01-26,Credit Card Bill,1527.43,DEBIT,Interest-Payments
2026-01-26,Amazon Mrktplace,281.31,DEBIT,Shopping
2026-01-26,Credit Card Bill,1969.36,DEBIT,Interest-Payments
2026-01-26,Loan Bill,1728.27,DEBIT,Interest-Payments
2026-01-27,Amazon Mrktplace,1895.04,DEBIT,Shopping
2026-01-27,Ola,740.99,DEBIT,Transport
2026-01-27,Amazon Mrktplace,1525.94,DEBIT,Shopping
2026-01-27,Uber,1861.9,DEBIT,Transport
2026-01-27,Ola,1668.11,DEBIT,Transport
2026-01-27,Fresh Fruits & Veg Co.,637.66,DEBIT,Groceries
2026-01-27,CityFlo,868.95,DEBIT,Transport
2026-01-27,Gas,1585.53,DEBIT,Utilities
2026-01-27,Ola,1176.98,DEBIT,Transport
2026-01-27,Swiggy,936.81,DEBIT,Take-out
2026-01-27,Amazon Mrktplace,1409.84,DEBIT,Shopping
2026-01-27,Flipkart,1751.42,DEBIT,Shopping
2026-01-28,Uber,1030.72,DEBIT,Transport
2026-01-28,Credit Card Bill,255.78,DEBIT,Interest-Payments
2026-01-28,Wifi-bill,854.1,DEBIT,Utilities
2026-01-28,Flipkart,1865.58,DEBIT,Shopping
2026-01-28,Flipkart,211.1,DEBIT,Shopping
2026-01-28,Credit Card Bill,1596.63,DEBIT,Interest-Payments
2026-01-28,Wifi-bill,1763.65,DEBIT,Utilities
2026-01-28,Credit Card Bill,1904.56,DEBIT,Interest-Payments
2026-01-28,Wifi-bill,505.93,DEBIT,Utilities
2026-01-28,Amazon Mrktplace,1717.85,DEBIT,Shopping
2026-01-28,Ram's General store,616.37,DEBIT,Groceries
2026-01-28,Gas,1239.95,DEBIT,Utilities
2026-01-28,Zomato,1049.24,DEBIT,Take-out
2026-01-28,Electricity,430.67,DEBIT,Utilities
2026-01-28,Amazon Mrktplace,856.85,DEBIT,Shopping
2026-01-29,Swiggy,718.88,DEBIT,Take-out
2026-01-29,Amazon Mrktplace,1505.08,DEBIT,Shopping
2026-01-29,Amazon Mrktplace,870.61,DEBIT,Shopping
2026-01-29,Credit Card Bill,735.76,DEBIT,Interest-Payments
2026-01-29,Electricity,1408.33,DEBIT,Utilities
2026-01-29,Ola,1390.25,DEBIT,Transport
2026-01-29,Gas,1020.69,DEBIT,Utilities
2026-01-29,Big Bazar Retail,1670.47,DEBIT,Groceries
2026-01-29,Zomato,1455.55,DEBIT,Take-out
2026-01-29,Swiggy,1032.86,DEBIT,Take-out
2026-01-29,Amazon Mrktplace,462.04,DEBIT,Shopping
2026-01-29,Swiggy,412.7,DEBIT,Take-out
2026-01-29,Big Bazar Retail,1735.25,DEBIT,Groceries
2026-01-29,Ola,299.17,DEBIT,Transport
2026-01-29,CityFlo,898.51,DEBIT,Transport
2026-01-29,Loan Bill,1334.65,DEBIT,Interest-Payments
2026-01-29,Zomato,1421.83,DEBIT,Take-out
2026-01-29,Flipkart,1891.92,DEBIT,Shopping
2026-01-30,Swiggy,352.55,DEBIT,Take-out
2026-01-30,Credit Card Bill,1327.78,DEBIT,Interest-Payments
2026-01-30,Loan Bill,693.75,DEBIT,Interest-Payments
2026-01-30,CityFlo,1687.76,DEBIT,Transport
2026-01-30,Zomato,1879.41,DEBIT,Take-out
2026-01-30,Amazon Mrktplace,565.94,DEBIT,Shopping
2026-01-30,Loan Bill,581.33,DEBIT,Interest-Payments
2026-01-30,Swiggy,1467.95,DEBIT,Take-out
2026-01-30,Zomato,1014.22,DEBIT,Take-out
2026-01-30,Flipkart,1911.21,DEBIT,Shopping
2026-01-30,Big Bazar Retail,560.82,DEBIT,Groceries
2026-01-30,Big Bazar Retail,630.73,DEBIT,Groceries
2026-01-30,Swiggy,1651.75,DEBIT,Take-out
2026-01-30,Flipkart,1092.14,DEBIT,Shopping
2026-01-30,Gas,388.93,DEBIT,Utilities
2026-02-01,Salary credited from CypherSOL,60000.0,CREDIT,Salary
2026-02-01,Swiggy,1107.8,DEBIT,Take-out
2026-02-01,Flipkart,1887.44,DEBIT,Shopping
2026-02-01,Big Bazar Retail,1658.36,DEBIT,Groceries
2026-02-01,Zomato,1130.06,DEBIT,Take-out
2026-02-01,Electricity,1113.02,DEBIT,Utilities
2026-02-01,Electricity,1534.24,DEBIT,Utilities
2026-02-01,Wifi-bill,382.22,DEBIT,Utilities
2026-02-01,Swiggy,1395.02,DEBIT,Take-out
2026-02-01,Loan Bill,1878.93,DEBIT,Interest-Payments
2026-02-01,Credit Card Bill,1370.84,DEBIT,Interest-Payments
2026-02-01,Ram's General store,1823.22,DEBIT,Groceries
2026-02-01,Amazon Mrktplace,705.07,DEBIT,Shopping
2026-02-02,Ram's General store,404.02,DEBIT,Groceries
2026-02-02,Swiggy,971.13,DEBIT,Take-out
2026-02-02,Swiggy,946.96,DEBIT,Take-out
2026-02-02,Uber,710.93,DEBIT,Transport
2026-02-02,Fresh Fruits & Veg Co.,379.59,DEBIT,Groceries
2026-02-02,Loan Bill,1937.83,DEBIT,Interest-Payments
2026-02-02,Zomato,211.74,DEBIT,Take-out
2026-02-02,Swiggy,847.48,DEBIT,Take-out
2026-02-02,Swiggy,837.99,DEBIT,Take-out
2026-02-02,Ram's General store,1931.82,DEBIT,Groceries
2026-02-03,Swiggy,1004.02,DEBIT,Take-out
2026-02-03,Amazon Mrktplace,756.88,DEBIT,Shopping
2026-02-03,Amazon Mrktplace,1616.54,DEBIT,Shopping
2026-02-03,Amazon Mrktplace,885.69,DEBIT,Shopping
2026-02-03,Ola,727.4,DEBIT,Transport
2026-02-03,Flipkart,307.38,DEBIT,Shopping
2026-02-03,Zomato,1953.09,DEBIT,Take-out
2026-02-03,Swiggy,1907.95,DEBIT,Take-out
2026-02-03,Zomato,234.56,DEBIT,Take-out
2026-02-03,Wifi-bill,1796.73,DEBIT,Utilities
2026-02-03,Gas,1045.46,DEBIT,Utilities
2026-02-03,Credit Card Bill,501.97,DEBIT,Interest-Payments
2026-02-03,Zomato,1979.1,DEBIT,Take-out
2026-02-03,CityFlo,1606.01,DEBIT,Transport
2026-02-03,Credit Card Bill,1063.1,DEBIT,Interest-Payments
2026-02-03,Swiggy,1018.65,DEBIT,Take-out
2026-02-04,Wifi-bill,1278.24,DEBIT,Utilities
2026-02-04,Gas,1331.49,DEBIT,Utilities
2026-02-04,Swiggy,1075.44,DEBIT,Take-out
2026-02-04,Gas,659.62,DEBIT,Utilities
2026-02-04,Ola,1962.13,DEBIT,Transport
2026-02-04,CityFlo,1995.21,DEBIT,Transport
2026-02-04,Wifi-bill,586.79,DEBIT,Utilities
2026-02-04,Zomato,1259.32,DEBIT,Take-out
2026-02-04,Flipkart,1011.93,DEBIT,Shopping
2026-02-04,Credit Card Bill,295.46,DEBIT,Interest-Payments
2026-02-04,Ola,1942.52,DEBIT,Transport
2026-02-04,Electricity,1853.36,DEBIT,Utilities
2026-02-04,Electricity,1750.42,DEBIT,Utilities
2026-02-04,Gas,790.44,DEBIT,Utilities
2026-02-04,Big Bazar Retail,303.5,DEBIT,Groceries
2026-02-04,Amazon Mrktplace,1615.51,DEBIT,Shopping
2026-02-04,Uber,1366.22,DEBIT,Transport
2026-02-04,Zomato,1348.04,DEBIT,Take-out
2026-02-04,CityFlo,675.67,DEBIT,Transport
2026-02-05,Zomato,348.36,DEBIT,Take-out
2026-02-05,Zomato,1845.02,DEBIT,Take-out
2026-02-05,Fresh Fruits & Veg Co.,565.65,DEBIT,Groceries
2026-02-05,Credit Card Bill,1833.63,DEBIT,Interest-Payments
2026-02-05,Ola,790.23,DEBIT,Transport
2026-02-05,Zomato,700.49,DEBIT,Take-out
2026-02-05,CityFlo,514.21,DEBIT,Transport
2026-02-05,Ram's General store,1514.83,DEBIT,Groceries
2026-02-05,Credit Card Bill,1282.38,DEBIT,Interest-Payments
2026-02-05,Flipkart,1074.07,DEBIT,Shopping
2026-02-05,Zomato,1304.26,DEBIT,Take-out
2026-02-06,Big Bazar Retail,1820.81,DEBIT,Groceries
2026-02-06,Credit Card Bill,1918.31,DEBIT,Interest-Payments
2026-02-06,Amazon Mrktplace,734.39,DEBIT,Shopping
2026-02-06,Uber,1920.66,DEBIT,Transport
2026-02-06,Uber,1671.7,DEBIT,Transport
2026-02-06,Fresh Fruits & Veg Co.,758.52,DEBIT,Groceries
2026-02-06,Credit Card Bill,242.54,DEBIT,Interest-Payments
2026-02-06,Uber,1081.17,DEBIT,Transport
2026-02-06,Swiggy,1342.12,DEBIT,Take-out
2026-02-06,Gas,822.81,DEBIT,Utilities
2026-02-06,Loan Bill,346.29,DEBIT,Interest-Payments
2026-02-06,Ola,1852.05,DEBIT,Transport
2026-02-06,Uber,922.32,DEBIT,Transport
2026-02-06,Credit Card Bill,1940.14,DEBIT,Interest-Payments
2026-02-06,Zomato,427.03,DEBIT,Take-out
2026-02-06,Credit Card Bill,241.85,DEBIT,Interest-Payments
2026-02-06,Gas,301.37,DEBIT,Utilities
2026-02-07,CityFlo,1523.7,DEBIT,Transport
2026-02-07,Swiggy,1640.86,DEBIT,Take-out
2026-02-07,Credit Card Bill,874.79,DEBIT,Interest-Payments
2026-02-07,Swiggy,1420.59,DEBIT,Take-out
2026-02-07,Swiggy,767.78,DEBIT,Take-out
2026-02-07,Credit Card Bill,700.56,DEBIT,Interest-Payments
2026-02-07,Ola,1482.56,DEBIT,Transport
2026-02-07,CityFlo,571.79,DEBIT,Transport
2026-02-07,Ola,577.29,DEBIT,Transport
2026-02-08,Big Bazar Retail,368.3,DEBIT,Groceries
2026-02-08,Electricity,1791.9,DEBIT,Utilities
2026-02-08,Ola,832.21,DEBIT,Transport
2026-02-08,Zomato,1761.15,DEBIT,Take-out
2026-02-08,Amazon Mrktplace,509.41,DEBIT,Shopping
2026-02-08,Wifi-bill,1100.11,DEBIT,Utilities
2026-02-08,Loan Bill,1656.04,DEBIT,Interest-Payments
2026-02-09,Zomato,1243.62,DEBIT,Take-out
2026-02-09,Flipkart,1717.47,DEBIT,Shopping
2026-02-09,Ram's General store,621.56,DEBIT,Groceries
2026-02-09,Ola,780.54,DEBIT,Transport
2026-02-09,Credit Card Bill,1657.79,DEBIT,Interest-Payments
2026-02-09,Uber,1142.42,DEBIT,Transport
2026-02-09,Fresh Fruits & Veg Co.,618.8,DEBIT,Groceries
2026-02-09,Credit Card Bill,547.11,DEBIT,Interest-Payments
2026-02-09,Loan Bill,514.74,DEBIT,Interest-Payments
2026-02-09,CityFlo,859.62,DEBIT,Transport
2026-02-10,Electricity,975.01,DEBIT,Utilities
2026-02-10,Electricity,1595.35,DEBIT,Utilities
2026-02-10,Flipkart,728.09,DEBIT,Shopping
2026-02-10,Ram's General store,731.54,DEBIT,Groceries
2026-02-10,Amazon Mrktplace,1169.18,DEBIT,Shopping
2026-02-10,Amazon Mrktplace,995.97,DEBIT,Shopping
2026-02-10,Electricity,1589.96,DEBIT,Utilities
2026-02-10,Ram's General store,276.34,DEBIT,Groceries
2026-02-10,Electricity,1185.56,DEBIT,Utilities
2026-02-10,Ola,1032.52,DEBIT,Transport
2026-02-10,Uber,1242.14,DEBIT,Transport
2026-02-10,Credit Card Bill,1575.37,DEBIT,Interest-Payments
2026-02-11,Wifi-bill,1264.14,DEBIT,Utilities
2026-02-11,Big Bazar Retail,1949.76,DEBIT,Groceries
2026-02-11,Electricity,279.54,DEBIT,Utilities
2026-02-11,Gas,1730.48,DEBIT,Utilities
2026-02-11,CityFlo,1039.04,DEBIT,Transport
2026-02-11,Amazon Mrktplace,1902.28,DEBIT,Shopping
2026-02-11,Wifi-bill,1151.44,DEBIT,Utilities
2026-02-11,Swiggy,1160.83,DEBIT,Take-out
2026-02-11,Gas,1969.81,DEBIT,Utilities
2026-02-11,Credit Card Bill,506.15,DEBIT,Interest-Payments
2026-02-11,Fresh Fruits & Veg Co.,829.94,DEBIT,Groceries
2026-02-11,Wifi-bill,877.93,DEBIT,Utilities
2026-02-11,CityFlo,965.82,DEBIT,Transport
2026-02-11,Zomato,1834.31,DEBIT,Take-out
2026-02-11,Amazon Mrktplace,822.47,DEBIT,Shopping
2026-02-11,Fresh Fruits & Veg Co.,789.16,DEBIT,Groceries
2026-02-11,Swiggy,1432.12,DEBIT,Take-out
2026-02-12,Electricity,1494.32,DEBIT,Utilities
2026-02-12,Wifi-bill,1761.25,DEBIT,Utilities
2026-02-12,Fresh Fruits & Veg Co.,1214.92,DEBIT,Groceries
2026-02-12,Electricity,475.45,DEBIT,Utilities
2026-02-12,Gas,1169.38,DEBIT,Utilities
2026-02-12,Flipkart,770.6,DEBIT,Shopping
2026-02-12,Flipkart,1061.84,DEBIT,Shopping
2026-02-12,Fresh Fruits & Veg Co.,313.47,DEBIT,Groceries
2026-02-12,Fresh Fruits & Veg Co.,1113.3,DEBIT,Groceries
2026-02-12,Credit Card Bill,1334.35,DEBIT,Interest-Payments
2026-02-12,Electricity,1961.98,DEBIT,Utilities
2026-02-12,Big Bazar Retail,1017.84,DEBIT,Groceries
2026-02-12,Fresh Fruits & Veg Co.,1075.81,DEBIT,Groceries
2026-02-13,Ram's General store,1840.95,DEBIT,Groceries
2026-02-13,Ola,423.64,DEBIT,Transport
2026-02-13,Electricity,1662.59,DEBIT,Utilities
2026-02-13,Gas,465.62,DEBIT,Utilities
2026-02-13,Wifi-bill,1111.67,DEBIT,Utilities
2026-02-13,Zomato,1940.35,DEBIT,Take-out
2026-02-13,Flipkart,1878.16,DEBIT,Shopping
2026-02-13,Amazon Mrktplace,520.84,DEBIT,Shopping
2026-02-13,Zomato,1779.21,DEBIT,Take-out
2026-02-13,Loan Bill,372.21,DEBIT,Interest-Payments
2026-02-13,Credit Card Bill,961.59,DEBIT,Interest-Payments
2026-02-13,Swiggy,1731.72,DEBIT,Take-out
2026-02-13,Electricity,1180.78,DEBIT,Utilities
2026-02-13,CityFlo,683.73,DEBIT,Transport
2026-02-13,Flipkart,1045.24,DEBIT,Shopping
2026-02-13,Ram's General store,1683.77,DEBIT,Groceries
2026-02-13,Ola,299.96,DEBIT,Transport
2026-02-14,Ram's General store,949.95,DEBIT,Groceries
2026-02-14,Zomato,928.92,DEBIT,Take-out
2026-02-14,Ola,1635.83,DEBIT,Transport
2026-02-14,CityFlo,447.23,DEBIT,Transport
2026-02-14,Swiggy,1771.69,DEBIT,Take-out
2026-02-14,Uber,1081.45,DEBIT,Transport
2026-02-14,Credit Card Bill,1257.05,DEBIT,Interest-Payments
2026-02-14,Wifi-bill,678.52,DEBIT,Utilities
2026-02-14,Swiggy,877.05,DEBIT,Take-out
2026-02-14,Electricity,1556.17,DEBIT,Utilities
2026-02-14,Flipkart,1719.17,DEBIT,Shopping
2026-02-14,Swiggy,247.42,DEBIT,Take-out
2026-02-14,Fresh Fruits & Veg Co.,1120.76,DEBIT,Groceries
2026-02-15,Amazon Mrktplace,1375.13,DEBIT,Shopping
2026-02-15,Big Bazar Retail,810.95,DEBIT,Groceries
2026-02-15,Fresh Fruits & Veg Co.,235.58,DEBIT,Groceries
2026-02-15,Big Bazar Retail,1150.5,DEBIT,Groceries
2026-02-15,CityFlo,737.7,DEBIT,Transport
2026-02-15,Ram's General store,1368.39,DEBIT,Groceries
2026-02-15,Ram's General store,1375.86,DEBIT,Groceries
2026-02-15,Wifi-bill,1779.69,DEBIT,Utilities
2026-02-15,Electricity,1350.94,DEBIT,Utilities
2026-02-15,Flipkart,1066.66,DEBIT,Shopping
2026-02-15,CityFlo,1402.86,DEBIT,Transport
2026-02-15,Zomato,489.85,DEBIT,Take-out
2026-02-16,Wifi-bill,1684.12,DEBIT,Utilities
2026-02-16,Swiggy,462.52,DEBIT,Take-out
2026-02-16,Swiggy,369.81,DEBIT,Take-out
2026-02-16,Loan Bill,1412.75,DEBIT,Interest-Payments
2026-02-16,Zomato,1609.5,DEBIT,Take-out
2026-02-16,Credit Card Bill,331.09,DEBIT,Interest-Payments
2026-02-16,Wifi-bill,1711.31,DEBIT,Utilities
2026-02-16,Zomato,591.92,DEBIT,Take-out
2026-02-16,CityFlo,1121.45,DEBIT,Transport
2026-02-16,Fresh Fruits & Veg Co.,1182.42,DEBIT,Groceries
2026-02-16,Big Bazar Retail,1582.46,DEBIT,Groceries
2026-02-16,Flipkart,1038.37,DEBIT,Shopping
2026-02-16,Fresh Fruits & Veg Co.,1977.48,DEBIT,Groceries
2026-02-16,Gas,673.1,DEBIT,Utilities
2026-02-16,Amazon Mrktplace,751.82,DEBIT,Shopping
2026-02-16,CityFlo,1459.7,DEBIT,Transport
2026-02-17,Loan Bill,1787.34,DEBIT,Interest-Payments
2026-02-17,Credit Card Bill,1332.65,DEBIT,Interest-Payments
2026-02-17,Ram's General store,619.39,DEBIT,Groceries
2026-02-17,Loan Bill,355.24,DEBIT,Interest-Payments
2026-02-17,Ram's General store,1866.71,DEBIT,Groceries
2026-02-17,Fresh Fruits & Veg Co.,1841.19,DEBIT,Groceries
2026-02-17,Big Bazar Retail,1843.49,DEBIT,Groceries
2026-02-17,Gas,1376.82,DEBIT,Utilities
2026-02-17,Amazon Mrktplace,350.22,DEBIT,Shopping
2026-02-18,Wifi-bill,1640.23,DEBIT,Utilities
2026-02-18,Ola,1356.58,DEBIT,Transport
2026-02-18,Amazon Mrktplace,914.28,DEBIT,Shopping
2026-02-18,Credit Card Bill,318.66,DEBIT,Interest-Payments
2026-02-18,Ola,243.72,DEBIT,Transport
2026-02-18,Fresh Fruits & Veg Co.,398.59,DEBIT,Groceries
2026-02-18,Flipkart,1265.25,DEBIT,Shopping
2026-02-18,Zomato,1855.58,DEBIT,Take-out
2026-02-18,Credit Card Bill,1877.55,DEBIT,Interest-Payments
2026-02-18,Electricity,1754.11,DEBIT,Utilities
2026-02-18,Flipkart,1925.01,DEBIT,Shopping
2026-02-18,Amazon Mrktplace,757.73,DEBIT,Shopping
2026-02-18,Zomato,1490.96,DEBIT,Take-out
2026-02-19,Gas,1507.52,DEBIT,Utilities
2026-02-19,Swiggy,751.97,DEBIT,Take-out
2026-02-19,Flipkart,1401.13,DEBIT,Shopping
2026-02-19,Uber,956.42,DEBIT,Transport
2026-02-19,Amazon Mrktplace,964.92,DEBIT,Shopping
2026-02-19,Ram's General store,1783.32,DEBIT,Groceries
2026-02-19,Credit Card Bill,1240.33,DEBIT,Interest-Payments
2026-02-19,Zomato,618.3,DEBIT,Take-out
2026-02-19,Zomato,802.2,DEBIT,Take-out
2026-02-19,Fresh Fruits & Veg Co.,1697.27,DEBIT,Groceries
2026-02-19,Loan Bill,1113.06,DEBIT,Interest-Payments
2026-02-19,Credit Card Bill,1201.22,DEBIT,Interest-Payments
2026-02-19,Flipkart,1000.58,DEBIT,Shopping
2026-02-19,Big Bazar Retail,760.22,DEBIT,Groceries
2026-02-19,Uber,204.54,DEBIT,Transport
2026-02-19,Loan Bill,1612.9,DEBIT,Interest-Payments
2026-02-19,Loan Bill,1260.62,DEBIT,Interest-Payments
2026-02-19,Amazon Mrktplace,547.02,DEBIT,Shopping
2026-02-19,Ram's General store,1087.55,DEBIT,Groceries
2026-02-19,Big Bazar Retail,1422.7,DEBIT,Groceries
2026-02-19,Amazon Mrktplace,1124.85,DEBIT,Shopping
2026-02-20,Big Bazar Retail,1740.61,DEBIT,Groceries
2026-02-20,Electricity,1172.95,DEBIT,Utilities
2026-02-20,Flipkart,1706.6,DEBIT,Shopping
2026-02-20,Swiggy,1616.65,DEBIT,Take-out
2026-02-20,Amazon Mrktplace,1608.06,DEBIT,Shopping
2026-02-20,Flipkart,1872.46,DEBIT,Shopping
2026-02-20,Big Bazar Retail,1552.62,DEBIT,Groceries
2026-02-20,Fresh Fruits & Veg Co.,1177.35,DEBIT,Groceries
2026-02-20,Gas,795.32,DEBIT,Utilities
2026-02-20,Ram's General store,729.04,DEBIT,Groceries
2026-02-20,Flipkart,892.41,DEBIT,Shopping
2026-02-20,Loan Bill,1286.89,DEBIT,Interest-Payments
2026-02-20,Ola,1040.35,DEBIT,Transport
2026-02-20,Swiggy,1406.38,DEBIT,Take-out
2026-02-20,Electricity,341.39,DEBIT,Utilities
2026-02-21,Loan Bill,613.42,DEBIT,Interest-Payments
2026-02-21,Amazon Mrktplace,1825.77,DEBIT,Shopping
2026-02-21,Fresh Fruits & Veg Co.,267.11,DEBIT,Groceries
2026-02-21,Big Bazar Retail,1043.15,DEBIT,Groceries
2026-02-21,Loan Bill,1269.23,DEBIT,Interest-Payments
2026-02-21,Flipkart,887.05,DEBIT,Shopping
2026-02-21,Zomato,1482.85,DEBIT,Take-out
2026-02-21,Amazon Mrktplace,1395.66,DEBIT,Shopping
2026-02-21,Uber,1225.73,DEBIT,Transport
2026-02-21,Ola,765.56,DEBIT,Transport
2026-02-21,Amazon Mrktplace,1612.51,DEBIT,Shopping
2026-02-21,Electricity,291.9,DEBIT,Utilities
2026-02-22,Flipkart,919.34,DEBIT,Shopping
2026-02-22,Zomato,1364.78,DEBIT,Take-out
2026-02-22,Fresh Fruits & Veg Co.,1854.18,DEBIT,Groceries
2026-02-22,Loan Bill,1249.65,DEBIT,Interest-Payments
2026-02-22,Electricity,942.86,DEBIT,Utilities
2026-02-22,Flipkart,728.28,DEBIT,Shopping
2026-02-22,Gas,1132.86,DEBIT,Utilities
2026-02-22,Uber,1070.32,DEBIT,Transport
2026-02-22,Uber,1887.91,DEBIT,Transport
2026-02-22,Zomato,1762.44,DEBIT,Take-out
2026-02-22,Fresh Fruits & Veg Co.,220.49,DEBIT,Groceries
2026-02-22,Credit Card Bill,1888.26,DEBIT,Interest-Payments
2026-02-22,Wifi-bill,1165.52,DEBIT,Utilities
2026-02-22,Fresh Fruits & Veg Co.,674.58,DEBIT,Groceries
2026-02-22,Swiggy,357.86,DEBIT,Take-out
2026-02-22,Loan Bill,908.03,DEBIT,Interest-Payments
2026-02-23,Zomato,1872.59,DEBIT,Take-out
2026-02-23,Uber,369.06,DEBIT,Transport
2026-02-23,Amazon Mrktplace,644.74,DEBIT,Shopping
2026-02-23,Wifi-bill,1755.04,DEBIT,Utilities
2026-02-23,Credit Card Bill,1677.24,DEBIT,Interest-Payments
2026-02-23,Gas,447.62,DEBIT,Utilities
2026-02-23,Electricity,1960.7,DEBIT,Utilities
2026-02-23,CityFlo,250.33,DEBIT,Transport
2026-02-23,Electricity,1981.77,DEBIT,Utilities
2026-02-23,Big Bazar Retail,249.84,DEBIT,Groceries
2026-02-23,Zomato,646.72,DEBIT,Take-out
2026-02-23,Zomato,536.71,DEBIT,Take-out
2026-02-23,Wifi-bill,378.32,DEBIT,Utilities
2026-02-23,Swiggy,1156.16,DEBIT,Take-out
2026-02-23,Wifi-bill,918.32,DEBIT,Utilities
2026-02-23,Electricity,1861.29,DEBIT,Utilities
2026-02-23,Electricity,1609.41,DEBIT,Utilities
2026-02-23,Uber,1235.85,DEBIT,Transport
2026-02-23,Swiggy,1304.04,DEBIT,Take-out
2026-02-23,Zomato,432.62,DEBIT,Take-out
2026-02-24,Flipkart,1167.83,DEBIT,Shopping
2026-02-24,Gas,536.1,DEBIT,Utilities
2026-02-24,Wifi-bill,1205.16,DEBIT,Utilities
2026-02-24,Loan Bill,1646.3,DEBIT,Interest-Payments
2026-02-24,Flipkart,1533.93,DEBIT,Shopping
2026-02-24,Gas,618.29,DEBIT,Utilities
2026-02-24,Gas,323.94,DEBIT,Utilities
2026-02-24,Ola,1090.54,DEBIT,Transport
2026-02-24,Ola,1420.09,DEBIT,Transport
2026-02-24,Zomato,375.86,DEBIT,Take-out
2026-02-24,Flipkart,728.28,DEBIT,Shopping
2026-02-24,Amazon Mrktplace,1259.48,DEBIT,Shopping
2026-02-24,Flipkart,1735.19,DEBIT,Shopping
2026-02-25,Amazon Mrktplace,1485.63,DEBIT,Shopping
2026-02-25,Fresh Fruits & Veg Co.,1171.72,DEBIT,Groceries
2026-02-25,Ola,1538.7,DEBIT,Transport
2026-02-25,CityFlo,860.26,DEBIT,Transport
2026-02-25,Electricity,1047.27,DEBIT,Utilities
2026-02-25,Credit Card Bill,1242.49,DEBIT,Interest-Payments
2026-02-25,Flipkart,824.77,DEBIT,Shopping
2026-02-25,Loan Bill,1806.72,DEBIT,Interest-Payments
2026-02-25,Amazon Mrktplace,556.67,DEBIT,Shopping
2026-02-25,Credit Card Bill,920.07,DEBIT,Interest-Payments
2026-02-25,Loan Bill,542.9,DEBIT,Interest-Payments
2026-02-26,Swiggy,1529.7,DEBIT,Take-out
2026-02-26,Ram's General store,1369.66,DEBIT,Groceries
2026-02-26,Gas,1148.32,DEBIT,Utilities
2026-02-26,Swiggy,1016.99,DEBIT,Take-out
2026-02-26,Credit Card Bill,446.43,DEBIT,Interest-Payments
2026-02-26,Zomato,1466.2,DEBIT,Take-out
2026-02-26,Wifi-bill,1226.86,DEBIT,Utilities
2026-02-26,Credit Card Bill,788.42,DEBIT,Interest-Payments
2026-02-26,Gas,1781.85,DEBIT,Utilities
2026-02-26,Ram's General store,994.74,DEBIT,Groceries
2026-02-26,Ola,925.5,DEBIT,Transport
2026-02-26,Swiggy,1698.07,DEBIT,Take-out
2026-02-26,Zomato,626.91,DEBIT,Take-out
2026-02-26,Ram's General store,1511.06,DEBIT,Groceries
2026-02-26,Swiggy,744.91,DEBIT,Take-out
2026-02-26,Big Bazar Retail,1003.81,DEBIT,Groceries
2026-02-27,Refund credited from Amazon,498.05,CREDIT,Refund
2026-02-27,Refund credited from Amazon,769.28,CREDIT,Refund
2026-02-27,Fresh Fruits & Veg Co.,557.54,DEBIT,Groceries
2026-02-27,Electricity,1078.02,DEBIT,Utilities
2026-02-27,Zomato,1357.32,DEBIT,Take-out
2026-02-27,Swiggy,1436.29,DEBIT,Take-out
2026-02-27,Flipkart,1535.44,DEBIT,Shopping
2026-02-27,Ola,250.76,DEBIT,Transport
2026-02-27,Loan Bill,226.7,DEBIT,Interest-Payments
2026-02-27,Amazon Mrktplace,1884.19,DEBIT,Shopping
2026-02-27,CityFlo,795.56,DEBIT,Transport
2026-02-27,Credit Card Bill,1329.17,DEBIT,Interest-Payments
2026-02-27,Gas,1840.65,DEBIT,Utilities
2026-02-27,Loan Bill,1861.83,DEBIT,Interest-Payments
2026-02-28,Uber,1375.76,DEBIT,Transport
2026-02-28,Fresh Fruits & Veg Co.,1292.67,DEBIT,Groceries
2026-02-28,Flipkart,445.23,DEBIT,Shopping
2026-02-28,CityFlo,211.04,DEBIT,Transport
2026-02-28,Loan Bill,1519.99,DEBIT,Interest-Payments
2026-02-28,Uber,1929.82,DEBIT,Transport
2026-02-28,Ola,418.27,DEBIT,Transport
2026-02-28,Credit Card Bill,1360.84,DEBIT,Interest-Payments
2026-02-28,Flipkart,1506.29,DEBIT,Shopping
2026-02-28,Ram's General store,866.28,DEBIT,Groceries
2026-02-28,Fresh Fruits & Veg Co.,262.08,DEBIT,Groceries
2026-02-28,Electricity,505.75,DEBIT,Utilities
2026-02-28,Electricity,621.61,DEBIT,Utilities
2026-02-28,Uber,1426.49,DEBIT,Transport
2026-02-28,Ram's General store,1838.12,DEBIT,Groceries
2026-02-28,Zomato,1717.13,DEBIT,Take-out
2026-02-28,Ola,288.63,DEBIT,Transport
2026-02-29,Loan Bill,1334.31,DEBIT,Interest-Payments
2026-02-29,Big Bazar Retail,236.17,DEBIT,Groceries
2026-02-29,Swiggy,829.22,DEBIT,Take-out
2026-02-29,Zomato,856.93,DEBIT,Take-out
2026-02-29,Swiggy,524.14,DEBIT,Take-out
2026-02-29,Loan Bill,297.05,DEBIT,Interest-Payments
2026-02-29,Fresh Fruits & Veg Co.,1181.8,DEBIT,Groceries
2026-02-29,Wifi-bill,1417.74,DEBIT,Utilities
2026-02-29,Zomato,1087.76,DEBIT,Take-out
2026-02-29,Big Bazar Retail,959.69,DEBIT,Groceries
2026-02-29,Flipkart,255.45,DEBIT,Shopping
2026-02-29,Ola,1037.19,DEBIT,Transport
2026-02-29,Ram's General store,887.22,DEBIT,Groceries
2026-02-29,Electricity,1612.82,DEBIT,Utilities
2026-02-29,Fresh Fruits & Veg Co.,499.54,DEBIT,Groceries
2026-02-29,Credit Card Bill,1921.55,DEBIT,Interest-Payments
2026-02-30,Credit Card Bill,1521.1,DEBIT,Interest-Payments
2026-02-30,Amazon Mrktplace,1224.33,DEBIT,Shopping
2026-02-30,Credit Card Bill,1005.64,DEBIT,Interest-Payments
2026-02-30,CityFlo,1163.65,DEBIT,Transport
2026-02-30,CityFlo,1914.48,DEBIT,Transport
2026-02-30,Ram's General store,901.26,DEBIT,Groceries
2026-02-30,CityFlo,1161.35,DEBIT,Transport
2026-02-30,Swiggy,403.57,DEBIT,Take-out
2026-02-30,Flipkart,526.83,DEBIT,Shopping
2026-02-30,Credit Card Bill,370.07,DEBIT,Interest-Payments
2026-02-30,Electricity,1231.83,DEBIT,Utilities
2026-02-30,Zomato,1736.94,DEBIT,Take-out
2026-03-01,Salary credited from CypherSOL,60000.0,CREDIT,Salary
2026-03-01,Amazon Mrktplace,1450.62,DEBIT,Shopping
2026-03-01,Uber,1160.34,DEBIT,Transport
2026-03-01,Loan Bill,678.88,DEBIT,Interest-Payments
2026-03-01,Ola,690.03,DEBIT,Transport
2026-03-01,Amazon Mrktplace,1023.5,DEBIT,Shopping
2026-03-01,Loan Bill,1408.07,DEBIT,Interest-Payments
2026-03-01,Big Bazar Retail,1745.82,DEBIT,Groceries
2026-03-01,Loan Bill,1826.21,DEBIT,Interest-Payments
2026-03-01,Swiggy,623.15,DEBIT,Take-out
2026-03-01,Credit Card Bill,425.07,DEBIT,Interest-Payments
2026-03-01,Swiggy,913.07,DEBIT,Take-out
2026-03-02,Fresh Fruits & Veg Co.,905.56,DEBIT,Groceries
2026-03-02,Swiggy,1777.04,DEBIT,Take-out
2026-03-02,Big Bazar Retail,271.39,DEBIT,Groceries
2026-03-02,Gas,1661.31,DEBIT,Utilities
2026-03-02,Ola,1830.63,DEBIT,Transport
2026-03-02,Ram's General store,1020.08,DEBIT,Groceries
2026-03-02,Zomato,1679.61,DEBIT,Take-out
2026-03-02,Big Bazar Retail,857.06,DEBIT,Groceries
2026-03-02,Fresh Fruits & Veg Co.,1633.71,DEBIT,Groceries
2026-03-02,Zomato,1382.13,DEBIT,Take-out
2026-03-02,Flipkart,404.43,DEBIT,Shopping
2026-03-02,Ram's General store,1797.76,DEBIT,Groceries
2026-03-02,Amazon Mrktplace,1529.41,DEBIT,Shopping
2026-03-02,Amazon Mrktplace,417.45,DEBIT,Shopping
2026-03-03,Credit Card Bill,720.07,DEBIT,Interest-Payments
2026-03-03,CityFlo,1883.4,DEBIT,Transport
2026-03-03,Big Bazar Retail,545.36,DEBIT,Groceries
2026-03-03,Gas,1756.13,DEBIT,Utilities
2026-03-03,Zomato,277.27,DEBIT,Take-out
2026-03-03,Zomato,293.68,DEBIT,Take-out
2026-03-03,Amazon Mrktplace,1976.82,DEBIT,Shopping
2026-03-03,Wifi-bill,887.39,DEBIT,Utilities
2026-03-03,Zomato,1949.28,DEBIT,Take-out
2026-03-03,Zomato,1848.61,DEBIT,Take-out
2026-03-03,Flipkart,1577.5,DEBIT,Shopping
2026-03-03,CityFlo,613.95,DEBIT,Transport
2026-03-03,Swiggy,484.15,DEBIT,Take-out
2026-03-03,Loan Bill,1604.43,DEBIT,Interest-Payments
2026-03-03,Amazon Mrktplace,1855.93,DEBIT,Shopping
2026-03-03,Flipkart,1996.15,DEBIT,Shopping
2026-03-03,CityFlo,1834.6,DEBIT,Transport
2026-03-03,Swiggy,1320.73,DEBIT,Take-out
2026-03-03,Ola,1134.01,DEBIT,Transport
2026-03-04,Zomato,851.24,DEBIT,Take-out
2026-03-04,Ram's General store,584.27,DEBIT,Groceries
2026-03-04,Fresh Fruits & Veg Co.,1905.25,DEBIT,Groceries
2026-03-04,Ola,1952.55,DEBIT,Transport
2026-03-04,Ram's General store,955.29,DEBIT,Groceries
2026-03-04,Ola,563.47,DEBIT,Transport
2026-03-04,Swiggy,1596.87,DEBIT,Take-out
2026-03-04,Wifi-bill,529.34,DEBIT,Utilities
2026-03-04,Ram's General store,1023.66,DEBIT,Groceries
2026-03-04,Uber,563.25,DEBIT,Transport
2026-03-04,Loan Bill,1435.03,DEBIT,Interest-Payments
2026-03-04,CityFlo,623.05,DEBIT,Transport
2026-03-04,Fresh Fruits & Veg Co.,513.68,DEBIT,Groceries
2026-03-04,Uber,640.96,DEBIT,Transport
2026-03-04,CityFlo,851.4,DEBIT,Transport
2026-03-04,Credit Card Bill,1339.76,DEBIT,Interest-Payments
2026-03-04,Ola,1486.66,DEBIT,Transport
2026-03-04,Ram's General store,1458.41,DEBIT,Groceries
2026-03-04,Electricity,308.06,DEBIT,Utilities
2026-03-04,Swiggy,1069.94,DEBIT,Take-out
2026-03-05,Ram's General store,528.35,DEBIT,Groceries
2026-03-05,Credit Card Bill,1486.37,DEBIT,Interest-Payments
2026-03-05,Amazon Mrktplace,395.71,DEBIT,Shopping
2026-03-05,Gas,441.32,DEBIT,Utilities
2026-03-05,Big Bazar Retail,707.87,DEBIT,Groceries
2026-03-05,CityFlo,925.22,DEBIT,Transport
2026-03-05,Flipkart,873.21,DEBIT,Shopping
2026-03-05,Ram's General store,1034.55,DEBIT,Groceries
2026-03-05,Credit Card Bill,1552.11,DEBIT,Interest-Payments
2026-03-05,Ola,477.3,DEBIT,Transport
2026-03-06,Flipkart,613.84,DEBIT,Shopping
2026-03-06,Flipkart,1174.9,DEBIT,Shopping
2026-03-06,Big Bazar Retail,1727.35,DEBIT,Groceries
2026-03-06,Wifi-bill,1967.32,DEBIT,Utilities
2026-03-06,Flipkart,1014.05,DEBIT,Shopping
2026-03-06,Wifi-bill,1963.59,DEBIT,Utilities
2026-03-06,Big Bazar Retail,1861.43,DEBIT,Groceries
2026-03-06,Ola,1512.7,DEBIT,Transport
2026-03-06,Credit Card Bill,1074.32,DEBIT,Interest-Payments
2026-03-06,Flipkart,1043.58,DEBIT,Shopping
2026-03-06,Ram's General store,1077.84,DEBIT,Groceries
2026-03-07,Loan Bill,644.13,DEBIT,Interest-Payments
2026-03-07,Electricity,239.93,DEBIT,Utilities
2026-03-07,Swiggy,1814.32,DEBIT,Take-out
2026-03-07,Uber,1330.1,DEBIT,Transport
2026-03-07,Loan Bill,1091.45,DEBIT,Interest-Payments
2026-03-07,Loan Bill,1621.12,DEBIT,Interest-Payments
2026-03-07,Loan Bill,1036.28,DEBIT,Interest-Payments
2026-03-07,Ram's General store,1540.64,DEBIT,Groceries
2026-03-07,Ram's General store,1487.7,DEBIT,Groceries
2026-03-07,Fresh Fruits & Veg Co.,1661.5,DEBIT,Groceries
2026-03-07,Flipkart,734.78,DEBIT,Shopping
2026-03-07,Zomato,1744.4,DEBIT,Take-out
2026-03-07,Loan Bill,459.04,DEBIT,Interest-Payments
2026-03-07,Wifi-bill,1725.0,DEBIT,Utilities
2026-03-07,Credit Card Bill,344.63,DEBIT,Interest-Payments
2026-03-08,Amazon Mrktplace,1050.46,DEBIT,Shopping
2026-03-08,Big Bazar Retail,1092.75,DEBIT,Groceries
2026-03-08,Ram's General store,863.27,DEBIT,Groceries
2026-03-08,Ram's General store,982.53,DEBIT,Groceries
2026-03-08,Flipkart,1967.48,DEBIT,Shopping
2026-03-08,Amazon Mrktplace,1879.07,DEBIT,Shopping
2026-03-08,Credit Card Bill,1778.44,DEBIT,Interest-Payments
2026-03-08,Credit Card Bill,273.16,DEBIT,Interest-Payments
2026-03-08,Loan Bill,1041.9,DEBIT,Interest-Payments
2026-03-08,Amazon Mrktplace,1601.79,DEBIT,Shopping
2026-03-08,Loan Bill,541.07,DEBIT,Interest-Payments
2026-03-08,Swiggy,595.86,DEBIT,Take-out
2026-03-08,Loan Bill,923.15,DEBIT,Interest-Payments
2026-03-08,Zomato,416.0,DEBIT,Take-out
2026-03-09,Loan Bill,1775.93,DEBIT,Interest-Payments
2026-03-09,Loan Bill,334.68,DEBIT,Interest-Payments
2026-03-09,Big Bazar Retail,566.51,DEBIT,Groceries
2026-03-09,Wifi-bill,374.9,DEBIT,Utilities
2026-03-09,Amazon Mrktplace,1576.39,DEBIT,Shopping
2026-03-09,Ram's General store,922.77,DEBIT,Groceries
2026-03-09,Gas,1425.67,DEBIT,Utilities
2026-03-09,Amazon Mrktplace,1601.64,DEBIT,Shopping
2026-03-09,Flipkart,1283.11,DEBIT,Shopping
2026-03-09,Electricity,271.01,DEBIT,Utilities
2026-03-09,Flipkart,531.29,DEBIT,Shopping
2026-03-09,Uber,481.18,DEBIT,Transport
2026-03-10,Credit Card Bill,1456.83,DEBIT,Interest-Payments
2026-03-10,Credit Card Bill,1545.71,DEBIT,Interest-Payments
2026-03-10,Zomato,1841.25,DEBIT,Take-out
2026-03-10,Fresh Fruits & Veg Co.,1104.19,DEBIT,Groceries
2026-03-10,CityFlo,1701.79,DEBIT,Transport
2026-03-10,Electricity,520.06,DEBIT,Utilities
2026-03-10,Gas,590.82,DEBIT,Utilities
2026-03-10,Loan Bill,1964.74,DEBIT,Interest-Payments
2026-03-10,Swiggy,498.15,DEBIT,Take-out
2026-03-10,Electricity,1289.35,DEBIT,Utilities
2026-03-10,CityFlo,204.99,DEBIT,Transport
2026-03-10,Zomato,1480.15,DEBIT,Take-out
2026-03-10,Ram's General store,906.84,DEBIT,Groceries
2026-03-11,Swiggy,1861.06,DEBIT,Take-out
2026-03-11,Swiggy,1986.79,DEBIT,Take-out
2026-03-11,Uber,431.98,DEBIT,Transport
2026-03-11,Wifi-bill,1782.92,DEBIT,Utilities
2026-03-11,Ram's General store,727.87,DEBIT,Groceries
2026-03-11,Loan Bill,246.65,DEBIT,Interest-Payments
2026-03-11,Loan Bill,1838.77,DEBIT,Interest-Payments
2026-03-11,Flipkart,1431.73,DEBIT,Shopping
2026-03-11,Uber,978.71,DEBIT,Transport
2026-03-11,Amazon Mrktplace,1515.43,DEBIT,Shopping
2026-03-11,Big Bazar Retail,1473.8,DEBIT,Groceries
2026-03-11,CityFlo,766.47,DEBIT,Transport
2026-03-11,Electricity,484.82,DEBIT,Utilities
2026-03-11,Swiggy,576.08,DEBIT,Take-out
2026-03-11,Fresh Fruits & Veg Co.,1859.25,DEBIT,Groceries
2026-03-11,Wifi-bill,1078.7,DEBIT,Utilities
2026-03-11,Ram's General store,854.07,DEBIT,Groceries
2026-03-11,Amazon Mrktplace,1042.55,DEBIT,Shopping
2026-03-12,Swiggy,1880.17,DEBIT,Take-out
2026-03-12,Loan Bill,303.51,DEBIT,Interest-Payments
2026-03-12,Wifi-bill,1827.25,DEBIT,Utilities
2026-03-12,Ola,1884.57,DEBIT,Transport
2026-03-12,Amazon Mrktplace,378.38,DEBIT,Shopping
2026-03-12,Amazon Mrktplace,948.09,DEBIT,Shopping
2026-03-12,Ram's General store,218.73,DEBIT,Groceries
2026-03-12,Zomato,373.31,DEBIT,Take-out
2026-03-12,Uber,1813.04,DEBIT,Transport
2026-03-12,Ola,1208.0,DEBIT,Transport
2026-03-12,Flipkart,1647.84,DEBIT,Shopping
2026-03-12,Zomato,581.4,DEBIT,Take-out
2026-03-12,Zomato,1089.97,DEBIT,Take-out
2026-03-12,Zomato,1586.43,DEBIT,Take-out
2026-03-12,Gas,698.46,DEBIT,Utilities
2026-03-12,CityFlo,755.26,DEBIT,Transport
2026-03-12,Wifi-bill,1485.87,DEBIT,Utilities
2026-03-13,Zomato,765.31,DEBIT,Take-out
2026-03-13,Credit Card Bill,1955.4,DEBIT,Interest-Payments
2026-03-13,Big Bazar Retail,735.93,DEBIT,Groceries
2026-03-13,CityFlo,1057.8,DEBIT,Transport
2026-03-13,Ola,1884.5,DEBIT,Transport
2026-03-13,Credit Card Bill,484.16,DEBIT,Interest-Payments
2026-03-13,Ola,1595.36,DEBIT,Transport
2026-03-13,Flipkart,283.25,DEBIT,Shopping
2026-03-13,Big Bazar Retail,956.74,DEBIT,Groceries
2026-03-13,Electricity,991.26,DEBIT,Utilities
2026-03-13,CityFlo,1332.49,DEBIT,Transport
2026-03-13,Amazon Mrktplace,1434.59,DEBIT,Shopping
2026-03-13,Loan Bill,1598.35,DEBIT,Interest-Payments
2026-03-13,Amazon Mrktplace,1177.48,DEBIT,Shopping
2026-03-13,Credit Card Bill,1009.55,DEBIT,Interest-Payments
2026-03-13,Ram's General store,1455.67,DEBIT,Groceries
2026-03-14,Credit Card Bill,946.4,DEBIT,Interest-Payments
2026-03-14,Zomato,1544.96,DEBIT,Take-out
2026-03-14,Flipkart,1653.8,DEBIT,Shopping
2026-03-14,Fresh Fruits & Veg Co.,231.32,DEBIT,Groceries
2026-03-14,CityFlo,1834.6,DEBIT,Transport
2026-03-14,Gas,1858.49,DEBIT,Utilities
2026-03-14,Electricity,1564.94,DEBIT,Utilities
2026-03-14,Swiggy,836.98,DEBIT,Take-out
2026-03-15,Refund credited from Amazon,310.2,CREDIT,Refund
2026-03-15,Refund credited from Amazon,822.09,CREDIT,Refund
2026-03-15,Fresh Fruits & Veg Co.,726.74,DEBIT,Groceries
2026-03-15,Loan Bill,1872.92,DEBIT,Interest-Payments
2026-03-15,Swiggy,1681.68,DEBIT,Take-out
2026-03-15,Gas,912.93,DEBIT,Utilities
2026-03-15,Zomato,1535.76,DEBIT,Take-out
2026-03-15,Loan Bill,1222.78,DEBIT,Interest-Payments
2026-03-15,CityFlo,855.7,DEBIT,Transport
2026-03-15,Gas,1019.24,DEBIT,Utilities
2026-03-15,Flipkart,483.26,DEBIT,Shopping
2026-03-15,CityFlo,982.32,DEBIT,Transport
2026-03-15,Loan Bill,941.98,DEBIT,Interest-Payments
2026-03-15,Loan Bill,1135.18,DEBIT,Interest-Payments
2026-03-15,Fresh Fruits & Veg Co.,959.63,DEBIT,Groceries
2026-03-16,Electricity,1948.14,DEBIT,Utilities
2026-03-16,Loan Bill,1574.05,DEBIT,Interest-Payments
2026-03-16,Flipkart,1107.16,DEBIT,Shopping
2026-03-16,Loan Bill,622.91,DEBIT,Interest-Payments
2026-03-16,Wifi-bill,720.03,DEBIT,Utilities
2026-03-16,Wifi-bill,683.22,DEBIT,Utilities
2026-03-16,Loan Bill,1379.02,DEBIT,Interest-Payments
2026-03-16,CityFlo,1394.1,DEBIT,Transport
2026-03-16,Fresh Fruits & Veg Co.,888.58,DEBIT,Groceries
2026-03-16,Amazon Mrktplace,1253.99,DEBIT,Shopping
2026-03-16,Loan Bill,1852.96,DEBIT,Interest-Payments
2026-03-16,Credit Card Bill,727.79,DEBIT,Interest-Payments
2026-03-16,Wifi-bill,576.6,DEBIT,Utilities
2026-03-16,Gas,1169.38,DEBIT,Utilities
2026-03-16,Uber,629.56,DEBIT,Transport
2026-03-16,Big Bazar Retail,1833.2,DEBIT,Groceries
2026-03-16,Loan Bill,696.36,DEBIT,Interest-Payments
2026-03-16,Credit Card Bill,704.29,DEBIT,Interest-Payments
2026-03-16,Gas,1026.49,DEBIT,Utilities
2026-03-16,Zomato,1532.71,DEBIT,Take-out
2026-03-16,Zomato,1307.92,DEBIT,Take-out
2026-03-17,Wifi-bill,1575.49,DEBIT,Utilities
2026-03-17,Ram's General store,394.65,DEBIT,Groceries
2026-03-17,Zomato,808.91,DEBIT,Take-out
2026-03-17,Credit Card Bill,965.17,DEBIT,Interest-Payments
2026-03-17,Fresh Fruits & Veg Co.,602.91,DEBIT,Groceries
2026-03-17,Gas,379.63,DEBIT,Utilities
2026-03-17,Big Bazar Retail,535.08,DEBIT,Groceries
2026-03-17,Ola,656.48,DEBIT,Transport
2026-03-17,Electricity,935.49,DEBIT,Utilities
2026-03-17,Loan Bill,981.98,DEBIT,Interest-Payments
2026-03-17,Ola,1579.61,DEBIT,Transport
2026-03-17,Uber,1170.69,DEBIT,Transport
2026-03-17,Gas,211.91,DEBIT,Utilities
2026-03-17,Swiggy,1436.93,DEBIT,Take-out
2026-03-17,Loan Bill,1385.06,DEBIT,Interest-Payments
2026-03-17,Credit Card Bill,710.11,DEBIT,Interest-Payments
2026-03-17,Uber,1061.47,DEBIT,Transport
2026-03-17,Amazon Mrktplace,884.58,DEBIT,Shopping
2026-03-17,Credit Card Bill,1758.46,DEBIT,Interest-Payments
2026-03-18,Fresh Fruits & Veg Co.,634.71,DEBIT,Groceries
2026-03-18,Gas,276.46,DEBIT,Utilities
2026-03-18,CityFlo,1227.47,DEBIT,Transport
2026-03-18,Big Bazar Retail,1330.25,DEBIT,Groceries
2026-03-18,Fresh Fruits & Veg Co.,1183.26,DEBIT,Groceries
2026-03-18,Ola,1516.4,DEBIT,Transport
2026-03-18,Electricity,909.24,DEBIT,Utilities
2026-03-18,Zomato,859.24,DEBIT,Take-out
2026-03-18,Credit Card Bill,1887.8,DEBIT,Interest-Payments
2026-03-18,Ram's General store,1152.18,DEBIT,Groceries
2026-03-18,Flipkart,1504.02,DEBIT,Shopping
2026-03-19,Uber,1542.42,DEBIT,Transport
2026-03-19,Zomato,213.65,DEBIT,Take-out
2026-03-19,Swiggy,1380.77,DEBIT,Take-out
2026-03-19,CityFlo,1466.68,DEBIT,Transport
2026-03-19,Amazon Mrktplace,522.61,DEBIT,Shopping
2026-03-19,Credit Card Bill,1135.02,DEBIT,Interest-Payments
2026-03-19,Amazon Mrktplace,239.77,DEBIT,Shopping
2026-03-19,Big Bazar Retail,1975.4,DEBIT,Groceries
2026-03-19,Loan Bill,1315.58,DEBIT,Interest-Payments
2026-03-19,Flipkart,599.43,DEBIT,Shopping
2026-03-19,Fresh Fruits & Veg Co.,1897.31,DEBIT,Groceries
2026-03-19,Ram's General store,1497.87,DEBIT,Groceries
2026-03-19,Loan Bill,1690.5,DEBIT,Interest-Payments
2026-03-19,Flipkart,1516.13,DEBIT,Shopping
2026-03-20,Amazon Mrktplace,1821.81,DEBIT,Shopping
2026-03-20,Big Bazar Retail,1213.62,DEBIT,Groceries
2026-03-20,Electricity,1609.18,DEBIT,Utilities
2026-03-20,Credit Card Bill,1540.51,DEBIT,Interest-Payments
2026-03-20,Uber,1238.67,DEBIT,Transport
2026-03-20,Ola,1074.8,DEBIT,Transport
2026-03-20,Credit Card Bill,728.13,DEBIT,Interest-Payments
2026-03-20,Wifi-bill,1291.65,DEBIT,Utilities
2026-03-20,Ram's General store,1592.65,DEBIT,Groceries
2026-03-20,Big Bazar Retail,823.62,DEBIT,Groceries
2026-03-20,Fresh Fruits & Veg Co.,1246.51,DEBIT,Groceries
2026-03-20,Zomato,1378.34,DEBIT,Take-out
2026-03-20,Amazon Mrktplace,962.02,DEBIT,Shopping
2026-03-20,Flipkart,1961.78,DEBIT,Shopping
2026-03-20,Loan Bill,1656.1,DEBIT,Interest-Payments
2026-03-20,Gas,1693.33,DEBIT,Utilities
2026-03-20,Electricity,773.04,DEBIT,Utilities
2026-03-20,Zomato,1966.17,DEBIT,Take-out
2026-03-20,Credit Card Bill,219.8,DEBIT,Interest-Payments
2026-03-20,Swiggy,465.6,DEBIT,Take-out
2026-03-20,Wifi-bill,436.32,DEBIT,Utilities
2026-03-20,Zomato,1960.8,DEBIT,Take-out
2026-03-20,Flipkart,1104.16,DEBIT,Shopping
2026-03-21,Amazon Mrktplace,754.26,DEBIT,Shopping
2026-03-21,Ola,1433.94,DEBIT,Transport
2026-03-21,Gas,259.49,DEBIT,Utilities
2026-03-21,Fresh Fruits & Veg Co.,210.88,DEBIT,Groceries
2026-03-21,Ram's General store,494.57,DEBIT,Groceries
2026-03-21,Flipkart,1659.67,DEBIT,Shopping
2026-03-21,Flipkart,942.54,DEBIT,Shopping
2026-03-21,Amazon Mrktplace,1136.93,DEBIT,Shopping
2026-03-21,Loan Bill,208.89,DEBIT,Interest-Payments
2026-03-22,CityFlo,752.58,DEBIT,Transport
2026-03-22,Zomato,1644.9,DEBIT,Take-out
2026-03-22,Wifi-bill,454.51,DEBIT,Utilities
2026-03-22,Ram's General store,859.64,DEBIT,Groceries
2026-03-22,Fresh Fruits & Veg Co.,1072.89,DEBIT,Groceries
2026-03-22,Big Bazar Retail,1218.88,DEBIT,Groceries
2026-03-22,Ram's General store,595.28,DEBIT,Groceries
2026-03-22,Zomato,719.75,DEBIT,Take-out
2026-03-22,Flipkart,1252.53,DEBIT,Shopping
2026-03-22,Flipkart,1215.75,DEBIT,Shopping
2026-03-22,CityFlo,425.15,DEBIT,Transport
2026-03-22,Zomato,1025.25,DEBIT,Take-out
2026-03-23,Ola,232.16,DEBIT,Transport
2026-03-23,Ola,1085.23,DEBIT,Transport
2026-03-23,Electricity,1329.25,DEBIT,Utilities
2026-03-23,Loan Bill,507.82,DEBIT,Interest-Payments
2026-03-23,CityFlo,1465.29,DEBIT,Transport
2026-03-23,Zomato,716.4,DEBIT,Take-out
2026-03-23,Big Bazar Retail,773.01,DEBIT,Groceries
2026-03-23,Electricity,1584.84,DEBIT,Utilities
2026-03-23,Ola,296.17,DEBIT,Transport
2026-03-23,Ola,1476.62,DEBIT,Transport
2026-03-23,Uber,227.56,DEBIT,Transport
2026-03-23,Ola,818.42,DEBIT,Transport
2026-03-23,Flipkart,1116.34,DEBIT,Shopping
2026-03-23,CityFlo,1023.44,DEBIT,Transport
2026-03-23,Uber,919.6,DEBIT,Transport
2026-03-23,Fresh Fruits & Veg Co.,995.84,DEBIT,Groceries
2026-03-24,Fresh Fruits & Veg Co.,359.33,DEBIT,Groceries
2026-03-24,Big Bazar Retail,1066.69,DEBIT,Groceries
2026-03-24,CityFlo,1470.0,DEBIT,Transport
2026-03-24,Uber,1743.91,DEBIT,Transport
2026-03-24,Loan Bill,1514.59,DEBIT,Interest-Payments
2026-03-24,Amazon Mrktplace,591.05,DEBIT,Shopping
2026-03-24,Amazon Mrktplace,1539.4,DEBIT,Shopping
2026-03-24,Ola,1388.71,DEBIT,Transport
2026-03-24,Big Bazar Retail,1187.62,DEBIT,Groceries
2026-03-25,Loan Bill,1544.75,DEBIT,Interest-Payments
2026-03-25,Zomato,728.33,DEBIT,Take-out
2026-03-25,Zomato,1832.34,DEBIT,Take-out
2026-03-25,Amazon Mrktplace,595.17,DEBIT,Shopping
2026-03-25,Flipkart,731.44,DEBIT,Shopping
2026-03-25,Credit Card Bill,1068.73,DEBIT,Interest-Payments
2026-03-25,Zomato,345.45,DEBIT,Take-out
2026-03-25,Zomato,1916.33,DEBIT,Take-out
2026-03-25,CityFlo,1577.89,DEBIT,Transport
2026-03-25,Amazon Mrktplace,641.03,DEBIT,Shopping
2026-03-26,Big Bazar Retail,780.07,DEBIT,Groceries
2026-03-26,Zomato,1997.41,DEBIT,Take-out
2026-03-26,Electricity,553.75,DEBIT,Utilities
2026-03-26,Gas,1648.73,DEBIT,Utilities
2026-03-26,Credit Card Bill,1253.22,DEBIT,Interest-Payments
2026-03-26,CityFlo,347.78,DEBIT,Transport
2026-03-26,Uber,581.59,DEBIT,Transport
2026-03-26,Ola,1962.48,DEBIT,Transport
2026-03-26,Zomato,1961.67,DEBIT,Take-out
2026-03-26,Ram's General store,411.71,DEBIT,Groceries
2026-03-26,CityFlo,495.24,DEBIT,Transport
2026-03-27,Wifi-bill,479.11,DEBIT,Utilities
2026-03-27,Electricity,1417.14,DEBIT,Utilities
2026-03-27,Ram's General store,1661.11,DEBIT,Groceries
2026-03-27,Credit Card Bill,1622.52,DEBIT,Interest-Payments
2026-03-27,Swiggy,1154.21,DEBIT,Take-out
2026-03-27,Fresh Fruits & Veg Co.,1542.15,DEBIT,Groceries
2026-03-27,Zomato,982.1,DEBIT,Take-out
2026-03-27,Big Bazar Retail,770.31,DEBIT,Groceries
2026-03-27,Uber,514.52,DEBIT,Transport
2026-03-27,Credit Card Bill,1990.82,DEBIT,Interest-Payments
2026-03-27,Ram's General store,860.65,DEBIT,Groceries
2026-03-27,Ola,1815.92,DEBIT,Transport
2026-03-27,Loan Bill,312.73,DEBIT,Interest-Payments
2026-03-27,Gas,1701.29,DEBIT,Utilities
2026-03-27,CityFlo,1164.82,DEBIT,Transport
2026-03-27,Ola,412.82,DEBIT,Transport
2026-03-28,CityFlo,1851.73,DEBIT,Transport
2026-03-28,Amazon Mrktplace,840.89,DEBIT,Shopping
2026-03-28,Gas,491.5,DEBIT,Utilities
2026-03-28,Gas,754.82,DEBIT,Utilities
2026-03-28,Big Bazar Retail,365.75,DEBIT,Groceries
2026-03-28,Ola,1651.74,DEBIT,Transport
2026-03-28,Ram's General store,1396.3,DEBIT,Groceries
2026-03-28,Amazon Mrktplace,247.47,DEBIT,Shopping
2026-03-28,CityFlo,280.7,DEBIT,Transport
2026-03-28,Electricity,335.79,DEBIT,Utilities
2026-03-28,Credit Card Bill,1805.01,DEBIT,Interest-Payments
2026-03-28,Amazon Mrktplace,546.23,DEBIT,Shopping
2026-03-28,Wifi-bill,1420.66,DEBIT,Utilities
2026-03-28,Wifi-bill,1214.94,DEBIT,Utilities
2026-03-28,Uber,587.21,DEBIT,Transport
2026-03-29,Credit Card Bill,550.78,DEBIT,Interest-Payments
2026-03-29,Fresh Fruits & Veg Co.,1835.47,DEBIT,Groceries
2026-03-29,Gas,425.0,DEBIT,Utilities
2026-03-29,Flipkart,1350.91,DEBIT,Shopping
2026-03-29,Fresh Fruits & Veg Co.,461.52,DEBIT,Groceries
2026-03-29,Zomato,349.3,DEBIT,Take-out
2026-03-29,Wifi-bill,1381.94,DEBIT,Utilities
2026-03-29,Amazon Mrktplace,962.59,DEBIT,Shopping
2026-03-29,Flipkart,1278.02,DEBIT,Shopping
2026-03-29,Swiggy,1792.82,DEBIT,Take-out
2026-03-30,Ram's General store,278.46,DEBIT,Groceries
2026-03-30,Flipkart,1167.74,DEBIT,Shopping
2026-03-30,Loan Bill,356.96,DEBIT,Interest-Payments
2026-03-30,Zomato,1035.75,DEBIT,Take-out
2026-03-30,Zomato,1173.01,DEBIT,Take-out
2026-03-30,Credit Card Bill,1762.61,DEBIT,Interest-Payments
2026-03-30,Amazon Mrktplace,1078.89,DEBIT,Shopping
2026-04-01,Salary credited from CypherSOL,60000.0,CREDIT,Salary
2026-04-01,Amazon Mrktplace,958.72,DEBIT,Shopping
2026-04-01,Ola,265.21,DEBIT,Transport
2026-04-01,Loan Bill,542.51,DEBIT,Interest-Payments
2026-04-01,Zomato,577.92,DEBIT,Take-out
2026-04-01,Swiggy,1407.81,DEBIT,Take-out
2026-04-01,Swiggy,1030.39,DEBIT,Take-out
2026-04-01,Electricity,1541.92,DEBIT,Utilities
2026-04-01,Loan Bill,1623.04,DEBIT,Interest-Payments
2026-04-01,Credit Card Bill,1631.93,DEBIT,Interest-Payments
2026-04-01,Loan Bill,1642.51,DEBIT,Interest-Payments
2026-04-01,Electricity,1049.85,DEBIT,Utilities
2026-04-01,Fresh Fruits & Veg Co.,724.54,DEBIT,Groceries
2026-04-01,Flipkart,1280.58,DEBIT,Shopping
2026-04-01,Flipkart,1849.13,DEBIT,Shopping
2026-04-01,Big Bazar Retail,1684.0,DEBIT,Groceries
2026-04-01,Ram's General store,1319.95,DEBIT,Groceries
2026-04-02,Fresh Fruits & Veg Co.,1377.35,DEBIT,Groceries
2026-04-02,Wifi-bill,792.78,DEBIT,Utilities
2026-04-02,CityFlo,1665.4,DEBIT,Transport
2026-04-02,Swiggy,398.0,DEBIT,Take-out
2026-04-02,CityFlo,1431.74,DEBIT,Transport
2026-04-02,Amazon Mrktplace,711.59,DEBIT,Shopping
2026-04-02,Credit Card Bill,1137.27,DEBIT,Interest-Payments
2026-04-02,Credit Card Bill,1721.96,DEBIT,Interest-Payments
2026-04-02,Electricity,1572.92,DEBIT,Utilities
2026-04-02,Credit Card Bill,1822.45,DEBIT,Interest-Payments
2026-04-02,Uber,1757.12,DEBIT,Transport
2026-04-02,Wifi-bill,1407.97,DEBIT,Utilities
2026-04-02,Loan Bill,565.66,DEBIT,Interest-Payments
2026-04-02,Ola,1056.5,DEBIT,Transport
2026-04-02,Big Bazar Retail,536.37,DEBIT,Groceries
2026-04-03,Amazon Mrktplace,1595.14,DEBIT,Shopping
2026-04-03,Zomato,927.57,DEBIT,Take-out
2026-04-03,CityFlo,1178.99,DEBIT,Transport
2026-04-03,Gas,1155.11,DEBIT,Utilities
2026-04-03,Ram's General store,977.26,DEBIT,Groceries
2026-04-03,Flipkart,911.85,DEBIT,Shopping
2026-04-03,Fresh Fruits & Veg Co.,1276.33,DEBIT,Groceries
2026-04-03,Zomato,1396.43,DEBIT,Take-out
2026-04-04,Big Bazar Retail,1309.65,DEBIT,Groceries
2026-04-04,Flipkart,440.67,DEBIT,Shopping
2026-04-04,Uber,879.87,DEBIT,Transport
2026-04-04,Credit Card Bill,490.56,DEBIT,Interest-Payments
2026-04-04,Gas,1250.7,DEBIT,Utilities
2026-04-04,Flipkart,1623.65,DEBIT,Shopping
2026-04-04,Gas,1116.06,DEBIT,Utilities
2026-04-04,Swiggy,351.84,DEBIT,Take-out
2026-04-04,Ola,574.18,DEBIT,Transport
2026-04-04,Amazon Mrktplace,1746.91,DEBIT,Shopping
2026-04-04,Gas,390.39,DEBIT,Utilities
2026-04-04,Swiggy,1604.04,DEBIT,Take-out
2026-04-04,Ram's General store,1762.78,DEBIT,Groceries
2026-04-04,Amazon Mrktplace,349.8,DEBIT,Shopping
2026-04-04,Zomato,1668.66,DEBIT,Take-out
2026-04-05,Ram's General store,1007.97,DEBIT,Groceries
2026-04-05,Zomato,1869.49,DEBIT,Take-out
2026-04-05,Credit Card Bill,1090.42,DEBIT,Interest-Payments
2026-04-05,Loan Bill,1578.33,DEBIT,Interest-Payments
2026-04-05,Gas,942.43,DEBIT,Utilities
2026-04-05,Ola,1972.98,DEBIT,Transport
2026-04-05,Uber,897.68,DEBIT,Transport
2026-04-05,CityFlo,692.46,DEBIT,Transport
2026-04-05,Amazon Mrktplace,258.78,DEBIT,Shopping
2026-04-06,Zomato,1845.76,DEBIT,Take-out
2026-04-06,CityFlo,937.75,DEBIT,Transport
2026-04-06,Big Bazar Retail,319.21,DEBIT,Groceries
2026-04-06,Credit Card Bill,267.96,DEBIT,Interest-Payments
2026-04-06,Swiggy,1099.2,DEBIT,Take-out
2026-04-06,Uber,986.14,DEBIT,Transport
2026-04-06,Uber,352.37,DEBIT,Transport
2026-04-06,Amazon Mrktplace,334.8,DEBIT,Shopping
2026-04-06,Uber,913.57,DEBIT,Transport
2026-04-06,Loan Bill,1430.86,DEBIT,Interest-Payments
2026-04-06,Loan Bill,592.13,DEBIT,Interest-Payments
2026-04-06,Wifi-bill,204.23,DEBIT,Utilities
2026-04-06,Swiggy,914.79,DEBIT,Take-out
2026-04-06,Fresh Fruits & Veg Co.,451.96,DEBIT,Groceries
2026-04-06,Zomato,1906.94,DEBIT,Take-out
2026-04-06,Zomato,1331.47,DEBIT,Take-out
2026-04-06,Ram's General store,1373.71,DEBIT,Groceries
2026-04-07,Refund credited from Amazon,305.1,CREDIT,Refund
2026-04-07,Gas,835.57,DEBIT,Utilities
2026-04-07,Credit Card Bill,285.88,DEBIT,Interest-Payments
2026-04-07,Uber,651.09,DEBIT,Transport
2026-04-07,CityFlo,1221.08,DEBIT,Transport
2026-04-07,Loan Bill,413.01,DEBIT,Interest-Payments
2026-04-07,Zomato,216.83,DEBIT,Take-out
2026-04-07,Electricity,1565.59,DEBIT,Utilities
2026-04-07,Flipkart,946.91,DEBIT,Shopping
2026-04-07,Electricity,1501.16,DEBIT,Utilities
2026-04-07,Ola,1552.73,DEBIT,Transport
2026-04-07,Ola,1430.59,DEBIT,Transport
2026-04-07,Uber,265.8,DEBIT,Transport
2026-04-07,Wifi-bill,1360.44,DEBIT,Utilities
2026-04-07,Credit Card Bill,1532.23,DEBIT,Interest-Payments
2026-04-08,Uber,1402.28,DEBIT,Transport
2026-04-08,Ola,1972.4,DEBIT,Transport
2026-04-08,CityFlo,1500.18,DEBIT,Transport
2026-04-08,Wifi-bill,666.08,DEBIT,Utilities
2026-04-08,Swiggy,1559.22,DEBIT,Take-out
2026-04-08,Amazon Mrktplace,1402.08,DEBIT,Shopping
2026-04-08,Gas,1945.98,DEBIT,Utilities
2026-04-08,Ram's General store,1877.27,DEBIT,Groceries
2026-04-08,Swiggy,449.18,DEBIT,Take-out
2026-04-08,Ram's General store,685.7,DEBIT,Groceries
2026-04-08,Ram's General store,1781.3,DEBIT,Groceries
2026-04-08,Uber,1998.56,DEBIT,Transport
2026-04-08,Amazon Mrktplace,1841.82,DEBIT,Shopping
2026-04-08,Uber,1503.38,DEBIT,Transport
2026-04-08,Fresh Fruits & Veg Co.,390.14,DEBIT,Groceries
2026-04-08,Loan Bill,1196.12,DEBIT,Interest-Payments
2026-04-08,Fresh Fruits & Veg Co.,399.6,DEBIT,Groceries
2026-04-08,Loan Bill,1241.52,DEBIT,Interest-Payments
2026-04-08,Electricity,1989.05,DEBIT,Utilities
2026-04-08,Flipkart,1581.23,DEBIT,Shopping
2026-04-08,Flipkart,1479.22,DEBIT,Shopping
2026-04-08,Gas,679.15,DEBIT,Utilities
2026-04-09,Gas,1663.74,DEBIT,Utilities
2026-04-09,Amazon Mrktplace,1850.51,DEBIT,Shopping
2026-04-09,Ram's General store,1190.28,DEBIT,Groceries
2026-04-09,Flipkart,205.86,DEBIT,Shopping
2026-04-09,Uber,522.8,DEBIT,Transport
2026-04-09,Ram's General store,237.14,DEBIT,Groceries
2026-04-09,Amazon Mrktplace,1965.65,DEBIT,Shopping
2026-04-09,CityFlo,712.38,DEBIT,Transport
2026-04-09,Electricity,736.32,DEBIT,Utilities
2026-04-09,Wifi-bill,1586.99,DEBIT,Utilities
2026-04-09,Amazon Mrktplace,352.57,DEBIT,Shopping
2026-04-09,Wifi-bill,637.37,DEBIT,Utilities
2026-04-09,Amazon Mrktplace,290.85,DEBIT,Shopping
2026-04-09,Ola,493.18,DEBIT,Transport
2026-04-09,Uber,1161.65,DEBIT,Transport
2026-04-10,Electricity,1707.08,DEBIT,Utilities
2026-04-10,Credit Card Bill,274.02,DEBIT,Interest-Payments
2026-04-10,Flipkart,633.68,DEBIT,Shopping
2026-04-10,Fresh Fruits & Veg Co.,1729.82,DEBIT,Groceries
2026-04-10,Swiggy,1762.41,DEBIT,Take-out
2026-04-10,Zomato,724.9,DEBIT,Take-out
2026-04-10,Wifi-bill,1256.53,DEBIT,Utilities
2026-04-10,Credit Card Bill,1722.74,DEBIT,Interest-Payments
2026-04-10,Amazon Mrktplace,1752.15,DEBIT,Shopping
2026-04-10,Flipkart,1639.46,DEBIT,Shopping
2026-04-10,Flipkart,1105.64,DEBIT,Shopping
2026-04-10,Wifi-bill,525.96,DEBIT,Utilities
2026-04-10,Big Bazar Retail,228.18,DEBIT,Groceries
2026-04-10,Flipkart,525.28,DEBIT,Shopping
2026-04-11,Wifi-bill,1847.48,DEBIT,Utilities
2026-04-11,Ola,821.42,DEBIT,Transport
2026-04-11,Loan Bill,281.03,DEBIT,Interest-Payments
2026-04-11,Ram's General store,262.75,DEBIT,Groceries
2026-04-11,Loan Bill,1319.49,DEBIT,Interest-Payments
2026-04-11,Zomato,1579.05,DEBIT,Take-out
2026-04-11,Credit Card Bill,354.43,DEBIT,Interest-Payments
2026-04-11,Loan Bill,511.19,DEBIT,Interest-Payments
2026-04-11,Gas,953.76,DEBIT,Utilities
2026-04-11,Electricity,616.74,DEBIT,Utilities
2026-04-11,Gas,900.96,DEBIT,Utilities
2026-04-11,Zomato,1988.3,DEBIT,Take-out
2026-04-11,Zomato,870.28,DEBIT,Take-out
2026-04-11,Big Bazar Retail,1082.13,DEBIT,Groceries
2026-04-11,CityFlo,843.25,DEBIT,Transport
2026-04-11,Amazon Mrktplace,685.17,DEBIT,Shopping
2026-04-12,Big Bazar Retail,402.65,DEBIT,Groceries
2026-04-12,Amazon Mrktplace,1948.18,DEBIT,Shopping
2026-04-12,Swiggy,881.95,DEBIT,Take-out
2026-04-12,Amazon Mrktplace,1528.42,DEBIT,Shopping
2026-04-12,Uber,654.08,DEBIT,Transport
2026-04-12,Amazon Mrktplace,1246.64,DEBIT,Shopping
2026-04-12,Uber,1048.42,DEBIT,Transport
2026-04-12,Flipkart,1340.37,DEBIT,Shopping
2026-04-13,Amazon Mrktplace,1804.55,DEBIT,Shopping
2026-04-13,Electricity,1827.26,DEBIT,Utilities
2026-04-13,Ola,1939.1,DEBIT,Transport
2026-04-13,Zomato,1187.94,DEBIT,Take-out
2026-04-13,Swiggy,1437.28,DEBIT,Take-out
2026-04-13,Ram's General store,1747.05,DEBIT,Groceries
2026-04-13,Fresh Fruits & Veg Co.,1562.06,DEBIT,Groceries
2026-04-13,Big Bazar Retail,1373.57,DEBIT,Groceries
2026-04-13,Loan Bill,1263.08,DEBIT,Interest-Payments
2026-04-13,Flipkart,1723.69,DEBIT,Shopping
2026-04-13,Gas,676.16,DEBIT,Utilities
2026-04-14,Credit Card Bill,216.53,DEBIT,Interest-Payments
2026-04-14,CityFlo,438.45,DEBIT,Transport
2026-04-14,Uber,387.18,DEBIT,Transport
2026-04-14,Gas,612.41,DEBIT,Utilities
2026-04-14,Zomato,1407.31,DEBIT,Take-out
2026-04-14,Fresh Fruits & Veg Co.,1812.98,DEBIT,Groceries
2026-04-14,CityFlo,1107.87,DEBIT,Transport
2026-04-14,Big Bazar Retail,1088.51,DEBIT,Groceries
2026-04-14,Ram's General store,1806.78,DEBIT,Groceries
2026-04-14,Electricity,1364.77,DEBIT,Utilities
2026-04-14,Amazon Mrktplace,1099.52,DEBIT,Shopping
2026-04-14,Amazon Mrktplace,1767.97,DEBIT,Shopping
2026-04-14,Zomato,1349.86,DEBIT,Take-out
2026-04-14,Gas,668.66,DEBIT,Utilities
2026-04-14,Zomato,1751.37,DEBIT,Take-out
2026-04-14,Wifi-bill,1668.45,DEBIT,Utilities
2026-04-14,Amazon Mrktplace,784.71,DEBIT,Shopping
2026-04-14,Loan Bill,437.58,DEBIT,Interest-Payments
2026-04-15,Zomato,815.52,DEBIT,Take-out
2026-04-15,Credit Card Bill,784.5,DEBIT,Interest-Payments
2026-04-15,Fresh Fruits & Veg Co.,1750.47,DEBIT,Groceries
2026-04-15,Ram's General store,1856.82,DEBIT,Groceries
2026-04-15,Fresh Fruits & Veg Co.,1893.17,DEBIT,Groceries
2026-04-15,Gas,300.7,DEBIT,Utilities
2026-04-15,Loan Bill,1784.81,DEBIT,Interest-Payments
2026-04-15,Uber,1448.55,DEBIT,Transport
2026-04-15,Fresh Fruits & Veg Co.,782.88,DEBIT,Groceries
2026-04-15,CityFlo,1605.52,DEBIT,Transport
2026-04-15,CityFlo,477.07,DEBIT,Transport
2026-04-15,Credit Card Bill,281.32,DEBIT,Interest-Payments
2026-04-15,Uber,1222.85,DEBIT,Transport
2026-04-16,Refund credited from Amazon,607.05,CREDIT,Refund
2026-04-16,Wifi-bill,1286.57,DEBIT,Utilities
2026-04-16,Fresh Fruits & Veg Co.,464.73,DEBIT,Groceries
2026-04-16,Credit Card Bill,1943.05,DEBIT,Interest-Payments
2026-04-16,Loan Bill,1834.94,DEBIT,Interest-Payments
2026-04-16,Flipkart,888.98,DEBIT,Shopping
2026-04-16,Wifi-bill,1609.12,DEBIT,Utilities
2026-04-16,Wifi-bill,1339.35,DEBIT,Utilities
2026-04-16,Big Bazar Retail,1294.92,DEBIT,Groceries
2026-04-16,Wifi-bill,1225.71,DEBIT,Utilities
2026-04-16,CityFlo,818.85,DEBIT,Transport
2026-04-16,Uber,1314.56,DEBIT,Transport
2026-04-16,Swiggy,1188.35,DEBIT,Take-out
2026-04-16,Zomato,472.64,DEBIT,Take-out
2026-04-16,Ola,986.35,DEBIT,Transport
2026-04-17,Electricity,1456.2,DEBIT,Utilities
2026-04-17,Wifi-bill,1048.81,DEBIT,Utilities
2026-04-17,Loan Bill,1110.82,DEBIT,Interest-Payments
2026-04-17,Swiggy,1339.75,DEBIT,Take-out
2026-04-17,Zomato,1102.5,DEBIT,Take-out
2026-04-17,Amazon Mrktplace,1070.97,DEBIT,Shopping
2026-04-17,Swiggy,687.17,DEBIT,Take-out
2026-04-17,Zomato,712.1,DEBIT,Take-out
2026-04-17,Big Bazar Retail,438.4,DEBIT,Groceries
2026-04-17,Electricity,1710.51,DEBIT,Utilities
2026-04-17,CityFlo,1496.99,DEBIT,Transport
2026-04-17,Gas,968.19,DEBIT,Utilities
2026-04-17,Ola,1027.31,DEBIT,Transport
2026-04-17,Uber,1763.57,DEBIT,Transport
2026-04-17,Flipkart,1406.46,DEBIT,Shopping
2026-04-17,Swiggy,632.62,DEBIT,Take-out
2026-04-17,Big Bazar Retail,496.99,DEBIT,Groceries
2026-04-17,Ola,1031.7,DEBIT,Transport
2026-04-18,Zomato,381.34,DEBIT,Take-out
2026-04-18,Credit Card Bill,408.36,DEBIT,Interest-Payments
2026-04-18,Zomato,310.94,DEBIT,Take-out
2026-04-18,Amazon Mrktplace,889.65,DEBIT,Shopping
2026-04-18,Wifi-bill,1481.94,DEBIT,Utilities
2026-04-18,Zomato,277.56,DEBIT,Take-out
2026-04-18,Big Bazar Retail,1303.65,DEBIT,Groceries
2026-04-18,Uber,1183.56,DEBIT,Transport
2026-04-18,Uber,1585.28,DEBIT,Transport
2026-04-18,Electricity,845.85,DEBIT,Utilities
2026-04-18,Uber,1882.53,DEBIT,Transport
2026-04-18,Electricity,1543.54,DEBIT,Utilities
2026-04-18,Wifi-bill,1111.54,DEBIT,Utilities
2026-04-18,Zomato,698.24,DEBIT,Take-out
2026-04-18,Uber,1443.37,DEBIT,Transport
2026-04-18,Ola,1204.24,DEBIT,Transport
2026-04-18,Amazon Mrktplace,1932.14,DEBIT,Shopping
2026-04-19,Fresh Fruits & Veg Co.,1892.22,DEBIT,Groceries
2026-04-19,Uber,1452.47,DEBIT,Transport
2026-04-19,Electricity,1200.58,DEBIT,Utilities
2026-04-19,Zomato,1707.85,DEBIT,Take-out
2026-04-19,Zomato,948.01,DEBIT,Take-out
2026-04-19,Ola,205.44,DEBIT,Transport
2026-04-19,Ola,917.7,DEBIT,Transport
2026-04-19,Zomato,515.93,DEBIT,Take-out
2026-04-19,Fresh Fruits & Veg Co.,1196.16,DEBIT,Groceries
2026-04-19,Big Bazar Retail,1270.5,DEBIT,Groceries
2026-04-19,Gas,1078.61,DEBIT,Utilities
2026-04-19,Wifi-bill,1055.0,DEBIT,Utilities
2026-04-19,Loan Bill,232.86,DEBIT,Interest-Payments
2026-04-19,Ram's General store,811.23,DEBIT,Groceries
2026-04-20,Uber,1232.2,DEBIT,Transport
2026-04-20,Credit Card Bill,1476.9,DEBIT,Interest-Payments
2026-04-20,Uber,858.81,DEBIT,Transport
2026-04-20,Ola,487.22,DEBIT,Transport
2026-04-20,Wifi-bill,1530.94,DEBIT,Utilities
2026-04-20,Electricity,384.65,DEBIT,Utilities
2026-04-20,Swiggy,268.34,DEBIT,Take-out
2026-04-20,Credit Card Bill,1277.47,DEBIT,Interest-Payments
2026-04-20,Loan Bill,877.45,DEBIT,Interest-Payments
2026-04-20,Swiggy,946.15,DEBIT,Take-out
2026-04-20,Big Bazar Retail,221.31,DEBIT,Groceries
2026-04-20,Ram's General store,1821.69,DEBIT,Groceries
2026-04-21,Zomato,1986.48,DEBIT,Take-out
2026-04-21,Ram's General store,1823.3,DEBIT,Groceries
2026-04-21,Zomato,870.9,DEBIT,Take-out
2026-04-21,Flipkart,322.19,DEBIT,Shopping
2026-04-21,Flipkart,414.92,DEBIT,Shopping
2026-04-21,Loan Bill,1860.92,DEBIT,Interest-Payments
2026-04-21,Flipkart,1488.43,DEBIT,Shopping
2026-04-21,Wifi-bill,749.93,DEBIT,Utilities
2026-04-21,Big Bazar Retail,571.95,DEBIT,Groceries
2026-04-21,Zomato,1171.47,DEBIT,Take-out
2026-04-21,Electricity,1307.81,DEBIT,Utilities
2026-04-21,Flipkart,1723.46,DEBIT,Shopping
2026-04-21,Loan Bill,1935.73,DEBIT,Interest-Payments
2026-04-22,Credit Card Bill,664.32,DEBIT,Interest-Payments
2026-04-22,Fresh Fruits & Veg Co.,395.51,DEBIT,Groceries
2026-04-22,Amazon Mrktplace,1306.32,DEBIT,Shopping
2026-04-22,Loan Bill,514.11,DEBIT,Interest-Payments
2026-04-22,Amazon Mrktplace,815.15,DEBIT,Shopping
2026-04-22,Amazon Mrktplace,1336.03,DEBIT,Shopping
2026-04-22,Loan Bill,1465.43,DEBIT,Interest-Payments
2026-04-22,Swiggy,842.22,DEBIT,Take-out
2026-04-22,Amazon Mrktplace,571.54,DEBIT,Shopping
2026-04-22,Uber,1045.86,DEBIT,Transport
2026-04-22,Ola,1853.28,DEBIT,Transport
2026-04-22,Electricity,1582.0,DEBIT,Utilities
2026-04-22,Flipkart,1431.26,DEBIT,Shopping
2026-04-22,Credit Card Bill,264.15,DEBIT,Interest-Payments
2026-04-22,Amazon Mrktplace,634.26,DEBIT,Shopping
2026-04-22,Uber,1577.75,DEBIT,Transport
2026-04-22,Electricity,1327.02,DEBIT,Utilities
2026-04-23,Credit Card Bill,227.4,DEBIT,Interest-Payments
2026-04-23,Loan Bill,1630.91,DEBIT,Interest-Payments
2026-04-23,Loan Bill,969.01,DEBIT,Interest-Payments
2026-04-23,Amazon Mrktplace,459.77,DEBIT,Shopping
2026-04-23,Swiggy,767.04,DEBIT,Take-out
2026-04-23,Ram's General store,1566.43,DEBIT,Groceries
2026-04-23,Gas,1854.65,DEBIT,Utilities
2026-04-23,Ola,1451.14,DEBIT,Transport
2026-04-23,Big Bazar Retail,1304.19,DEBIT,Groceries
2026-04-24,Flipkart,391.69,DEBIT,Shopping
2026-04-24,Amazon Mrktplace,1736.73,DEBIT,Shopping
2026-04-24,Electricity,1613.01,DEBIT,Utilities
2026-04-24,Credit Card Bill,1196.03,DEBIT,Interest-Payments
2026-04-24,Swiggy,556.81,DEBIT,Take-out
2026-04-24,Gas,510.67,DEBIT,Utilities
2026-04-24,Zomato,1668.56,DEBIT,Take-out
2026-04-24,Gas,1496.98,DEBIT,Utilities
2026-04-25,Credit Card Bill,609.49,DEBIT,Interest-Payments
2026-04-25,Ram's General store,1756.15,DEBIT,Groceries
2026-04-25,Electricity,273.28,DEBIT,Utilities
2026-04-25,Amazon Mrktplace,834.35,DEBIT,Shopping
2026-04-25,Zomato,288.86,DEBIT,Take-out
2026-04-25,Ram's General store,1715.89,DEBIT,Groceries
2026-04-25,Swiggy,570.55,DEBIT,Take-out
2026-04-25,Wifi-bill,514.74,DEBIT,Utilities
2026-04-25,Flipkart,594.95,DEBIT,Shopping
2026-04-25,Electricity,941.82,DEBIT,Utilities
2026-04-26,Zomato,1149.38,DEBIT,Take-out
2026-04-26,Gas,1185.37,DEBIT,Utilities
2026-04-26,Ola,1218.65,DEBIT,Transport
2026-04-26,Credit Card Bill,875.14,DEBIT,Interest-Payments
2026-04-26,Big Bazar Retail,326.97,DEBIT,Groceries
2026-04-26,Big Bazar Retail,1706.22,DEBIT,Groceries
2026-04-26,Flipkart,1641.35,DEBIT,Shopping
2026-04-26,Fresh Fruits & Veg Co.,1797.11,DEBIT,Groceries
2026-04-26,Big Bazar Retail,240.01,DEBIT,Groceries
2026-04-26,Amazon Mrktplace,441.42,DEBIT,Shopping
2026-04-26,CityFlo,590.35,DEBIT,Transport
2026-04-26,Uber,1313.52,DEBIT,Transport
2026-04-26,Wifi-bill,1195.39,DEBIT,Utilities
2026-04-27,Wifi-bill,1645.84,DEBIT,Utilities
2026-04-27,Credit Card Bill,605.5,DEBIT,Interest-Payments
2026-04-27,Amazon Mrktplace,1842.79,DEBIT,Shopping
2026-04-27,Credit Card Bill,1703.2,DEBIT,Interest-Payments
2026-04-27,Flipkart,1083.28,DEBIT,Shopping
2026-04-27,Flipkart,855.9,DEBIT,Shopping
2026-04-27,Zomato,248.15,DEBIT,Take-out
2026-04-27,Flipkart,1791.35,DEBIT,Shopping
2026-04-27,Fresh Fruits & Veg Co.,1629.0,DEBIT,Groceries
2026-04-27,Gas,480.79,DEBIT,Utilities
2026-04-27,Uber,1912.61,DEBIT,Transport
2026-04-27,Flipkart,1410.74,DEBIT,Shopping
2026-04-27,Ram's General store,1118.21,DEBIT,Groceries
2026-04-27,Uber,1888.08,DEBIT,Transport
2026-04-27,Amazon Mrktplace,1525.58,DEBIT,Shopping
2026-04-27,CityFlo,1994.05,DEBIT,Transport
2026-04-27,CityFlo,1344.98,DEBIT,Transport
2026-04-27,Loan Bill,1494.5,DEBIT,Interest-Payments
2026-04-27,Gas,1198.57,DEBIT,Utilities
2026-04-28,Wifi-bill,1887.73,DEBIT,Utilities
2026-04-28,Flipkart,1698.7,DEBIT,Shopping
2026-04-28,Zomato,1664.44,DEBIT,Take-out
2026-04-28,Ram's General store,1205.03,DEBIT,Groceries
2026-04-28,Ram's General store,840.96,DEBIT,Groceries
2026-04-28,Credit Card Bill,445.75,DEBIT,Interest-Payments
2026-04-28,Gas,1599.57,DEBIT,Utilities
2026-04-28,CityFlo,372.84,DEBIT,Transport
2026-04-28,Amazon Mrktplace,576.63,DEBIT,Shopping
2026-04-28,Loan Bill,774.15,DEBIT,Interest-Payments
2026-04-28,Gas,1452.41,DEBIT,Utilities
2026-04-28,Zomato,1756.42,DEBIT,Take-out
2026-04-28,Electricity,1156.52,DEBIT,Utilities
2026-04-29,Ram's General store,304.64,DEBIT,Groceries
2026-04-29,Credit Card Bill,1111.23,DEBIT,Interest-Payments
2026-04-29,Wifi-bill,1394.29,DEBIT,Utilities
2026-04-29,Ola,1906.52,DEBIT,Transport
2026-04-29,Gas,1850.89,DEBIT,Utilities
2026-04-29,Credit Card Bill,1506.7,DEBIT,Interest-Payments
2026-04-29,Zomato,1319.0,DEBIT,Take-out
2026-04-29,Gas,842.74,DEBIT,Utilities
2026-04-29,Gas,1094.76,DEBIT,Utilities
2026-04-29,Big Bazar Retail,895.3,DEBIT,Groceries
2026-04-29,Wifi-bill,1924.06,DEBIT,Utilities
2026-04-30,CityFlo,1910.38,DEBIT,Transport
2026-04-30,Credit Card Bill,241.52,DEBIT,Interest-Payments
2026-04-30,Credit Card Bill,921.71,DEBIT,Interest-Payments
2026-04-30,CityFlo,1560.12,DEBIT,Transport
2026-04-30,Wifi-bill,848.63,DEBIT,Utilities
2026-04-30,Flipkart,820.83,DEBIT,Shopping
2026-04-30,CityFlo,1135.04,DEBIT,Transport
2026-04-30,Amazon Mrktplace,1425.82,DEBIT,Shopping
2026-04-30,Zomato,1107.31,DEBIT,Take-out
2026-04-30,Ram's General store,349.78,DEBIT,Groceries
2026-04-30,Loan Bill,1824.96,DEBIT,Interest-Payments
2026-04-30,Uber,1513.76,DEBIT,Transport
2026-04-30,Electricity,1044.99,DEBIT,Utilities
2026-04-30,Swiggy,514.61,DEBIT,Take-out
2026-04-30,Gas,1123.53,DEBIT,Utilities
2026-05-01,Salary credited from CypherSOL,60000.0,CREDIT,Salary
2026-05-01,Swiggy,1193.52,DEBIT,Take-out
2026-05-01,Ola,422.14,DEBIT,Transport
2026-05-01,Ram's General store,724.17,DEBIT,Groceries
2026-05-01,Credit Card Bill,1216.35,DEBIT,Interest-Payments
2026-05-01,Gas,762.12,DEBIT,Utilities
2026-05-01,Ram's General store,1367.74,DEBIT,Groceries
2026-05-01,Loan Bill,595.6,DEBIT,Interest-Payments
2026-05-01,Credit Card Bill,232.82,DEBIT,Interest-Payments
2026-05-01,Electricity,1397.52,DEBIT,Utilities
2026-05-01,Swiggy,398.77,DEBIT,Take-out
2026-05-01,Loan Bill,1608.87,DEBIT,Interest-Payments
2026-05-02,Zomato,1997.35,DEBIT,Take-out
2026-05-02,Ola,1829.78,DEBIT,Transport
2026-05-02,Flipkart,1244.26,DEBIT,Shopping
2026-05-02,Amazon Mrktplace,550.26,DEBIT,Shopping
2026-05-02,Credit Card Bill,1445.6,DEBIT,Interest-Payments
2026-05-02,Wifi-bill,1197.4,DEBIT,Utilities
2026-05-02,Uber,1829.99,DEBIT,Transport
2026-05-02,Amazon Mrktplace,1646.03,DEBIT,Shopping
2026-05-02,Ola,1015.9,DEBIT,Transport
2026-05-02,Credit Card Bill,1984.72,DEBIT,Interest-Payments
2026-05-02,Loan Bill,887.07,DEBIT,Interest-Payments
2026-05-02,CityFlo,1916.48,DEBIT,Transport
2026-05-03,Ola,638.05,DEBIT,Transport
2026-05-03,Loan Bill,1368.18,DEBIT,Interest-Payments
2026-05-03,Electricity,884.11,DEBIT,Utilities
2026-05-03,Loan Bill,1322.4,DEBIT,Interest-Payments
2026-05-03,Credit Card Bill,331.48,DEBIT,Interest-Payments
2026-05-03,Ram's General store,672.65,DEBIT,Groceries
2026-05-03,Flipkart,1340.08,DEBIT,Shopping
2026-05-03,Fresh Fruits & Veg Co.,334.12,DEBIT,Groceries
2026-05-03,Ola,469.79,DEBIT,Transport
2026-05-03,Ola,279.49,DEBIT,Transport
2026-05-03,Fresh Fruits & Veg Co.,1718.02,DEBIT,Groceries
2026-05-03,Ola,515.44,DEBIT,Transport
2026-05-03,Electricity,1692.54,DEBIT,Utilities
2026-05-04,Wifi-bill,483.35,DEBIT,Utilities
2026-05-04,Zomato,1007.97,DEBIT,Take-out
2026-05-04,Ola,1603.87,DEBIT,Transport
2026-05-04,Wifi-bill,680.67,DEBIT,Utilities
2026-05-04,Swiggy,696.69,DEBIT,Take-out
2026-05-04,Zomato,446.09,DEBIT,Take-out
2026-05-04,Amazon Mrktplace,1461.92,DEBIT,Shopping
2026-05-04,Flipkart,676.1,DEBIT,Shopping
2026-05-04,Flipkart,1500.28,DEBIT,Shopping
2026-05-05,Electricity,728.96,DEBIT,Utilities
2026-05-05,Zomato,1707.93,DEBIT,Take-out
2026-05-05,Ram's General store,733.69,DEBIT,Groceries
2026-05-05,CityFlo,1986.94,DEBIT,Transport
2026-05-05,Fresh Fruits & Veg Co.,1776.6,DEBIT,Groceries
2026-05-05,Ram's General store,364.96,DEBIT,Groceries
2026-05-05,Swiggy,1982.83,DEBIT,Take-out
2026-05-05,Fresh Fruits & Veg Co.,424.82,DEBIT,Groceries
2026-05-05,Ram's General store,609.23,DEBIT,Groceries
2026-05-05,Credit Card Bill,1655.61,DEBIT,Interest-Payments
2026-05-05,Ola,1871.0,DEBIT,Transport
2026-05-05,Uber,1268.37,DEBIT,Transport
2026-05-05,Amazon Mrktplace,1276.43,DEBIT,Shopping
2026-05-05,Amazon Mrktplace,1274.24,DEBIT,Shopping
2026-05-05,Ola,1670.41,DEBIT,Transport
2026-05-05,Uber,465.13,DEBIT,Transport
2026-05-06,Zomato,300.23,DEBIT,Take-out
2026-05-06,Wifi-bill,1352.71,DEBIT,Utilities
2026-05-06,CityFlo,1757.14,DEBIT,Transport
2026-05-06,Credit Card Bill,997.21,DEBIT,Interest-Payments
2026-05-06,Ram's General store,1351.46,DEBIT,Groceries
2026-05-06,Wifi-bill,951.69,DEBIT,Utilities
2026-05-06,CityFlo,1562.66,DEBIT,Transport
2026-05-06,Wifi-bill,1903.38,DEBIT,Utilities
2026-05-06,Credit Card Bill,853.3,DEBIT,Interest-Payments
2026-05-06,Amazon Mrktplace,1981.31,DEBIT,Shopping
2026-05-06,Flipkart,1476.58,DEBIT,Shopping
2026-05-06,Electricity,202.43,DEBIT,Utilities
2026-05-06,Flipkart,970.57,DEBIT,Shopping
2026-05-06,Credit Card Bill,1188.22,DEBIT,Interest-Payments
2026-05-06,Gas,713.44,DEBIT,Utilities
2026-05-06,Big Bazar Retail,1166.1,DEBIT,Groceries
2026-05-07,Flipkart,242.72,DEBIT,Shopping
2026-05-07,Amazon Mrktplace,780.75,DEBIT,Shopping
2026-05-07,Zomato,1685.56,DEBIT,Take-out
2026-05-07,Amazon Mrktplace,1163.65,DEBIT,Shopping
2026-05-07,Amazon Mrktplace,605.6,DEBIT,Shopping
2026-05-07,CityFlo,1872.67,DEBIT,Transport
2026-05-07,Uber,738.25,DEBIT,Transport
2026-05-07,Loan Bill,1023.85,DEBIT,Interest-Payments
2026-05-07,Wifi-bill,215.44,DEBIT,Utilities
2026-05-07,Loan Bill,225.31,DEBIT,Interest-Payments
2026-05-07,Credit Card Bill,1675.62,DEBIT,Interest-Payments
2026-05-07,Uber,603.26,DEBIT,Transport
2026-05-07,Loan Bill,1626.37,DEBIT,Interest-Payments
2026-05-07,Wifi-bill,1306.42,DEBIT,Utilities
2026-05-07,Flipkart,350.61,DEBIT,Shopping
2026-05-08,Flipkart,623.16,DEBIT,Shopping
2026-05-08,Zomato,1265.62,DEBIT,Take-out
2026-05-08,Credit Card Bill,547.74,DEBIT,Interest-Payments
2026-05-08,Big Bazar Retail,1774.37,DEBIT,Groceries
2026-05-08,Credit Card Bill,1941.34,DEBIT,Interest-Payments
2026-05-08,Gas,1570.38,DEBIT,Utilities
2026-05-09,Swiggy,595.24,DEBIT,Take-out
2026-05-09,Big Bazar Retail,1695.47,DEBIT,Groceries
2026-05-09,Zomato,870.16,DEBIT,Take-out
2026-05-09,Flipkart,1601.1,DEBIT,Shopping
2026-05-09,Ram's General store,1455.8,DEBIT,Groceries
2026-05-09,Credit Card Bill,537.0,DEBIT,Interest-Payments
2026-05-09,Flipkart,686.4,DEBIT,Shopping
2026-05-09,Swiggy,641.46,DEBIT,Take-out
2026-05-09,CityFlo,718.63,DEBIT,Transport
2026-05-09,Flipkart,1521.16,DEBIT,Shopping
2026-05-09,Loan Bill,1949.34,DEBIT,Interest-Payments
2026-05-09,Zomato,1780.96,DEBIT,Take-out
2026-05-09,Ram's General store,807.91,DEBIT,Groceries
2026-05-09,Loan Bill,1131.59,DEBIT,Interest-Payments
2026-05-10,Ram's General store,313.2,DEBIT,Groceries
2026-05-10,Loan Bill,540.27,DEBIT,Interest-Payments
2026-05-10,Electricity,1378.31,DEBIT,Utilities
2026-05-10,Amazon Mrktplace,1563.03,DEBIT,Shopping
2026-05-10,Loan Bill,1503.74,DEBIT,Interest-Payments
2026-05-10,Uber,1708.8,DEBIT,Transport
2026-05-10,Credit Card Bill,599.05,DEBIT,Interest-Payments
2026-05-10,Amazon Mrktplace,768.23,DEBIT,Shopping
2026-05-10,Flipkart,1804.31,DEBIT,Shopping
2026-05-10,Credit Card Bill,957.28,DEBIT,Interest-Payments
2026-05-10,Swiggy,1358.14,DEBIT,Take-out
2026-05-10,Zomato,1599.92,DEBIT,Take-out
2026-05-11,CityFlo,1088.12,DEBIT,Transport
2026-05-11,Big Bazar Retail,847.3,DEBIT,Groceries
2026-05-11,Big Bazar Retail,1769.59,DEBIT,Groceries
2026-05-11,Ram's General store,298.21,DEBIT,Groceries
2026-05-11,Ola,1087.18,DEBIT,Transport
2026-05-11,Flipkart,1240.85,DEBIT,Shopping
2026-05-11,Credit Card Bill,1157.12,DEBIT,Interest-Payments
2026-05-11,Gas,764.52,DEBIT,Utilities
2026-05-11,Uber,599.62,DEBIT,Transport
2026-05-11,CityFlo,837.65,DEBIT,Transport
2026-05-11,Ola,868.89,DEBIT,Transport
2026-05-11,Wifi-bill,1934.48,DEBIT,Utilities
2026-05-11,Flipkart,234.1,DEBIT,Shopping
2026-05-11,Amazon Mrktplace,1578.69,DEBIT,Shopping
2026-05-12,Flipkart,658.26,DEBIT,Shopping
2026-05-12,Loan Bill,1509.5,DEBIT,Interest-Payments
2026-05-12,Loan Bill,1468.86,DEBIT,Interest-Payments
2026-05-12,Swiggy,319.35,DEBIT,Take-out
2026-05-12,Uber,1617.15,DEBIT,Transport
2026-05-12,Uber,1944.92,DEBIT,Transport
2026-05-12,Ola,1660.54,DEBIT,Transport
2026-05-12,Zomato,1226.48,DEBIT,Take-out
2026-05-12,Gas,1049.63,DEBIT,Utilities
2026-05-12,Uber,1842.87,DEBIT,Transport
2026-05-12,Uber,1044.69,DEBIT,Transport
2026-05-12,Flipkart,1207.1,DEBIT,Shopping
2026-05-12,Flipkart,977.64,DEBIT,Shopping
2026-05-12,Loan Bill,1331.02,DEBIT,Interest-Payments
2026-05-13,Loan Bill,1571.64,DEBIT,Interest-Payments
2026-05-13,Swiggy,697.6,DEBIT,Take-out
2026-05-13,Zomato,1967.33,DEBIT,Take-out
2026-05-13,Loan Bill,397.2,DEBIT,Interest-Payments
2026-05-13,Ola,382.14,DEBIT,Transport
2026-05-13,Big Bazar Retail,955.53,DEBIT,Groceries
2026-05-13,Loan Bill,292.16,DEBIT,Interest-Payments
2026-05-13,Big Bazar Retail,1735.88,DEBIT,Groceries
2026-05-13,Swiggy,1495.03,DEBIT,Take-out
2026-05-13,Credit Card Bill,1725.81,DEBIT,Interest-Payments
2026-05-14,Credit Card Bill,1413.13,DEBIT,Interest-Payments
2026-05-14,Amazon Mrktplace,1609.89,DEBIT,Shopping
2026-05-14,Electricity,1189.17,DEBIT,Utilities
2026-05-14,Credit Card Bill,458.77,DEBIT,Interest-Payments
2026-05-14,Zomato,865.1,DEBIT,Take-out
2026-05-14,CityFlo,1354.05,DEBIT,Transport
2026-05-14,Amazon Mrktplace,1562.21,DEBIT,Shopping
2026-05-14,CityFlo,1717.58,DEBIT,Transport
2026-05-14,Loan Bill,1539.43,DEBIT,Interest-Payments
2026-05-14,Gas,1630.73,DEBIT,Utilities
2026-05-15,Refund credited from Amazon,512.38,CREDIT,Refund
2026-05-15,Credit Card Bill,551.52,DEBIT,Interest-Payments
2026-05-15,Credit Card Bill,601.82,DEBIT,Interest-Payments
2026-05-15,Credit Card Bill,374.01,DEBIT,Interest-Payments
2026-05-15,Wifi-bill,1552.18,DEBIT,Utilities
2026-05-15,Zomato,1807.41,DEBIT,Take-out
2026-05-15,Big Bazar Retail,791.21,DEBIT,Groceries
2026-05-15,Flipkart,1925.87,DEBIT,Shopping
2026-05-15,Loan Bill,1204.99,DEBIT,Interest-Payments
2026-05-15,Credit Card Bill,1789.95,DEBIT,Interest-Payments
2026-05-15,Fresh Fruits & Veg Co.,408.18,DEBIT,Groceries
2026-05-15,Flipkart,1356.45,DEBIT,Shopping
2026-05-16,Loan Bill,882.62,DEBIT,Interest-Payments
2026-05-16,Ola,1035.15,DEBIT,Transport
2026-05-16,Big Bazar Retail,1856.53,DEBIT,Groceries
2026-05-16,Fresh Fruits & Veg Co.,215.07,DEBIT,Groceries
2026-05-16,Amazon Mrktplace,468.21,DEBIT,Shopping
2026-05-16,Loan Bill,1987.39,DEBIT,Interest-Payments
2026-05-16,Credit Card Bill,526.6,DEBIT,Interest-Payments
2026-05-16,Flipkart,900.33,DEBIT,Shopping
2026-05-16,Zomato,1756.71,DEBIT,Take-out
2026-05-16,Ola,1238.63,DEBIT,Transport
2026-05-16,Ram's General store,1832.61,DEBIT,Groceries
2026-05-16,Amazon Mrktplace,702.59,DEBIT,Shopping
2026-05-16,Electricity,1911.59,DEBIT,Utilities
2026-05-16,Gas,511.28,DEBIT,Utilities
2026-05-16,Loan Bill,356.44,DEBIT,Interest-Payments
2026-05-16,Zomato,1433.27,DEBIT,Take-out
2026-05-16,Electricity,623.39,DEBIT,Utilities
2026-05-16,Loan Bill,1552.54,DEBIT,Interest-Payments
2026-05-17,Zomato,492.35,DEBIT,Take-out
2026-05-17,Wifi-bill,1648.26,DEBIT,Utilities
2026-05-17,Zomato,698.04,DEBIT,Take-out
2026-05-17,Loan Bill,1331.16,DEBIT,Interest-Payments
2026-05-17,Ola,654.75,DEBIT,Transport
2026-05-17,Ram's General store,1877.22,DEBIT,Groceries
2026-05-17,Ola,1421.81,DEBIT,Transport
2026-05-17,Credit Card Bill,1909.47,DEBIT,Interest-Payments
2026-05-17,Electricity,670.47,DEBIT,Utilities
2026-05-17,Amazon Mrktplace,1572.79,DEBIT,Shopping
2026-05-17,Loan Bill,369.73,DEBIT,Interest-Payments
2026-05-17,Credit Card Bill,705.06,DEBIT,Interest-Payments
2026-05-17,CityFlo,483.17,DEBIT,Transport
2026-05-17,Wifi-bill,1552.97,DEBIT,Utilities
2026-05-17,Big Bazar Retail,434.39,DEBIT,Groceries
2026-05-17,Gas,276.08,DEBIT,Utilities
2026-05-17,Credit Card Bill,886.8,DEBIT,Interest-Payments
2026-05-18,Wifi-bill,1346.34,DEBIT,Utilities
2026-05-18,CityFlo,686.03,DEBIT,Transport
2026-05-18,Credit Card Bill,309.86,DEBIT,Interest-Payments
2026-05-18,Flipkart,1898.65,DEBIT,Shopping
2026-05-18,Electricity,1711.61,DEBIT,Utilities
2026-05-18,Amazon Mrktplace,1249.43,DEBIT,Shopping
2026-05-18,Uber,1786.28,DEBIT,Transport
2026-05-18,Zomato,1200.4,DEBIT,Take-out
2026-05-18,Swiggy,1425.23,DEBIT,Take-out
2026-05-18,Swiggy,473.0,DEBIT,Take-out
2026-05-18,Gas,1168.33,DEBIT,Utilities
2026-05-19,Flipkart,1019.79,DEBIT,Shopping
2026-05-19,Loan Bill,759.34,DEBIT,Interest-Payments
2026-05-19,Credit Card Bill,1403.72,DEBIT,Interest-Payments
2026-05-19,Credit Card Bill,1129.67,DEBIT,Interest-Payments
2026-05-19,Electricity,1005.05,DEBIT,Utilities
2026-05-19,Swiggy,307.25,DEBIT,Take-out
2026-05-19,Zomato,1866.14,DEBIT,Take-out
2026-05-19,Flipkart,1206.95,DEBIT,Shopping
2026-05-19,Ram's General store,1581.51,DEBIT,Groceries
2026-05-19,Electricity,917.78,DEBIT,Utilities
2026-05-19,Ola,1211.96,DEBIT,Transport
2026-05-19,Flipkart,1960.1,DEBIT,Shopping
2026-05-19,Ram's General store,1038.09,DEBIT,Groceries
2026-05-19,Wifi-bill,851.0,DEBIT,Utilities
2026-05-19,Flipkart,1104.51,DEBIT,Shopping
2026-05-19,Loan Bill,1173.03,DEBIT,Interest-Payments
2026-05-19,Ram's General store,1868.49,DEBIT,Groceries
2026-05-20,Zomato,1465.49,DEBIT,Take-out
2026-05-20,Gas,1011.93,DEBIT,Utilities
2026-05-20,Credit Card Bill,1175.08,DEBIT,Interest-Payments
2026-05-20,Amazon Mrktplace,343.99,DEBIT,Shopping
2026-05-20,Big Bazar Retail,1932.57,DEBIT,Groceries
2026-05-20,Ram's General store,1286.15,DEBIT,Groceries
2026-05-20,Big Bazar Retail,903.26,DEBIT,Groceries
2026-05-20,Gas,602.26,DEBIT,Utilities
2026-05-20,Swiggy,279.19,DEBIT,Take-out
2026-05-20,Loan Bill,1562.28,DEBIT,Interest-Payments
2026-05-20,Amazon Mrktplace,1978.63,DEBIT,Shopping
2026-05-21,Credit Card Bill,1272.78,DEBIT,Interest-Payments
2026-05-21,Flipkart,329.06,DEBIT,Shopping
2026-05-21,Credit Card Bill,1041.03,DEBIT,Interest-Payments
2026-05-21,Flipkart,1514.75,DEBIT,Shopping
2026-05-21,Flipkart,709.21,DEBIT,Shopping
2026-05-21,Loan Bill,1165.0,DEBIT,Interest-Payments
2026-05-21,Big Bazar Retail,707.15,DEBIT,Groceries
2026-05-21,Credit Card Bill,949.44,DEBIT,Interest-Payments
2026-05-21,CityFlo,668.83,DEBIT,Transport
2026-05-21,Uber,274.22,DEBIT,Transport
2026-05-21,Zomato,1805.3,DEBIT,Take-out
2026-05-21,Ram's General store,1843.41,DEBIT,Groceries
2026-05-21,Amazon Mrktplace,1008.96,DEBIT,Shopping
2026-05-21,Ola,1258.02,DEBIT,Transport
2026-05-21,Zomato,801.5,DEBIT,Take-out
2026-05-21,Big Bazar Retail,1336.74,DEBIT,Groceries
2026-05-21,Wifi-bill,707.0,DEBIT,Utilities
2026-05-21,Fresh Fruits & Veg Co.,998.11,DEBIT,Groceries
2026-05-21,Gas,1704.67,DEBIT,Utilities
2026-05-22,Flipkart,429.49,DEBIT,Shopping
2026-05-22,Swiggy,623.34,DEBIT,Take-out
2026-05-22,Uber,1322.56,DEBIT,Transport
2026-05-22,CityFlo,1721.95,DEBIT,Transport
2026-05-22,Wifi-bill,1346.45,DEBIT,Utilities
2026-05-22,Zomato,1355.33,DEBIT,Take-out
2026-05-22,Ram's General store,1322.28,DEBIT,Groceries
2026-05-22,Ola,1458.59,DEBIT,Transport
2026-05-22,Swiggy,1819.48,DEBIT,Take-out
2026-05-22,Ola,386.46,DEBIT,Transport
2026-05-22,Gas,768.38,DEBIT,Utilities
2026-05-22,Amazon Mrktplace,1608.3,DEBIT,Shopping
2026-05-22,Ola,1039.23,DEBIT,Transport
2026-05-22,Swiggy,1179.12,DEBIT,Take-out
2026-05-22,Fresh Fruits & Veg Co.,446.17,DEBIT,Groceries
2026-05-22,Ola,1011.76,DEBIT,Transport
2026-05-22,Flipkart,1803.12,DEBIT,Shopping
2026-05-23,Amazon Mrktplace,1985.7,DEBIT,Shopping
2026-05-23,Wifi-bill,1809.76,DEBIT,Utilities
2026-05-23,Big Bazar Retail,771.93,DEBIT,Groceries
2026-05-23,Big Bazar Retail,1572.5,DEBIT,Groceries
2026-05-23,Electricity,1786.52,DEBIT,Utilities
2026-05-23,Zomato,1798.23,DEBIT,Take-out
2026-05-23,CityFlo,1856.24,DEBIT,Transport
2026-05-23,Flipkart,1502.1,DEBIT,Shopping
2026-05-23,Wifi-bill,1772.03,DEBIT,Utilities
2026-05-23,Ola,627.14,DEBIT,Transport
2026-05-23,Loan Bill,424.49,DEBIT,Interest-Payments
2026-05-23,Amazon Mrktplace,294.62,DEBIT,Shopping
2026-05-24,Flipkart,532.43,DEBIT,Shopping
2026-05-24,Credit Card Bill,1589.76,DEBIT,Interest-Payments
2026-05-24,Credit Card Bill,1126.42,DEBIT,Interest-Payments
2026-05-24,Wifi-bill,1168.68,DEBIT,Utilities
2026-05-24,CityFlo,858.06,DEBIT,Transport
2026-05-24,Uber,1044.45,DEBIT,Transport
2026-05-24,Credit Card Bill,1928.79,DEBIT,Interest-Payments
2026-05-24,Uber,1320.51,DEBIT,Transport
2026-05-24,Electricity,1728.97,DEBIT,Utilities
2026-05-24,Zomato,1331.16,DEBIT,Take-out
2026-05-24,Ram's General store,1008.71,DEBIT,Groceries
2026-05-24,Flipkart,1127.93,DEBIT,Shopping
2026-05-24,Flipkart,1742.29,DEBIT,Shopping
2026-05-24,CityFlo,1722.77,DEBIT,Transport
2026-05-25,Swiggy,1531.0,DEBIT,Take-out
2026-05-25,Gas,1139.32,DEBIT,Utilities
2026-05-25,Wifi-bill,242.54,DEBIT,Utilities
2026-05-25,Loan Bill,1102.29,DEBIT,Interest-Payments
2026-05-25,Credit Card Bill,697.73,DEBIT,Interest-Payments
2026-05-25,Ola,1846.25,DEBIT,Transport
2026-05-25,Fresh Fruits & Veg Co.,1168.55,DEBIT,Groceries
2026-05-25,Zomato,628.89,DEBIT,Take-out
2026-05-25,Credit Card Bill,930.75,DEBIT,Interest-Payments
2026-05-26,Amazon Mrktplace,1196.84,DEBIT,Shopping
2026-05-26,Flipkart,1196.88,DEBIT,Shopping
2026-05-26,Gas,710.4,DEBIT,Utilities
2026-05-26,Ram's General store,1604.42,DEBIT,Groceries
2026-05-26,Zomato,1112.07,DEBIT,Take-out
2026-05-26,Loan Bill,1965.82,DEBIT,Interest-Payments
2026-05-26,Fresh Fruits & Veg Co.,833.27,DEBIT,Groceries
2026-05-26,Big Bazar Retail,1340.39,DEBIT,Groceries
2026-05-26,CityFlo,1083.29,DEBIT,Transport
2026-05-26,Big Bazar Retail,464.02,DEBIT,Groceries
2026-05-26,Loan Bill,1017.13,DEBIT,Interest-Payments
2026-05-26,Ola,775.22,DEBIT,Transport
2026-05-27,Flipkart,1870.12,DEBIT,Shopping
2026-05-27,Ola,450.52,DEBIT,Transport
2026-05-27,Zomato,1620.18,DEBIT,Take-out
2026-05-27,Wifi-bill,777.73,DEBIT,Utilities
2026-05-27,Zomato,1758.86,DEBIT,Take-out
2026-05-27,Amazon Mrktplace,383.49,DEBIT,Shopping
2026-05-27,Ram's General store,1842.4,DEBIT,Groceries
2026-05-27,Swiggy,848.57,DEBIT,Take-out
2026-05-27,CityFlo,1415.46,DEBIT,Transport
2026-05-27,Amazon Mrktplace,1099.49,DEBIT,Shopping
2026-05-27,Uber,1573.01,DEBIT,Transport
2026-05-27,Amazon Mrktplace,210.25,DEBIT,Shopping
2026-05-27,CityFlo,393.13,DEBIT,Transport
2026-05-28,Zomato,811.45,DEBIT,Take-out
2026-05-28,Credit Card Bill,990.88,DEBIT,Interest-Payments
2026-05-28,Ram's General store,1172.98,DEBIT,Groceries
2026-05-28,Electricity,985.15,DEBIT,Utilities
2026-05-28,Gas,474.65,DEBIT,Utilities
2026-05-28,Fresh Fruits & Veg Co.,467.29,DEBIT,Groceries
2026-05-28,Swiggy,417.22,DEBIT,Take-out
2026-05-28,Amazon Mrktplace,331.65,DEBIT,Shopping
2026-05-28,Gas,734.59,DEBIT,Utilities
2026-05-28,Gas,395.15,DEBIT,Utilities
2026-05-28,Electricity,1944.89,DEBIT,Utilities
2026-05-28,Loan Bill,637.08,DEBIT,Interest-Payments
2026-05-28,Loan Bill,1614.02,DEBIT,Interest-Payments
2026-05-28,Credit Card Bill,1603.83,DEBIT,Interest-Payments
2026-05-28,CityFlo,1141.09,DEBIT,Transport
2026-05-28,Flipkart,447.76,DEBIT,Shopping
2026-05-28,Big Bazar Retail,1122.0,DEBIT,Groceries
2026-05-28,Amazon Mrktplace,775.99,DEBIT,Shopping
2026-05-28,Amazon Mrktplace,1918.2,DEBIT,Shopping
2026-05-28,Loan Bill,1124.16,DEBIT,Interest-Payments
2026-05-28,Amazon Mrktplace,611.55,DEBIT,Shopping
2026-05-28,Flipkart,814.84,DEBIT,Shopping
2026-05-29,Credit Card Bill,1846.09,DEBIT,Interest-Payments
2026-05-29,Amazon Mrktplace,1916.96,DEBIT,Shopping
2026-05-29,Amazon Mrktplace,1130.2,DEBIT,Shopping
2026-05-29,Amazon Mrktplace,433.71,DEBIT,Shopping
2026-05-29,Loan Bill,405.51,DEBIT,Interest-Payments
2026-05-29,Wifi-bill,1334.56,DEBIT,Utilities
2026-05-29,Gas,1773.09,DEBIT,Utilities
2026-05-29,Amazon Mrktplace,693.67,DEBIT,Shopping
2026-05-29,Big Bazar Retail,814.46,DEBIT,Groceries
2026-05-29,CityFlo,1865.58,DEBIT,Transport
2026-05-29,Fresh Fruits & Veg Co.,1732.08,DEBIT,Groceries
2026-05-29,Flipkart,1567.93,DEBIT,Shopping
2026-05-29,Electricity,1724.77,DEBIT,Utilities
2026-05-29,Ram's General store,941.06,DEBIT,Groceries
2026-05-29,CityFlo,315.56,DEBIT,Transport
2026-05-29,Zomato,303.41,DEBIT,Take-out
2026-05-29,Gas,699.49,DEBIT,Utilities
2026-05-29,Flipkart,1344.25,DEBIT,Shopping
2026-05-29,Swiggy,889.64,DEBIT,Take-out
2026-05-29,Ram's General store,1448.16,DEBIT,Groceries
2026-05-30,Flipkart,1076.59,DEBIT,Shopping
2026-05-30,Credit Card Bill,1638.52,DEBIT,Interest-Payments
2026-05-30,Flipkart,1783.62,DEBIT,Shopping
2026-05-30,CityFlo,354.16,DEBIT,Transport
2026-05-30,Ola,1302.89,DEBIT,Transport
2026-05-30,Flipkart,1209.91,DEBIT,Shopping
2026-05-30,Fresh Fruits & Veg Co.,813.79,DEBIT,Groceries
2026-05-30,Swiggy,1876.84,DEBIT,Take-out
2026-05-30,Fresh Fruits & Veg Co.,1412.34,DEBIT,Groceries
2026-05-30,Zomato,1729.15,DEBIT,Take-out
2026-05-30,Credit Card Bill,1750.01,DEBIT,Interest-Payments
2026-05-30,Flipkart,280.82,DEBIT,Shopping
2026-05-30,Loan Bill,553.31,DEBIT,Interest-Payments
2026-05-30,Ola,704.89,DEBIT,Transport
2026-05-30,Big Bazar Retail,894.36,DEBIT,Groceries
2026-05-30,Ola,1918.41,DEBIT,Transport
2026-05-30,CityFlo,1493.62,DEBIT,Transport
2026-05-30,Big Bazar Retail,1403.18,DEBIT,Groceries
2026-05-30,Amazon Mrktplace,597.38,DEBIT,Shopping
2026-05-30,CityFlo,778.88,DEBIT,Transport
2026-06-01,Salary credited from CypherSOL,60000.0,CREDIT,Salary
2026-06-01,Credit Card Bill,1435.39,DEBIT,Interest-Payments
2026-06-01,Loan Bill,1301.81,DEBIT,Interest-Payments
2026-06-01,Fresh Fruits & Veg Co.,1848.77,DEBIT,Groceries
2026-06-01,Credit Card Bill,875.79,DEBIT,Interest-Payments
2026-06-01,Ram's General store,866.83,DEBIT,Groceries
2026-06-01,Loan Bill,903.29,DEBIT,Interest-Payments
2026-06-01,Wifi-bill,1559.7,DEBIT,Utilities
2026-06-01,Swiggy,784.13,DEBIT,Take-out
2026-06-01,Amazon Mrktplace,902.04,DEBIT,Shopping
2026-06-01,Flipkart,1030.86,DEBIT,Shopping
2026-06-01,Ram's General store,684.47,DEBIT,Groceries
2026-06-01,Credit Card Bill,1787.22,DEBIT,Interest-Payments
2026-06-01,Amazon Mrktplace,1440.97,DEBIT,Shopping
2026-06-01,CityFlo,1017.88,DEBIT,Transport
2026-06-01,Zomato,1289.24,DEBIT,Take-out
2026-06-01,Loan Bill,788.3,DEBIT,Interest-Payments
2026-06-01,Flipkart,1048.85,DEBIT,Shopping
2026-06-01,Swiggy,1565.48,DEBIT,Take-out
2026-06-02,Wifi-bill,605.56,DEBIT,Utilities
2026-06-02,Flipkart,1043.83,DEBIT,Shopping
2026-06-02,Fresh Fruits & Veg Co.,1236.5,DEBIT,Groceries
2026-06-02,Fresh Fruits & Veg Co.,561.8,DEBIT,Groceries
2026-06-02,Amazon Mrktplace,475.28,DEBIT,Shopping
2026-06-02,Loan Bill,1149.01,DEBIT,Interest-Payments
2026-06-02,Ola,643.38,DEBIT,Transport
2026-06-02,CityFlo,1344.9,DEBIT,Transport
2026-06-02,Zomato,334.45,DEBIT,Take-out
2026-06-02,Ola,371.5,DEBIT,Transport
2026-06-02,Amazon Mrktplace,1465.88,DEBIT,Shopping
2026-06-02,Gas,361.77,DEBIT,Utilities
2026-06-02,Flipkart,977.77,DEBIT,Shopping
2026-06-03,Swiggy,630.77,DEBIT,Take-out
2026-06-03,Swiggy,307.06,DEBIT,Take-out
2026-06-03,Flipkart,1319.52,DEBIT,Shopping
2026-06-03,Fresh Fruits & Veg Co.,601.9,DEBIT,Groceries
2026-06-03,Big Bazar Retail,866.17,DEBIT,Groceries
2026-06-03,Ram's General store,1826.21,DEBIT,Groceries
2026-06-03,Zomato,645.38,DEBIT,Take-out
2026-06-03,Swiggy,1075.74,DEBIT,Take-out
2026-06-03,Ram's General store,1362.28,DEBIT,Groceries
2026-06-03,Big Bazar Retail,643.71,DEBIT,Groceries
2026-06-03,Amazon Mrktplace,1714.12,DEBIT,Shopping
2026-06-03,Zomato,270.22,DEBIT,Take-out
2026-06-03,Credit Card Bill,924.76,DEBIT,Interest-Payments
2026-06-03,Flipkart,726.31,DEBIT,Shopping
2026-06-03,Ola,1673.18,DEBIT,Transport
2026-06-04,Gas,1010.83,DEBIT,Utilities
2026-06-04,Ram's General store,1422.97,DEBIT,Groceries
2026-06-04,Ola,1247.36,DEBIT,Transport
2026-06-04,Amazon Mrktplace,1255.72,DEBIT,Shopping
2026-06-04,Flipkart,1129.68,DEBIT,Shopping
2026-06-04,Zomato,1631.53,DEBIT,Take-out
2026-06-04,Big Bazar Retail,493.4,DEBIT,Groceries
2026-06-04,Ola,1159.09,DEBIT,Transport
2026-06-04,Big Bazar Retail,1489.27,DEBIT,Groceries
2026-06-04,CityFlo,729.57,DEBIT,Transport
2026-06-04,Amazon Mrktplace,356.62,DEBIT,Shopping
2026-06-04,Fresh Fruits & Veg Co.,1580.93,DEBIT,Groceries
2026-06-04,Ola,906.83,DEBIT,Transport
2026-06-04,Zomato,1918.64,DEBIT,Take-out
2026-06-05,Amazon Mrktplace,960.81,DEBIT,Shopping
2026-06-05,Credit Card Bill,1041.02,DEBIT,Interest-Payments
2026-06-05,Big Bazar Retail,286.74,DEBIT,Groceries
2026-06-05,Loan Bill,762.85,DEBIT,Interest-Payments
2026-06-05,Credit Card Bill,1048.62,DEBIT,Interest-Payments
2026-06-05,Ola,995.05,DEBIT,Transport
2026-06-05,Wifi-bill,1067.82,DEBIT,Utilities
2026-06-05,Loan Bill,1716.76,DEBIT,Interest-Payments
2026-06-05,Big Bazar Retail,672.49,DEBIT,Groceries
2026-06-05,Fresh Fruits & Veg Co.,1085.37,DEBIT,Groceries
2026-06-05,Amazon Mrktplace,632.29,DEBIT,Shopping
2026-06-05,Loan Bill,1028.82,DEBIT,Interest-Payments
2026-06-05,Swiggy,358.53,DEBIT,Take-out
2026-06-05,Swiggy,1235.49,DEBIT,Take-out
2026-06-05,Wifi-bill,919.8,DEBIT,Utilities
2026-06-05,CityFlo,229.39,DEBIT,Transport
2026-06-05,Big Bazar Retail,1476.19,DEBIT,Groceries
2026-06-06,Wifi-bill,1244.09,DEBIT,Utilities
2026-06-06,Ola,1505.92,DEBIT,Transport
2026-06-06,Amazon Mrktplace,1545.98,DEBIT,Shopping
2026-06-06,Zomato,913.22,DEBIT,Take-out
2026-06-06,Ola,1101.34,DEBIT,Transport
2026-06-06,Zomato,1849.92,DEBIT,Take-out
2026-06-06,Wifi-bill,1729.93,DEBIT,Utilities
2026-06-07,Loan Bill,886.59,DEBIT,Interest-Payments
2026-06-07,Amazon Mrktplace,257.13,DEBIT,Shopping
2026-06-07,Flipkart,1328.29,DEBIT,Shopping
2026-06-07,Gas,1649.95,DEBIT,Utilities
2026-06-07,Credit Card Bill,351.29,DEBIT,Interest-Payments
2026-06-07,Electricity,1624.7,DEBIT,Utilities
2026-06-07,Wifi-bill,788.26,DEBIT,Utilities
2026-06-07,Ram's General store,1458.94,DEBIT,Groceries
2026-06-07,Credit Card Bill,1716.61,DEBIT,Interest-Payments
2026-06-07,Fresh Fruits & Veg Co.,1628.21,DEBIT,Groceries
2026-06-08,Loan Bill,824.02,DEBIT,Interest-Payments
2026-06-08,Credit Card Bill,990.83,DEBIT,Interest-Payments
2026-06-08,Ram's General store,254.7,DEBIT,Groceries
2026-06-08,Credit Card Bill,1890.89,DEBIT,Interest-Payments
2026-06-08,Credit Card Bill,905.81,DEBIT,Interest-Payments
2026-06-08,Zomato,1194.9,DEBIT,Take-out
2026-06-08,Gas,1220.17,DEBIT,Utilities
2026-06-08,Gas,1572.8,DEBIT,Utilities
2026-06-08,Loan Bill,953.46,DEBIT,Interest-Payments
2026-06-08,Swiggy,443.42,DEBIT,Take-out
2026-06-08,Loan Bill,502.68,DEBIT,Interest-Payments
2026-06-08,Amazon Mrktplace,1051.01,DEBIT,Shopping
2026-06-08,Amazon Mrktplace,956.34,DEBIT,Shopping
2026-06-08,Swiggy,1116.23,DEBIT,Take-out
2026-06-08,Loan Bill,1999.95,DEBIT,Interest-Payments
2026-06-09,Big Bazar Retail,331.75,DEBIT,Groceries
2026-06-09,Fresh Fruits & Veg Co.,1624.79,DEBIT,Groceries
2026-06-09,Loan Bill,1453.95,DEBIT,Interest-Payments
2026-06-09,Ram's General store,939.47,DEBIT,Groceries
2026-06-09,Amazon Mrktplace,1722.57,DEBIT,Shopping
2026-06-09,Zomato,965.15,DEBIT,Take-out
2026-06-09,Ram's General store,1132.35,DEBIT,Groceries
2026-06-09,Flipkart,1334.1,DEBIT,Shopping
2026-06-09,Swiggy,739.37,DEBIT,Take-out
2026-06-09,Electricity,1400.68,DEBIT,Utilities
2026-06-09,Wifi-bill,427.08,DEBIT,Utilities
2026-06-09,Ram's General store,1087.95,DEBIT,Groceries
2026-06-10,Ram's General store,519.08,DEBIT,Groceries
2026-06-10,Swiggy,281.27,DEBIT,Take-out
2026-06-10,CityFlo,568.11,DEBIT,Transport
2026-06-10,Big Bazar Retail,299.58,DEBIT,Groceries
2026-06-10,Swiggy,1096.95,DEBIT,Take-out
2026-06-10,Loan Bill,1545.61,DEBIT,Interest-Payments
2026-06-10,Credit Card Bill,1371.4,DEBIT,Interest-Payments
2026-06-10,Loan Bill,1191.5,DEBIT,Interest-Payments
2026-06-10,Amazon Mrktplace,803.05,DEBIT,Shopping
2026-06-10,Amazon Mrktplace,1858.96,DEBIT,Shopping
2026-06-10,Ola,1843.54,DEBIT,Transport
2026-06-10,CityFlo,768.9,DEBIT,Transport
2026-06-10,Swiggy,984.64,DEBIT,Take-out
2026-06-10,Fresh Fruits & Veg Co.,390.61,DEBIT,Groceries
2026-06-10,Fresh Fruits & Veg Co.,1512.34,DEBIT,Groceries
2026-06-10,Zomato,1369.61,DEBIT,Take-out
2026-06-10,Zomato,1770.01,DEBIT,Take-out
2026-06-10,Ola,1152.5,DEBIT,Transport
2026-06-10,Flipkart,1369.63,DEBIT,Shopping
2026-06-10,Flipkart,988.36,DEBIT,Shopping
2026-06-10,Loan Bill,1170.59,DEBIT,Interest-Payments
2026-06-10,Electricity,1298.32,DEBIT,Utilities
2026-06-11,Fresh Fruits & Veg Co.,436.77,DEBIT,Groceries
2026-06-11,Uber,1567.34,DEBIT,Transport
2026-06-11,Credit Card Bill,1277.47,DEBIT,Interest-Payments
2026-06-11,Swiggy,816.81,DEBIT,Take-out
2026-06-11,Amazon Mrktplace,1365.6,DEBIT,Shopping
2026-06-11,Swiggy,630.19,DEBIT,Take-out
2026-06-11,Ram's General store,741.12,DEBIT,Groceries
2026-06-11,Electricity,1949.67,DEBIT,Utilities
2026-06-12,Credit Card Bill,1068.5,DEBIT,Interest-Payments
2026-06-12,Wifi-bill,1804.42,DEBIT,Utilities
2026-06-12,Swiggy,1252.28,DEBIT,Take-out
2026-06-12,Electricity,991.25,DEBIT,Utilities
2026-06-12,CityFlo,1873.52,DEBIT,Transport
2026-06-12,Gas,294.39,DEBIT,Utilities
2026-06-12,Credit Card Bill,210.38,DEBIT,Interest-Payments
2026-06-12,Zomato,453.41,DEBIT,Take-out
2026-06-12,Credit Card Bill,1082.83,DEBIT,Interest-Payments
2026-06-12,Amazon Mrktplace,953.72,DEBIT,Shopping
2026-06-12,Flipkart,731.09,DEBIT,Shopping
2026-06-12,Gas,1044.21,DEBIT,Utilities
2026-06-12,Credit Card Bill,1078.59,DEBIT,Interest-Payments
2026-06-12,Amazon Mrktplace,450.53,DEBIT,Shopping
2026-06-12,Credit Card Bill,305.9,DEBIT,Interest-Payments
2026-06-12,Uber,317.19,DEBIT,Transport
2026-06-13,Refund credited from Amazon,788.98,CREDIT,Refund
2026-06-13,CityFlo,320.55,DEBIT,Transport
2026-06-13,Flipkart,1023.95,DEBIT,Shopping
2026-06-13,Flipkart,1272.66,DEBIT,Shopping
2026-06-13,Swiggy,920.66,DEBIT,Take-out
2026-06-13,Swiggy,900.68,DEBIT,Take-out
2026-06-13,Flipkart,340.98,DEBIT,Shopping
2026-06-13,Big Bazar Retail,224.35,DEBIT,Groceries
2026-06-13,Amazon Mrktplace,1267.37,DEBIT,Shopping
2026-06-13,Swiggy,869.84,DEBIT,Take-out
2026-06-13,Loan Bill,1276.05,DEBIT,Interest-Payments
2026-06-13,Flipkart,1593.61,DEBIT,Shopping
2026-06-13,Wifi-bill,258.75,DEBIT,Utilities
2026-06-13,Amazon Mrktplace,472.01,DEBIT,Shopping
2026-06-13,Fresh Fruits & Veg Co.,1534.95,DEBIT,Groceries
2026-06-13,Swiggy,727.28,DEBIT,Take-out
2026-06-13,Credit Card Bill,1676.72,DEBIT,Interest-Payments
2026-06-14,Electricity,1569.91,DEBIT,Utilities
2026-06-14,Big Bazar Retail,1162.15,DEBIT,Groceries
2026-06-14,Electricity,1797.11,DEBIT,Utilities
2026-06-14,Ram's General store,1776.41,DEBIT,Groceries
2026-06-14,Gas,639.38,DEBIT,Utilities
2026-06-14,Zomato,1349.82,DEBIT,Take-out
2026-06-14,Swiggy,1129.09,DEBIT,Take-out
2026-06-14,CityFlo,852.1,DEBIT,Transport
2026-06-14,Wifi-bill,644.83,DEBIT,Utilities
2026-06-14,Fresh Fruits & Veg Co.,481.17,DEBIT,Groceries
2026-06-14,Ram's General store,499.06,DEBIT,Groceries
2026-06-14,Gas,1491.61,DEBIT,Utilities
2026-06-14,Ram's General store,1770.75,DEBIT,Groceries
2026-06-14,Swiggy,206.78,DEBIT,Take-out
2026-06-15,Big Bazar Retail,1472.07,DEBIT,Groceries
2026-06-15,Uber,1612.8,DEBIT,Transport
2026-06-15,Amazon Mrktplace,656.34,DEBIT,Shopping
2026-06-15,Loan Bill,823.09,DEBIT,Interest-Payments
2026-06-15,Ram's General store,727.98,DEBIT,Groceries
2026-06-15,Electricity,1647.59,DEBIT,Utilities
2026-06-15,Loan Bill,1438.26,DEBIT,Interest-Payments
2026-06-15,Ola,1750.78,DEBIT,Transport
2026-06-15,Gas,979.64,DEBIT,Utilities
2026-06-15,Wifi-bill,737.55,DEBIT,Utilities
2026-06-15,Swiggy,1211.97,DEBIT,Take-out
2026-06-15,Ola,912.75,DEBIT,Transport
2026-06-15,Credit Card Bill,327.89,DEBIT,Interest-Payments
2026-06-15,Fresh Fruits & Veg Co.,1686.33,DEBIT,Groceries
2026-06-15,Big Bazar Retail,1382.83,DEBIT,Groceries
2026-06-15,Ram's General store,1955.99,DEBIT,Groceries
2026-06-16,Uber,1244.54,DEBIT,Transport
2026-06-16,CityFlo,616.98,DEBIT,Transport
2026-06-16,Electricity,651.13,DEBIT,Utilities
2026-06-16,Amazon Mrktplace,1410.36,DEBIT,Shopping
2026-06-16,Swiggy,1788.34,DEBIT,Take-out
2026-06-16,Swiggy,717.02,DEBIT,Take-out
2026-06-16,Wifi-bill,1863.25,DEBIT,Utilities
2026-06-16,Gas,722.47,DEBIT,Utilities
2026-06-16,Gas,950.66,DEBIT,Utilities
2026-06-16,Big Bazar Retail,332.28,DEBIT,Groceries
2026-06-17,Loan Bill,1436.32,DEBIT,Interest-Payments
2026-06-17,Gas,515.95,DEBIT,Utilities
2026-06-17,Wifi-bill,1102.05,DEBIT,Utilities
2026-06-17,Uber,244.0,DEBIT,Transport
2026-06-17,Ola,773.13,DEBIT,Transport
2026-06-17,Fresh Fruits & Veg Co.,1719.05,DEBIT,Groceries
2026-06-17,Fresh Fruits & Veg Co.,1009.98,DEBIT,Groceries
2026-06-17,Zomato,620.58,DEBIT,Take-out
2026-06-17,Ola,1424.45,DEBIT,Transport
2026-06-17,Amazon Mrktplace,320.71,DEBIT,Shopping
2026-06-17,Amazon Mrktplace,1533.99,DEBIT,Shopping
2026-06-18,Flipkart,1355.62,DEBIT,Shopping
2026-06-18,Flipkart,1681.33,DEBIT,Shopping
2026-06-18,CityFlo,1595.86,DEBIT,Transport
2026-06-18,Flipkart,947.98,DEBIT,Shopping
2026-06-18,Big Bazar Retail,1756.09,DEBIT,Groceries
2026-06-18,Ram's General store,690.05,DEBIT,Groceries
2026-06-18,Fresh Fruits & Veg Co.,497.38,DEBIT,Groceries
2026-06-18,Ola,536.36,DEBIT,Transport
2026-06-18,Swiggy,1293.67,DEBIT,Take-out
2026-06-18,Flipkart,1874.23,DEBIT,Shopping
2026-06-19,Ram's General store,1501.8,DEBIT,Groceries
2026-06-19,Ram's General store,415.51,DEBIT,Groceries
2026-06-19,Gas,1112.43,DEBIT,Utilities
2026-06-19,Credit Card Bill,1240.72,DEBIT,Interest-Payments
2026-06-19,Fresh Fruits & Veg Co.,946.21,DEBIT,Groceries
2026-06-19,Credit Card Bill,928.18,DEBIT,Interest-Payments
2026-06-19,Gas,1294.83,DEBIT,Utilities
2026-06-19,Gas,1458.17,DEBIT,Utilities
2026-06-19,Loan Bill,405.36,DEBIT,Interest-Payments
2026-06-19,Wifi-bill,1307.54,DEBIT,Utilities
2026-06-19,Flipkart,1658.4,DEBIT,Shopping
2026-06-19,Amazon Mrktplace,682.43,DEBIT,Shopping
2026-06-19,Swiggy,1261.55,DEBIT,Take-out
2026-06-19,Zomato,1954.51,DEBIT,Take-out
2026-06-19,Swiggy,730.31,DEBIT,Take-out
2026-06-19,Big Bazar Retail,573.12,DEBIT,Groceries
2026-06-19,Electricity,1546.24,DEBIT,Utilities
2026-06-19,Ola,475.05,DEBIT,Transport
2026-06-20,Wifi-bill,710.26,DEBIT,Utilities
2026-06-20,Uber,800.84,DEBIT,Transport
2026-06-20,Ram's General store,427.06,DEBIT,Groceries
2026-06-20,CityFlo,413.49,DEBIT,Transport
2026-06-20,Ola,238.57,DEBIT,Transport
2026-06-20,Amazon Mrktplace,612.69,DEBIT,Shopping
2026-06-20,Loan Bill,440.81,DEBIT,Interest-Payments
2026-06-20,Flipkart,1465.13,DEBIT,Shopping
2026-06-20,Big Bazar Retail,939.89,DEBIT,Groceries
2026-06-20,Uber,1730.99,DEBIT,Transport
2026-06-20,Gas,1596.83,DEBIT,Utilities
2026-06-21,CityFlo,827.08,DEBIT,Transport
2026-06-21,Flipkart,526.29,DEBIT,Shopping
2026-06-21,Wifi-bill,422.56,DEBIT,Utilities
2026-06-21,CityFlo,1733.7,DEBIT,Transport
2026-06-21,Ram's General store,1198.76,DEBIT,Groceries
2026-06-21,Big Bazar Retail,1811.06,DEBIT,Groceries
2026-06-21,Amazon Mrktplace,247.78,DEBIT,Shopping
2026-06-21,CityFlo,1582.77,DEBIT,Transport
2026-06-21,Swiggy,1899.63,DEBIT,Take-out
2026-06-21,Credit Card Bill,960.96,DEBIT,Interest-Payments
2026-06-21,Amazon Mrktplace,998.45,DEBIT,Shopping
2026-06-21,Fresh Fruits & Veg Co.,1937.9,DEBIT,Groceries
2026-06-21,Amazon Mrktplace,1340.65,DEBIT,Shopping
2026-06-21,Credit Card Bill,676.29,DEBIT,Interest-Payments
2026-06-21,Fresh Fruits & Veg Co.,332.59,DEBIT,Groceries
2026-06-21,CityFlo,1452.91,DEBIT,Transport
2026-06-22,Wifi-bill,791.73,DEBIT,Utilities
2026-06-22,Flipkart,982.57,DEBIT,Shopping
2026-06-22,Flipkart,320.34,DEBIT,Shopping
2026-06-22,Wifi-bill,991.46,DEBIT,Utilities
2026-06-22,Wifi-bill,1986.12,DEBIT,Utilities
2026-06-22,CityFlo,1100.29,DEBIT,Transport
2026-06-22,Uber,666.43,DEBIT,Transport
2026-06-22,Gas,420.56,DEBIT,Utilities
2026-06-22,Ram's General store,779.87,DEBIT,Groceries
2026-06-22,Uber,1972.87,DEBIT,Transport
2026-06-22,Ram's General store,433.14,DEBIT,Groceries
2026-06-23,Flipkart,1097.72,DEBIT,Shopping
2026-06-23,Big Bazar Retail,1141.18,DEBIT,Groceries
2026-06-23,Amazon Mrktplace,725.34,DEBIT,Shopping
2026-06-23,Uber,320.76,DEBIT,Transport
2026-06-23,Flipkart,1800.43,DEBIT,Shopping
2026-06-23,Fresh Fruits & Veg Co.,886.88,DEBIT,Groceries
2026-06-23,CityFlo,851.69,DEBIT,Transport
2026-06-23,Flipkart,300.17,DEBIT,Shopping
2026-06-23,Wifi-bill,847.17,DEBIT,Utilities
2026-06-23,Zomato,1616.61,DEBIT,Take-out
2026-06-23,Zomato,227.22,DEBIT,Take-out
2026-06-24,Loan Bill,1458.56,DEBIT,Interest-Payments
2026-06-24,Ola,1955.76,DEBIT,Transport
2026-06-24,Swiggy,1531.61,DEBIT,Take-out
2026-06-24,Big Bazar Retail,1825.32,DEBIT,Groceries
2026-06-24,Ola,949.59,DEBIT,Transport
2026-06-24,Loan Bill,374.68,DEBIT,Interest-Payments
2026-06-24,Loan Bill,931.97,DEBIT,Interest-Payments
2026-06-24,Gas,1349.14,DEBIT,Utilities
2026-06-24,Zomato,1382.17,DEBIT,Take-out
2026-06-24,Flipkart,1156.18,DEBIT,Shopping
2026-06-24,Ram's General store,993.47,DEBIT,Groceries
2026-06-24,Credit Card Bill,955.82,DEBIT,Interest-Payments
2026-06-24,Ram's General store,1031.07,DEBIT,Groceries
2026-06-24,Ola,1308.52,DEBIT,Transport
2026-06-24,Credit Card Bill,1073.09,DEBIT,Interest-Payments
2026-06-24,Ola,1811.53,DEBIT,Transport
2026-06-24,Wifi-bill,1813.33,DEBIT,Utilities
2026-06-25,Swiggy,1104.19,DEBIT,Take-out
2026-06-25,Flipkart,862.66,DEBIT,Shopping
2026-06-25,Uber,759.03,DEBIT,Transport
2026-06-25,Big Bazar Retail,1233.49,DEBIT,Groceries
2026-06-25,Fresh Fruits & Veg Co.,1830.08,DEBIT,Groceries
2026-06-25,Zomato,608.96,DEBIT,Take-out
2026-06-25,Uber,1502.79,DEBIT,Transport
2026-06-25,Big Bazar Retail,898.49,DEBIT,Groceries
2026-06-25,Zomato,1465.69,DEBIT,Take-out
2026-06-25,Loan Bill,1214.67,DEBIT,Interest-Payments
2026-06-25,Uber,263.77,DEBIT,Transport
2026-06-25,Credit Card Bill,677.76,DEBIT,Interest-Payments
2026-06-26,Refund credited from Amazon,587.73,CREDIT,Refund
2026-06-26,Loan Bill,562.52,DEBIT,Interest-Payments
2026-06-26,Gas,486.46,DEBIT,Utilities
2026-06-26,Fresh Fruits & Veg Co.,478.54,DEBIT,Groceries
2026-06-26,Amazon Mrktplace,1688.02,DEBIT,Shopping
2026-06-26,Loan Bill,762.45,DEBIT,Interest-Payments
2026-06-26,CityFlo,1849.64,DEBIT,Transport
2026-06-26,Credit Card Bill,1258.8,DEBIT,Interest-Payments
2026-06-26,Loan Bill,282.31,DEBIT,Interest-Payments
2026-06-27,Flipkart,450.0,DEBIT,Shopping
2026-06-27,Electricity,605.74,DEBIT,Utilities
2026-06-27,Loan Bill,1748.98,DEBIT,Interest-Payments
2026-06-27,Ram's General store,388.84,DEBIT,Groceries
2026-06-27,Fresh Fruits & Veg Co.,791.2,DEBIT,Groceries
2026-06-27,Ola,505.53,DEBIT,Transport
2026-06-27,Credit Card Bill,1684.09,DEBIT,Interest-Payments
2026-06-27,Amazon Mrktplace,1634.64,DEBIT,Shopping
2026-06-27,Swiggy,1958.44,DEBIT,Take-out
2026-06-27,Fresh Fruits & Veg Co.,587.19,DEBIT,Groceries
2026-06-27,Electricity,918.52,DEBIT,Utilities
2026-06-28,Flipkart,1024.32,DEBIT,Shopping
2026-06-28,Swiggy,1639.03,DEBIT,Take-out
2026-06-28,Amazon Mrktplace,1558.13,DEBIT,Shopping
2026-06-28,Ram's General store,277.4,DEBIT,Groceries
2026-06-28,Loan Bill,1633.88,DEBIT,Interest-Payments
2026-06-28,Credit Card Bill,321.91,DEBIT,Interest-Payments
2026-06-28,CityFlo,642.64,DEBIT,Transport
2026-06-28,Zomato,692.94,DEBIT,Take-out
2026-06-28,Amazon Mrktplace,644.43,DEBIT,Shopping
2026-06-28,Loan Bill,860.86,DEBIT,Interest-Payments
2026-06-28,Ram's General store,1634.71,DEBIT,Groceries
2026-06-28,Credit Card Bill,897.54,DEBIT,Interest-Payments
2026-06-28,Swiggy,910.91,DEBIT,Take-out
2026-06-28,Zomato,1643.47,DEBIT,Take-out
2026-06-28,Credit Card Bill,1671.65,DEBIT,Interest-Payments
2026-06-28,CityFlo,1865.79,DEBIT,Transport
2026-06-28,Zomato,1417.9,DEBIT,Take-out
2026-06-28,Gas,957.65,DEBIT,Utilities
2026-06-28,Loan Bill,699.43,DEBIT,Interest-Payments
2026-06-28,Flipkart,691.2,DEBIT,Shopping
2026-06-29,Electricity,303.21,DEBIT,Utilities
2026-06-29,Uber,1946.24,DEBIT,Transport
2026-06-29,Loan Bill,1031.87,DEBIT,Interest-Payments
2026-06-29,Uber,328.96,DEBIT,Transport
2026-06-29,Ram's General store,963.81,DEBIT,Groceries
2026-06-29,Flipkart,1699.04,DEBIT,Shopping
2026-06-29,Zomato,1711.97,DEBIT,Take-out
2026-06-29,Swiggy,960.02,DEBIT,Take-out
2026-06-29,Flipkart,1322.29,DEBIT,Shopping
2026-06-29,Ram's General store,560.16,DEBIT,Groceries
2026-06-29,Loan Bill,1064.88,DEBIT,Interest-Payments
2026-06-29,Amazon Mrktplace,1756.54,DEBIT,Shopping
2026-06-29,Big Bazar Retail,1525.0,DEBIT,Groceries
2026-06-29,Swiggy,920.12,DEBIT,Take-out
2026-06-29,CityFlo,538.65,DEBIT,Transport
2026-06-30,Ola,1275.82,DEBIT,Transport
2026-06-30,Wifi-bill,616.45,DEBIT,Utilities
2026-06-30,Uber,757.57,DEBIT,Transport
2026-06-30,Electricity,1213.45,DEBIT,Utilities
2026-06-30,Flipkart,578.89,DEBIT,Shopping
2026-06-30,Fresh Fruits & Veg Co.,1387.98,DEBIT,Groceries
2026-06-30,Amazon Mrktplace,1941.03,DEBIT,Shopping
2026-06-30,Wifi-bill,560.34,DEBIT,Utilities
2026-06-30,Ram's General store,1402.77,DEBIT,Groceries
2026-06-30,Swiggy,1293.73,DEBIT,Take-out
2026-06-30,Gas,407.03,DEBIT,Utilities
2026-06-30,Ram's General store,494.48,DEBIT,Groceries
2026-06-30,Loan Bill,372.49,DEBIT,Interest-Payments
2026-06-30,Uber,390.54,DEBIT,Transport
2026-06-30,Uber,746.87,DEBIT,Transport
2026-06-30,Flipkart,1325.51,DEBIT,Shopping
2026-06-30,Ram's General store,1788.99,DEBIT,Groceries
2026-06-30,Big Bazar Retail,750.76,DEBIT,Groceries
2026-06-30,Loan Bill,1945.52,DEBIT,Interest-Payments
2026-06-30,Flipkart,1617.79,DEBIT,Shopping
2026-07-01,Salary credited from CypherSOL,60000.0,CREDIT,Salary
2026-07-01,Amazon Mrktplace,758.95,DEBIT,Shopping
2026-07-01,Loan Bill,1710.72,DEBIT,Interest-Payments
2026-07-01,Amazon Mrktplace,1434.44,DEBIT,Shopping
2026-07-01,Electricity,687.2,DEBIT,Utilities
2026-07-01,Wifi-bill,1442.93,DEBIT,Utilities
2026-07-01,Zomato,1566.49,DEBIT,Take-out
2026-07-01,Amazon Mrktplace,614.25,DEBIT,Shopping
2026-07-01,Swiggy,987.24,DEBIT,Take-out
2026-07-01,Credit Card Bill,1685.59,DEBIT,Interest-Payments
2026-07-01,Flipkart,1788.6,DEBIT,Shopping
2026-07-01,CityFlo,422.7,DEBIT,Transport
2026-07-01,Swiggy,1136.65,DEBIT,Take-out
2026-07-01,Gas,207.5,DEBIT,Utilities
2026-07-01,Amazon Mrktplace,1198.97,DEBIT,Shopping
2026-07-01,Zomato,1834.6,DEBIT,Take-out
2026-07-01,Loan Bill,1591.71,DEBIT,Interest-Payments
2026-07-01,Swiggy,1672.06,DEBIT,Take-out
2026-07-02,Fresh Fruits & Veg Co.,561.12,DEBIT,Groceries
2026-07-02,Electricity,1022.66,DEBIT,Utilities
2026-07-02,Uber,246.19,DEBIT,Transport
2026-07-02,Loan Bill,528.19,DEBIT,Interest-Payments
2026-07-02,Ola,1635.54,DEBIT,Transport
2026-07-02,Loan Bill,1010.23,DEBIT,Interest-Payments
2026-07-02,Credit Card Bill,1036.04,DEBIT,Interest-Payments
2026-07-02,Uber,395.26,DEBIT,Transport
2026-07-02,Uber,297.19,DEBIT,Transport
2026-07-02,Ram's General store,261.61,DEBIT,Groceries
2026-07-03,Ram's General store,1663.36,DEBIT,Groceries
2026-07-03,Amazon Mrktplace,1975.33,DEBIT,Shopping
2026-07-03,Zomato,628.37,DEBIT,Take-out
2026-07-03,Amazon Mrktplace,567.59,DEBIT,Shopping
2026-07-03,CityFlo,1437.57,DEBIT,Transport
2026-07-03,Amazon Mrktplace,692.53,DEBIT,Shopping
2026-07-03,Amazon Mrktplace,373.06,DEBIT,Shopping
2026-07-03,Gas,693.92,DEBIT,Utilities
2026-07-03,Uber,436.43,DEBIT,Transport
2026-07-03,Zomato,1607.73,DEBIT,Take-out
2026-07-03,CityFlo,1602.57,DEBIT,Transport
2026-07-03,Gas,781.28,DEBIT,Utilities
2026-07-03,Credit Card Bill,447.3,DEBIT,Interest-Payments
2026-07-03,Big Bazar Retail,667.08,DEBIT,Groceries
2026-07-04,Amazon Mrktplace,1324.35,DEBIT,Shopping
2026-07-04,Swiggy,575.75,DEBIT,Take-out
2026-07-04,Amazon Mrktplace,621.59,DEBIT,Shopping
2026-07-04,Ola,1028.07,DEBIT,Transport
2026-07-04,Uber,1615.03,DEBIT,Transport
2026-07-04,CityFlo,582.23,DEBIT,Transport
2026-07-04,Amazon Mrktplace,1460.48,DEBIT,Shopping
2026-07-04,Electricity,1835.55,DEBIT,Utilities
2026-07-04,Loan Bill,1923.31,DEBIT,Interest-Payments
2026-07-04,Wifi-bill,482.35,DEBIT,Utilities
2026-07-04,Flipkart,627.79,DEBIT,Shopping
2026-07-04,Uber,330.4,DEBIT,Transport
2026-07-04,Zomato,506.56,DEBIT,Take-out
2026-07-04,Zomato,268.54,DEBIT,Take-out
2026-07-04,Ram's General store,690.54,DEBIT,Groceries
2026-07-04,Fresh Fruits & Veg Co.,690.67,DEBIT,Groceries
2026-07-04,Zomato,1685.12,DEBIT,Take-out
2026-07-05,Uber,281.19,DEBIT,Transport
2026-07-05,Fresh Fruits & Veg Co.,1256.62,DEBIT,Groceries
2026-07-05,Amazon Mrktplace,1947.51,DEBIT,Shopping
2026-07-05,Gas,1520.9,DEBIT,Utilities
2026-07-05,Credit Card Bill,1020.08,DEBIT,Interest-Payments
2026-07-05,Swiggy,1280.67,DEBIT,Take-out
2026-07-05,Loan Bill,794.46,DEBIT,Interest-Payments
2026-07-05,Zomato,1380.37,DEBIT,Take-out
2026-07-05,Big Bazar Retail,1275.48,DEBIT,Groceries
2026-07-05,CityFlo,1352.36,DEBIT,Transport
2026-07-05,Ram's General store,251.89,DEBIT,Groceries
2026-07-05,Zomato,1989.59,DEBIT,Take-out
2026-07-05,CityFlo,570.22,DEBIT,Transport
2026-07-05,Loan Bill,699.45,DEBIT,Interest-Payments
2026-07-05,Flipkart,424.87,DEBIT,Shopping
2026-07-06,CityFlo,752.35,DEBIT,Transport
2026-07-06,Uber,234.99,DEBIT,Transport
2026-07-06,Credit Card Bill,1163.03,DEBIT,Interest-Payments
2026-07-06,Flipkart,1788.24,DEBIT,Shopping
2026-07-06,Uber,563.99,DEBIT,Transport
2026-07-06,Wifi-bill,329.48,DEBIT,Utilities
2026-07-06,Credit Card Bill,1930.42,DEBIT,Interest-Payments
2026-07-06,Loan Bill,586.55,DEBIT,Interest-Payments
2026-07-06,Loan Bill,1938.47,DEBIT,Interest-Payments
2026-07-06,Loan Bill,394.97,DEBIT,Interest-Payments
2026-07-06,Amazon Mrktplace,332.55,DEBIT,Shopping
2026-07-06,Credit Card Bill,356.37,DEBIT,Interest-Payments
2026-07-07,Fresh Fruits & Veg Co.,1889.45,DEBIT,Groceries
2026-07-07,CityFlo,1791.67,DEBIT,Transport
2026-07-07,Uber,335.89,DEBIT,Transport
2026-07-07,Loan Bill,550.8,DEBIT,Interest-Payments
2026-07-07,Amazon Mrktplace,563.98,DEBIT,Shopping
2026-07-07,Ram's General store,1526.06,DEBIT,Groceries
2026-07-07,Zomato,1714.63,DEBIT,Take-out
2026-07-07,Big Bazar Retail,1732.46,DEBIT,Groceries
2026-07-07,Ram's General store,1882.94,DEBIT,Groceries
2026-07-07,Big Bazar Retail,1260.81,DEBIT,Groceries
2026-07-07,Ram's General store,1493.46,DEBIT,Groceries
2026-07-07,Fresh Fruits & Veg Co.,1215.02,DEBIT,Groceries
2026-07-07,Fresh Fruits & Veg Co.,1774.13,DEBIT,Groceries
2026-07-07,Flipkart,236.92,DEBIT,Shopping
2026-07-07,Flipkart,1078.19,DEBIT,Shopping
2026-07-07,Loan Bill,878.33,DEBIT,Interest-Payments
2026-07-07,Flipkart,1466.37,DEBIT,Shopping
2026-07-07,Fresh Fruits & Veg Co.,1540.29,DEBIT,Groceries
2026-07-07,Wifi-bill,1465.75,DEBIT,Utilities
2026-07-07,Ola,921.03,DEBIT,Transport
2026-07-08,Flipkart,1535.05,DEBIT,Shopping
2026-07-08,CityFlo,709.11,DEBIT,Transport
2026-07-08,Gas,1804.1,DEBIT,Utilities
2026-07-08,Credit Card Bill,1144.18,DEBIT,Interest-Payments
2026-07-08,Big Bazar Retail,1887.14,DEBIT,Groceries
2026-07-08,Loan Bill,1846.59,DEBIT,Interest-Payments
2026-07-08,Loan Bill,921.87,DEBIT,Interest-Payments
2026-07-08,CityFlo,1798.44,DEBIT,Transport
2026-07-08,Fresh Fruits & Veg Co.,686.15,DEBIT,Groceries
2026-07-08,Swiggy,1030.84,DEBIT,Take-out
2026-07-08,Credit Card Bill,327.51,DEBIT,Interest-Payments
2026-07-08,Ola,1843.26,DEBIT,Transport
2026-07-08,Flipkart,1333.67,DEBIT,Shopping
2026-07-09,Loan Bill,1540.4,DEBIT,Interest-Payments
2026-07-09,Fresh Fruits & Veg Co.,1085.48,DEBIT,Groceries
2026-07-09,Flipkart,1727.48,DEBIT,Shopping
2026-07-09,Gas,417.36,DEBIT,Utilities
2026-07-09,Fresh Fruits & Veg Co.,1805.11,DEBIT,Groceries
2026-07-09,Swiggy,1010.35,DEBIT,Take-out
2026-07-09,CityFlo,1812.04,DEBIT,Transport
2026-07-09,Flipkart,1333.08,DEBIT,Shopping
2026-07-09,Uber,836.32,DEBIT,Transport
2026-07-09,Big Bazar Retail,503.34,DEBIT,Groceries
2026-07-09,Flipkart,1700.25,DEBIT,Shopping
2026-07-09,Loan Bill,1439.25,DEBIT,Interest-Payments
2026-07-10,CityFlo,1809.85,DEBIT,Transport
2026-07-10,Amazon Mrktplace,1783.91,DEBIT,Shopping
2026-07-10,Wifi-bill,1808.93,DEBIT,Utilities
2026-07-10,Big Bazar Retail,710.22,DEBIT,Groceries
2026-07-10,Swiggy,551.89,DEBIT,Take-out
2026-07-10,Uber,961.39,DEBIT,Transport
2026-07-10,Ola,1532.26,DEBIT,Transport
2026-07-10,Zomato,1450.55,DEBIT,Take-out
2026-07-10,Zomato,741.07,DEBIT,Take-out
2026-07-10,Electricity,1253.87,DEBIT,Utilities
2026-07-10,Fresh Fruits & Veg Co.,383.83,DEBIT,Groceries
2026-07-10,Ola,367.97,DEBIT,Transport
2026-07-11,Ola,1752.67,DEBIT,Transport
2026-07-11,Zomato,1412.24,DEBIT,Take-out
2026-07-11,Ram's General store,1468.2,DEBIT,Groceries
2026-07-11,Electricity,1914.34,DEBIT,Utilities
2026-07-11,Flipkart,896.89,DEBIT,Shopping
2026-07-11,Loan Bill,1000.92,DEBIT,Interest-Payments
2026-07-11,Amazon Mrktplace,204.29,DEBIT,Shopping
2026-07-11,Amazon Mrktplace,1290.21,DEBIT,Shopping
2026-07-11,Flipkart,1917.35,DEBIT,Shopping
2026-07-11,Flipkart,1282.59,DEBIT,Shopping
2026-07-11,Zomato,1155.81,DEBIT,Take-out
2026-07-11,Credit Card Bill,1318.47,DEBIT,Interest-Payments
2026-07-11,Ram's General store,1321.94,DEBIT,Groceries
2026-07-11,Fresh Fruits & Veg Co.,1434.56,DEBIT,Groceries
2026-07-11,Electricity,934.54,DEBIT,Utilities
2026-07-11,Ola,1212.57,DEBIT,Transport
2026-07-12,Fresh Fruits & Veg Co.,1476.28,DEBIT,Groceries
2026-07-12,Ola,379.32,DEBIT,Transport
2026-07-12,Credit Card Bill,1104.31,DEBIT,Interest-Payments
2026-07-12,Electricity,1959.05,DEBIT,Utilities
2026-07-12,Electricity,435.38,DEBIT,Utilities
2026-07-12,Loan Bill,1117.91,DEBIT,Interest-Payments
2026-07-12,Gas,1591.22,DEBIT,Utilities
2026-07-12,Amazon Mrktplace,1087.55,DEBIT,Shopping
2026-07-12,Gas,1957.37,DEBIT,Utilities
2026-07-12,Amazon Mrktplace,215.06,DEBIT,Shopping
2026-07-12,Ram's General store,1278.3,DEBIT,Groceries
2026-07-12,Ola,591.05,DEBIT,Transport
2026-07-12,Electricity,255.48,DEBIT,Utilities
2026-07-12,CityFlo,1412.48,DEBIT,Transport
2026-07-12,Loan Bill,1983.56,DEBIT,Interest-Payments
2026-07-12,Fresh Fruits & Veg Co.,869.79,DEBIT,Groceries
2026-07-12,Electricity,625.73,DEBIT,Utilities
2026-07-12,Zomato,1063.25,DEBIT,Take-out
2026-07-12,Gas,1504.35,DEBIT,Utilities
2026-07-12,Wifi-bill,387.9,DEBIT,Utilities
2026-07-12,Fresh Fruits & Veg Co.,1290.85,DEBIT,Groceries
2026-07-12,Zomato,370.82,DEBIT,Take-out
2026-07-12,Ram's General store,1251.91,DEBIT,Groceries
2026-07-12,Zomato,347.64,DEBIT,Take-out
2026-07-12,Credit Card Bill,1711.29,DEBIT,Interest-Payments
2026-07-12,Wifi-bill,1419.78,DEBIT,Utilities
2026-07-13,Flipkart,519.87,DEBIT,Shopping
2026-07-13,Loan Bill,385.11,DEBIT,Interest-Payments
2026-07-13,Loan Bill,1893.1,DEBIT,Interest-Payments
2026-07-13,Credit Card Bill,306.8,DEBIT,Interest-Payments
2026-07-13,CityFlo,1402.85,DEBIT,Transport
2026-07-13,Fresh Fruits & Veg Co.,1479.33,DEBIT,Groceries
2026-07-13,Swiggy,1690.25,DEBIT,Take-out
2026-07-13,Wifi-bill,443.06,DEBIT,Utilities
2026-07-13,Swiggy,1866.22,DEBIT,Take-out
2026-07-13,Wifi-bill,812.9,DEBIT,Utilities
2026-07-13,CityFlo,909.68,DEBIT,Transport
2026-07-13,Zomato,1262.42,DEBIT,Take-out
2026-07-13,Big Bazar Retail,460.02,DEBIT,Groceries
2026-07-13,Zomato,357.61,DEBIT,Take-out
2026-07-13,CityFlo,453.0,DEBIT,Transport
2026-07-13,Zomato,826.21,DEBIT,Take-out
2026-07-13,Fresh Fruits & Veg Co.,333.12,DEBIT,Groceries
2026-07-13,Amazon Mrktplace,834.52,DEBIT,Shopping
2026-07-14,Wifi-bill,1232.55,DEBIT,Utilities
2026-07-14,Ola,1406.51,DEBIT,Transport
2026-07-14,Gas,1783.91,DEBIT,Utilities
2026-07-14,Fresh Fruits & Veg Co.,1237.85,DEBIT,Groceries
2026-07-14,Ram's General store,1293.42,DEBIT,Groceries
2026-07-14,Uber,1706.33,DEBIT,Transport
2026-07-14,Loan Bill,612.69,DEBIT,Interest-Payments
2026-07-14,Fresh Fruits & Veg Co.,727.73,DEBIT,Groceries
2026-07-14,Uber,1837.04,DEBIT,Transport
2026-07-14,Swiggy,1445.06,DEBIT,Take-out
2026-07-14,Loan Bill,437.14,DEBIT,Interest-Payments
2026-07-14,CityFlo,622.51,DEBIT,Transport
2026-07-14,Uber,1056.63,DEBIT,Transport
2026-07-14,Ram's General store,1172.15,DEBIT,Groceries
2026-07-14,Credit Card Bill,1358.34,DEBIT,Interest-Payments
2026-07-14,Zomato,1568.28,DEBIT,Take-out
2026-07-14,Wifi-bill,434.31,DEBIT,Utilities
2026-07-15,Refund credited from Amazon,714.48,CREDIT,Refund
2026-07-15,Amazon Mrktplace,1915.67,DEBIT,Shopping
2026-07-15,Credit Card Bill,1625.43,DEBIT,Interest-Payments
2026-07-15,Ram's General store,330.38,DEBIT,Groceries
2026-07-15,Electricity,1647.21,DEBIT,Utilities
2026-07-15,Amazon Mrktplace,207.49,DEBIT,Shopping
2026-07-15,Flipkart,488.09,DEBIT,Shopping
2026-07-15,Loan Bill,1815.04,DEBIT,Interest-Payments
2026-07-15,Swiggy,685.67,DEBIT,Take-out
2026-07-15,Fresh Fruits & Veg Co.,844.36,DEBIT,Groceries
2026-07-15,Credit Card Bill,1027.54,DEBIT,Interest-Payments
2026-07-15,Amazon Mrktplace,1026.45,DEBIT,Shopping
2026-07-16,Amazon Mrktplace,1284.05,DEBIT,Shopping
2026-07-16,Flipkart,383.99,DEBIT,Shopping
2026-07-16,Swiggy,824.4,DEBIT,Take-out
2026-07-16,Ola,1272.8,DEBIT,Transport
2026-07-16,Fresh Fruits & Veg Co.,1113.95,DEBIT,Groceries
2026-07-16,Credit Card Bill,655.28,DEBIT,Interest-Payments
2026-07-16,Uber,377.84,DEBIT,Transport
2026-07-16,Loan Bill,1360.98,DEBIT,Interest-Payments
2026-07-16,Electricity,670.0,DEBIT,Utilities
2026-07-17,Amazon Mrktplace,1938.84,DEBIT,Shopping
2026-07-17,Uber,1127.06,DEBIT,Transport
2026-07-17,Swiggy,313.65,DEBIT,Take-out
2026-07-17,Swiggy,1371.6,DEBIT,Take-out
2026-07-17,Wifi-bill,512.92,DEBIT,Utilities
2026-07-17,Swiggy,1194.25,DEBIT,Take-out
2026-07-17,CityFlo,446.77,DEBIT,Transport
2026-07-17,Swiggy,768.87,DEBIT,Take-out
2026-07-17,Uber,1053.37,DEBIT,Transport
2026-07-17,Wifi-bill,560.62,DEBIT,Utilities
2026-07-17,Amazon Mrktplace,1715.82,DEBIT,Shopping
2026-07-17,Big Bazar Retail,561.04,DEBIT,Groceries
2026-07-17,Amazon Mrktplace,1739.38,DEBIT,Shopping
2026-07-17,Zomato,1963.37,DEBIT,Take-out
2026-07-17,Gas,1087.85,DEBIT,Utilities
2026-07-17,Amazon Mrktplace,1108.85,DEBIT,Shopping
2026-07-17,Big Bazar Retail,1592.27,DEBIT,Groceries
2026-07-18,Wifi-bill,1258.64,DEBIT,Utilities
2026-07-18,Big Bazar Retail,504.12,DEBIT,Groceries
2026-07-18,Swiggy,1601.42,DEBIT,Take-out
2026-07-18,Amazon Mrktplace,1203.94,DEBIT,Shopping
2026-07-18,Amazon Mrktplace,1694.94,DEBIT,Shopping
2026-07-18,CityFlo,371.97,DEBIT,Transport
2026-07-18,Swiggy,349.23,DEBIT,Take-out
2026-07-18,Uber,1085.21,DEBIT,Transport
2026-07-18,Ola,1546.96,DEBIT,Transport
2026-07-18,Swiggy,1846.44,DEBIT,Take-out
2026-07-18,Big Bazar Retail,647.8,DEBIT,Groceries
2026-07-18,Flipkart,594.22,DEBIT,Shopping
2026-07-18,Ola,1510.61,DEBIT,Transport
2026-07-18,Flipkart,817.19,DEBIT,Shopping
2026-07-18,Fresh Fruits & Veg Co.,506.52,DEBIT,Groceries
2026-07-18,Ola,434.91,DEBIT,Transport
2026-07-19,Loan Bill,569.8,DEBIT,Interest-Payments
2026-07-19,Flipkart,827.76,DEBIT,Shopping
2026-07-19,Ola,1127.87,DEBIT,Transport
2026-07-19,CityFlo,913.88,DEBIT,Transport
2026-07-19,Gas,1691.22,DEBIT,Utilities
2026-07-19,Zomato,672.55,DEBIT,Take-out
2026-07-20,Zomato,235.29,DEBIT,Take-out
2026-07-20,Credit Card Bill,756.16,DEBIT,Interest-Payments
2026-07-20,Ram's General store,521.43,DEBIT,Groceries
2026-07-20,Big Bazar Retail,835.61,DEBIT,Groceries
2026-07-20,Swiggy,204.93,DEBIT,Take-out
2026-07-20,Credit Card Bill,1614.31,DEBIT,Interest-Payments
2026-07-20,Uber,1994.17,DEBIT,Transport
2026-07-20,Zomato,1744.2,DEBIT,Take-out
2026-07-20,Swiggy,771.23,DEBIT,Take-out
2026-07-20,Ola,1101.86,DEBIT,Transport
2026-07-20,Big Bazar Retail,1887.94,DEBIT,Groceries
2026-07-20,Gas,1447.14,DEBIT,Utilities
2026-07-20,Amazon Mrktplace,694.79,DEBIT,Shopping
2026-07-20,Wifi-bill,1622.32,DEBIT,Utilities
2026-07-20,Amazon Mrktplace,280.83,DEBIT,Shopping
2026-07-21,Big Bazar Retail,999.94,DEBIT,Groceries
2026-07-21,Loan Bill,871.49,DEBIT,Interest-Payments
2026-07-21,Zomato,253.08,DEBIT,Take-out
2026-07-21,CityFlo,257.45,DEBIT,Transport
2026-07-21,Flipkart,1585.75,DEBIT,Shopping
2026-07-21,Flipkart,987.85,DEBIT,Shopping
2026-07-21,Credit Card Bill,249.82,DEBIT,Interest-Payments
2026-07-21,Flipkart,214.81,DEBIT,Shopping
2026-07-21,Swiggy,764.24,DEBIT,Take-out
2026-07-21,Ram's General store,1556.84,DEBIT,Groceries
2026-07-21,Swiggy,1482.23,DEBIT,Take-out
2026-07-21,Zomato,533.26,DEBIT,Take-out
2026-07-21,Credit Card Bill,860.85,DEBIT,Interest-Payments
2026-07-22,CityFlo,1668.78,DEBIT,Transport
2026-07-22,Loan Bill,354.43,DEBIT,Interest-Payments
2026-07-22,Zomato,559.44,DEBIT,Take-out
2026-07-22,Electricity,815.12,DEBIT,Utilities
2026-07-22,Credit Card Bill,1307.53,DEBIT,Interest-Payments
2026-07-22,Uber,1343.71,DEBIT,Transport
2026-07-22,Fresh Fruits & Veg Co.,1780.28,DEBIT,Groceries
2026-07-23,Uber,1557.67,DEBIT,Transport
2026-07-23,Uber,1274.51,DEBIT,Transport
2026-07-23,Swiggy,1273.36,DEBIT,Take-out
2026-07-23,Uber,1594.31,DEBIT,Transport
2026-07-23,Fresh Fruits & Veg Co.,1288.01,DEBIT,Groceries
2026-07-23,Zomato,1529.27,DEBIT,Take-out
2026-07-23,Credit Card Bill,500.61,DEBIT,Interest-Payments
2026-07-23,Loan Bill,1358.05,DEBIT,Interest-Payments
2026-07-23,Gas,1062.46,DEBIT,Utilities
2026-07-23,Credit Card Bill,1619.2,DEBIT,Interest-Payments
2026-07-23,Loan Bill,1911.09,DEBIT,Interest-Payments
2026-07-23,Zomato,610.92,DEBIT,Take-out
2026-07-23,Fresh Fruits & Veg Co.,988.24,DEBIT,Groceries
2026-07-23,Wifi-bill,1077.9,DEBIT,Utilities
2026-07-23,Zomato,301.39,DEBIT,Take-out
2026-07-23,Gas,1044.98,DEBIT,Utilities
2026-07-23,Credit Card Bill,458.9,DEBIT,Interest-Payments
2026-07-24,Big Bazar Retail,993.81,DEBIT,Groceries
2026-07-24,Wifi-bill,1786.41,DEBIT,Utilities
2026-07-24,Zomato,239.85,DEBIT,Take-out
2026-07-24,CityFlo,1907.13,DEBIT,Transport
2026-07-24,Loan Bill,864.04,DEBIT,Interest-Payments
2026-07-24,Flipkart,290.46,DEBIT,Shopping
2026-07-24,Gas,590.2,DEBIT,Utilities
2026-07-24,Flipkart,843.09,DEBIT,Shopping
2026-07-24,Uber,358.47,DEBIT,Transport
2026-07-24,Flipkart,877.86,DEBIT,Shopping
2026-07-24,Wifi-bill,1970.58,DEBIT,Utilities
2026-07-24,Swiggy,1894.67,DEBIT,Take-out
2026-07-24,Fresh Fruits & Veg Co.,1533.45,DEBIT,Groceries
2026-07-25,CityFlo,1052.07,DEBIT,Transport
2026-07-25,Electricity,497.6,DEBIT,Utilities
2026-07-25,Credit Card Bill,1699.44,DEBIT,Interest-Payments
2026-07-25,Big Bazar Retail,1089.19,DEBIT,Groceries
2026-07-25,Flipkart,1185.54,DEBIT,Shopping
2026-07-25,Credit Card Bill,995.14,DEBIT,Interest-Payments
2026-07-25,Swiggy,914.85,DEBIT,Take-out
2026-07-25,Flipkart,626.9,DEBIT,Shopping
2026-07-25,Swiggy,279.82,DEBIT,Take-out
2026-07-26,Electricity,417.67,DEBIT,Utilities
2026-07-26,Swiggy,936.5,DEBIT,Take-out
2026-07-26,Electricity,1899.26,DEBIT,Utilities
2026-07-26,Fresh Fruits & Veg Co.,848.11,DEBIT,Groceries
2026-07-26,Loan Bill,443.28,DEBIT,Interest-Payments
2026-07-26,Loan Bill,1642.01,DEBIT,Interest-Payments
2026-07-26,Ola,766.33,DEBIT,Transport
2026-07-26,Amazon Mrktplace,978.94,DEBIT,Shopping
2026-07-26,Flipkart,591.46,DEBIT,Shopping
2026-07-26,Ola,1215.12,DEBIT,Transport
2026-07-26,Ram's General store,1909.01,DEBIT,Groceries
2026-07-26,Ram's General store,1976.73,DEBIT,Groceries
2026-07-26,Loan Bill,1429.44,DEBIT,Interest-Payments
2026-07-26,Flipkart,1509.18,DEBIT,Shopping
2026-07-27,Loan Bill,1065.55,DEBIT,Interest-Payments
2026-07-27,Loan Bill,1222.7,DEBIT,Interest-Payments
2026-07-27,Ola,1645.84,DEBIT,Transport
2026-07-27,Flipkart,1292.07,DEBIT,Shopping
2026-07-27,Loan Bill,238.93,DEBIT,Interest-Payments
2026-07-27,Zomato,489.01,DEBIT,Take-out
2026-07-27,CityFlo,788.58,DEBIT,Transport
2026-07-27,Swiggy,1056.65,DEBIT,Take-out
2026-07-27,Amazon Mrktplace,350.85,DEBIT,Shopping
2026-07-27,Swiggy,1186.33,DEBIT,Take-out
2026-07-27,Swiggy,1405.26,DEBIT,Take-out
2026-07-27,Amazon Mrktplace,631.04,DEBIT,Shopping
2026-07-28,Loan Bill,351.09,DEBIT,Interest-Payments
2026-07-28,CityFlo,1117.27,DEBIT,Transport
2026-07-28,Amazon Mrktplace,1551.75,DEBIT,Shopping
2026-07-28,Zomato,326.75,DEBIT,Take-out
2026-07-28,Uber,639.35,DEBIT,Transport
2026-07-28,Swiggy,1171.11,DEBIT,Take-out
2026-07-28,Big Bazar Retail,748.49,DEBIT,Groceries
2026-07-28,Flipkart,1576.46,DEBIT,Shopping
2026-07-28,Gas,853.06,DEBIT,Utilities
2026-07-28,Amazon Mrktplace,1533.02,DEBIT,Shopping
2026-07-28,Ola,1532.88,DEBIT,Transport
2026-07-29,Wifi-bill,393.38,DEBIT,Utilities
2026-07-29,Ram's General store,722.98,DEBIT,Groceries
2026-07-29,Big Bazar Retail,1463.75,DEBIT,Groceries
2026-07-29,Credit Card Bill,282.56,DEBIT,Interest-Payments
2026-07-29,Big Bazar Retail,908.59,DEBIT,Groceries
2026-07-29,Amazon Mrktplace,897.6,DEBIT,Shopping
2026-07-29,Zomato,1243.48,DEBIT,Take-out
2026-07-29,Loan Bill,1956.88,DEBIT,Interest-Payments
2026-07-29,Loan Bill,1879.31,DEBIT,Interest-Payments
2026-07-29,Wifi-bill,709.67,DEBIT,Utilities
2026-07-29,Amazon Mrktplace,1715.43,DEBIT,Shopping
2026-07-29,Wifi-bill,1297.63,DEBIT,Utilities
2026-07-29,Wifi-bill,1406.27,DEBIT,Utilities
2026-07-30,Ola,1786.31,DEBIT,Transport
2026-07-30,Amazon Mrktplace,981.67,DEBIT,Shopping
2026-07-30,Swiggy,1193.06,DEBIT,Take-out
2026-07-30,Electricity,203.34,DEBIT,Utilities
2026-07-30,Zomato,1743.6,DEBIT,Take-out
2026-07-30,Uber,1289.0,DEBIT,Transport
2026-07-30,Loan Bill,525.17,DEBIT,Interest-Payments
2026-07-30,Swiggy,1064.56,DEBIT,Take-out
2026-07-30,CityFlo,1998.38,DEBIT,Transport
2026-07-30,Ola,1613.78,DEBIT,Transport
2026-07-30,Flipkart,562.96,DEBIT,Shopping
2026-07-30,Loan Bill,1483.61,DEBIT,Interest-Payments
2026-07-30,Flipkart,1837.63,DEBIT,Shopping
2026-08-01,Salary credited from CypherSOL,60000.0,CREDIT,Salary
2026-08-01,Swiggy,1155.15,DEBIT,Take-out
2026-08-01,Credit Card Bill,1495.84,DEBIT,Interest-Payments
2026-08-01,Loan Bill,790.01,DEBIT,Interest-Payments
2026-08-01,Amazon Mrktplace,857.8,DEBIT,Shopping
2026-08-01,Electricity,473.85,DEBIT,Utilities
2026-08-01,Ram's General store,1318.8,DEBIT,Groceries
2026-08-01,Loan Bill,1877.59,DEBIT,Interest-Payments
2026-08-01,Uber,858.83,DEBIT,Transport
2026-08-01,Big Bazar Retail,968.35,DEBIT,Groceries
2026-08-01,Ram's General store,1371.4,DEBIT,Groceries
2026-08-01,CityFlo,528.22,DEBIT,Transport
2026-08-01,Wifi-bill,779.54,DEBIT,Utilities
2026-08-01,Swiggy,1540.02,DEBIT,Take-out
2026-08-01,Gas,1648.01,DEBIT,Utilities
2026-08-01,CityFlo,1623.92,DEBIT,Transport
2026-08-01,Zomato,1088.53,DEBIT,Take-out
2026-08-01,Fresh Fruits & Veg Co.,1150.83,DEBIT,Groceries
2026-08-01,Loan Bill,1555.98,DEBIT,Interest-Payments
2026-08-01,Fresh Fruits & Veg Co.,729.31,DEBIT,Groceries
2026-08-01,Ola,1323.12,DEBIT,Transport
2026-08-02,Uber,830.22,DEBIT,Transport
2026-08-02,Credit Card Bill,522.24,DEBIT,Interest-Payments
2026-08-02,Uber,1771.31,DEBIT,Transport
2026-08-02,Ola,343.4,DEBIT,Transport
2026-08-02,Flipkart,1609.04,DEBIT,Shopping
2026-08-02,Amazon Mrktplace,1381.47,DEBIT,Shopping
2026-08-02,Wifi-bill,1104.14,DEBIT,Utilities
2026-08-02,Flipkart,437.44,DEBIT,Shopping
2026-08-02,Gas,1785.32,DEBIT,Utilities
2026-08-02,Big Bazar Retail,1311.17,DEBIT,Groceries
2026-08-02,Uber,1454.7,DEBIT,Transport
2026-08-02,Wifi-bill,1654.74,DEBIT,Utilities
2026-08-02,Electricity,320.07,DEBIT,Utilities
2026-08-02,Ram's General store,1411.17,DEBIT,Groceries
2026-08-02,Loan Bill,1884.99,DEBIT,Interest-Payments
2026-08-02,Amazon Mrktplace,236.86,DEBIT,Shopping
2026-08-02,CityFlo,1903.35,DEBIT,Transport
2026-08-03,Loan Bill,570.46,DEBIT,Interest-Payments
2026-08-03,Loan Bill,1258.7,DEBIT,Interest-Payments
2026-08-03,Fresh Fruits & Veg Co.,950.67,DEBIT,Groceries
2026-08-03,Fresh Fruits & Veg Co.,1501.8,DEBIT,Groceries
2026-08-03,Uber,387.75,DEBIT,Transport
2026-08-03,Loan Bill,387.88,DEBIT,Interest-Payments
2026-08-03,Flipkart,995.48,DEBIT,Shopping
2026-08-03,Flipkart,1316.89,DEBIT,Shopping
2026-08-03,Big Bazar Retail,576.49,DEBIT,Groceries
2026-08-03,Zomato,1109.73,DEBIT,Take-out
2026-08-03,Amazon Mrktplace,864.01,DEBIT,Shopping
2026-08-03,Ram's General store,722.71,DEBIT,Groceries
2026-08-03,Ola,992.43,DEBIT,Transport
2026-08-03,Gas,1004.8,DEBIT,Utilities
2026-08-03,Wifi-bill,1997.21,DEBIT,Utilities
2026-08-04,Credit Card Bill,1124.59,DEBIT,Interest-Payments
2026-08-04,Gas,424.67,DEBIT,Utilities
2026-08-04,Amazon Mrktplace,622.0,DEBIT,Shopping
2026-08-04,Amazon Mrktplace,1139.28,DEBIT,Shopping
2026-08-04,Uber,1592.17,DEBIT,Transport
2026-08-04,Credit Card Bill,791.78,DEBIT,Interest-Payments
2026-08-05,Ram's General store,1156.52,DEBIT,Groceries
2026-08-05,Electricity,516.03,DEBIT,Utilities
2026-08-05,Uber,966.57,DEBIT,Transport
2026-08-05,CityFlo,1962.59,DEBIT,Transport
2026-08-05,CityFlo,245.31,DEBIT,Transport
2026-08-05,Uber,803.65,DEBIT,Transport
2026-08-05,Ram's General store,703.21,DEBIT,Groceries
2026-08-05,Credit Card Bill,1891.76,DEBIT,Interest-Payments
2026-08-05,Wifi-bill,1668.21,DEBIT,Utilities
2026-08-05,Uber,656.14,DEBIT,Transport
2026-08-05,Credit Card Bill,525.99,DEBIT,Interest-Payments
2026-08-05,Flipkart,1299.11,DEBIT,Shopping
2026-08-05,Flipkart,259.5,DEBIT,Shopping
2026-08-05,Flipkart,1720.75,DEBIT,Shopping
2026-08-06,Loan Bill,1021.2,DEBIT,Interest-Payments
2026-08-06,Fresh Fruits & Veg Co.,1445.55,DEBIT,Groceries
2026-08-06,Credit Card Bill,381.72,DEBIT,Interest-Payments
2026-08-06,Fresh Fruits & Veg Co.,888.42,DEBIT,Groceries
2026-08-06,Flipkart,1272.26,DEBIT,Shopping
2026-08-06,Loan Bill,417.36,DEBIT,Interest-Payments
2026-08-06,Credit Card Bill,1200.25,DEBIT,Interest-Payments
2026-08-06,Uber,321.9,DEBIT,Transport
2026-08-06,Credit Card Bill,396.5,DEBIT,Interest-Payments
2026-08-06,Electricity,1137.95,DEBIT,Utilities
2026-08-06,Ram's General store,507.38,DEBIT,Groceries
2026-08-07,Flipkart,1905.06,DEBIT,Shopping
2026-08-07,Loan Bill,430.07,DEBIT,Interest-Payments
2026-08-07,Amazon Mrktplace,218.45,DEBIT,Shopping
2026-08-07,Electricity,888.12,DEBIT,Utilities
2026-08-07,Zomato,1840.79,DEBIT,Take-out
2026-08-07,Flipkart,502.93,DEBIT,Shopping
2026-08-07,Fresh Fruits & Veg Co.,1224.95,DEBIT,Groceries
2026-08-07,Amazon Mrktplace,882.21,DEBIT,Shopping
2026-08-07,Zomato,699.14,DEBIT,Take-out
2026-08-07,Big Bazar Retail,828.45,DEBIT,Groceries
2026-08-07,Zomato,242.89,DEBIT,Take-out
2026-08-07,Flipkart,1014.56,DEBIT,Shopping
2026-08-07,Electricity,455.02,DEBIT,Utilities
2026-08-07,Zomato,677.24,DEBIT,Take-out
2026-08-07,Zomato,1037.63,DEBIT,Take-out
2026-08-07,Wifi-bill,868.15,DEBIT,Utilities
2026-08-07,Credit Card Bill,1010.73,DEBIT,Interest-Payments
2026-08-07,Fresh Fruits & Veg Co.,1411.92,DEBIT,Groceries
2026-08-07,Uber,1655.69,DEBIT,Transport
2026-08-07,Electricity,1278.29,DEBIT,Utilities
2026-08-07,Amazon Mrktplace,255.94,DEBIT,Shopping
2026-08-07,Loan Bill,910.62,DEBIT,Interest-Payments
2026-08-08,Flipkart,521.27,DEBIT,Shopping
2026-08-08,Zomato,1845.29,DEBIT,Take-out
2026-08-08,CityFlo,507.74,DEBIT,Transport
2026-08-08,Zomato,1426.5,DEBIT,Take-out
2026-08-08,Gas,829.0,DEBIT,Utilities
2026-08-08,Ola,1474.32,DEBIT,Transport
2026-08-08,Swiggy,1950.93,DEBIT,Take-out
2026-08-08,Flipkart,874.19,DEBIT,Shopping
2026-08-08,Zomato,706.44,DEBIT,Take-out
2026-08-08,Flipkart,1749.95,DEBIT,Shopping
2026-08-08,Ola,1308.89,DEBIT,Transport
2026-08-08,Amazon Mrktplace,1725.03,DEBIT,Shopping
2026-08-08,Ram's General store,279.32,DEBIT,Groceries
2026-08-08,Credit Card Bill,283.82,DEBIT,Interest-Payments
2026-08-08,Credit Card Bill,545.37,DEBIT,Interest-Payments
2026-08-08,Ola,1811.85,DEBIT,Transport
2026-08-09,Loan Bill,1517.1,DEBIT,Interest-Payments
2026-08-09,Big Bazar Retail,1479.61,DEBIT,Groceries
2026-08-09,Ola,1559.69,DEBIT,Transport
2026-08-09,Swiggy,1868.87,DEBIT,Take-out
2026-08-09,Loan Bill,932.99,DEBIT,Interest-Payments
2026-08-09,Loan Bill,204.77,DEBIT,Interest-Payments
2026-08-09,Electricity,827.25,DEBIT,Utilities
2026-08-09,Big Bazar Retail,1597.1,DEBIT,Groceries
2026-08-09,Zomato,1548.21,DEBIT,Take-out
2026-08-09,Loan Bill,740.53,DEBIT,Interest-Payments
2026-08-09,Ram's General store,636.74,DEBIT,Groceries
2026-08-09,Fresh Fruits & Veg Co.,628.35,DEBIT,Groceries
2026-08-09,Big Bazar Retail,964.26,DEBIT,Groceries
2026-08-10,Big Bazar Retail,1824.48,DEBIT,Groceries
2026-08-10,Gas,1411.94,DEBIT,Utilities
2026-08-10,Zomato,306.91,DEBIT,Take-out
2026-08-10,Fresh Fruits & Veg Co.,1982.78,DEBIT,Groceries
2026-08-10,Zomato,1250.07,DEBIT,Take-out
2026-08-10,Credit Card Bill,206.34,DEBIT,Interest-Payments
2026-08-10,Zomato,1433.69,DEBIT,Take-out
2026-08-10,Swiggy,436.4,DEBIT,Take-out
2026-08-10,Swiggy,384.72,DEBIT,Take-out
2026-08-10,Amazon Mrktplace,236.85,DEBIT,Shopping
2026-08-10,Loan Bill,725.49,DEBIT,Interest-Payments
2026-08-10,Fresh Fruits & Veg Co.,439.09,DEBIT,Groceries
2026-08-10,CityFlo,1098.63,DEBIT,Transport
2026-08-10,Uber,925.81,DEBIT,Transport
2026-08-10,Loan Bill,439.58,DEBIT,Interest-Payments
2026-08-10,Loan Bill,763.7,DEBIT,Interest-Payments
2026-08-10,Swiggy,200.25,DEBIT,Take-out
2026-08-10,Swiggy,528.94,DEBIT,Take-out
2026-08-10,Ola,1137.11,DEBIT,Transport
2026-08-10,Credit Card Bill,965.66,DEBIT,Interest-Payments
2026-08-11,CityFlo,1661.21,DEBIT,Transport
2026-08-11,Big Bazar Retail,1750.86,DEBIT,Groceries
2026-08-11,Zomato,1516.73,DEBIT,Take-out
2026-08-11,Ram's General store,1616.17,DEBIT,Groceries
2026-08-11,Big Bazar Retail,606.35,DEBIT,Groceries
2026-08-11,Electricity,1425.56,DEBIT,Utilities
2026-08-11,Ram's General store,1135.74,DEBIT,Groceries
2026-08-11,Ola,659.02,DEBIT,Transport
2026-08-11,Flipkart,1903.39,DEBIT,Shopping
2026-08-11,Zomato,1863.96,DEBIT,Take-out
2026-08-11,Uber,799.97,DEBIT,Transport
2026-08-11,Credit Card Bill,1370.66,DEBIT,Interest-Payments
2026-08-11,Credit Card Bill,1884.91,DEBIT,Interest-Payments
2026-08-12,Gas,1187.28,DEBIT,Utilities
2026-08-12,Uber,287.98,DEBIT,Transport
2026-08-12,Ram's General store,1499.98,DEBIT,Groceries
2026-08-12,Wifi-bill,301.14,DEBIT,Utilities
2026-08-12,Fresh Fruits & Veg Co.,1243.35,DEBIT,Groceries
2026-08-12,Amazon Mrktplace,1679.92,DEBIT,Shopping
2026-08-12,CityFlo,474.64,DEBIT,Transport
2026-08-12,Credit Card Bill,1265.08,DEBIT,Interest-Payments
2026-08-12,Loan Bill,1036.83,DEBIT,Interest-Payments
2026-08-12,Zomato,1217.1,DEBIT,Take-out
2026-08-12,Ram's General store,985.04,DEBIT,Groceries
2026-08-12,Gas,1864.63,DEBIT,Utilities
2026-08-12,CityFlo,1605.31,DEBIT,Transport
2026-08-12,Loan Bill,1225.48,DEBIT,Interest-Payments
2026-08-13,Flipkart,478.9,DEBIT,Shopping
2026-08-13,CityFlo,484.08,DEBIT,Transport
2026-08-13,Credit Card Bill,1622.89,DEBIT,Interest-Payments
2026-08-13,Swiggy,1934.86,DEBIT,Take-out
2026-08-13,Loan Bill,397.71,DEBIT,Interest-Payments
2026-08-13,Gas,928.16,DEBIT,Utilities
2026-08-13,Uber,953.45,DEBIT,Transport
2026-08-13,Swiggy,1182.16,DEBIT,Take-out
2026-08-13,Gas,1631.37,DEBIT,Utilities
2026-08-13,Electricity,579.14,DEBIT,Utilities
2026-08-13,Ram's General store,1352.33,DEBIT,Groceries
2026-08-13,Ola,1512.91,DEBIT,Transport
2026-08-13,Gas,1462.21,DEBIT,Utilities
2026-08-14,Electricity,849.51,DEBIT,Utilities
2026-08-14,Ram's General store,1897.91,DEBIT,Groceries
2026-08-14,Zomato,1478.89,DEBIT,Take-out
2026-08-14,Swiggy,532.39,DEBIT,Take-out
2026-08-14,Swiggy,1420.62,DEBIT,Take-out
2026-08-14,Loan Bill,211.94,DEBIT,Interest-Payments
2026-08-14,Big Bazar Retail,1326.88,DEBIT,Groceries
2026-08-14,Big Bazar Retail,1660.65,DEBIT,Groceries
2026-08-14,Fresh Fruits & Veg Co.,1538.44,DEBIT,Groceries
2026-08-14,Amazon Mrktplace,1307.19,DEBIT,Shopping
2026-08-14,Flipkart,364.55,DEBIT,Shopping
2026-08-14,Gas,1680.55,DEBIT,Utilities
2026-08-14,Credit Card Bill,745.84,DEBIT,Interest-Payments
2026-08-14,Uber,1272.24,DEBIT,Transport
2026-08-14,Fresh Fruits & Veg Co.,1415.69,DEBIT,Groceries
2026-08-15,Loan Bill,377.04,DEBIT,Interest-Payments
2026-08-15,Amazon Mrktplace,1861.64,DEBIT,Shopping
2026-08-15,Amazon Mrktplace,1058.48,DEBIT,Shopping
2026-08-15,Electricity,532.33,DEBIT,Utilities
2026-08-15,Flipkart,1403.55,DEBIT,Shopping
2026-08-15,CityFlo,1371.73,DEBIT,Transport
2026-08-15,Electricity,362.58,DEBIT,Utilities
2026-08-15,Credit Card Bill,1209.01,DEBIT,Interest-Payments
2026-08-15,Swiggy,1598.7,DEBIT,Take-out
2026-08-15,Loan Bill,1058.11,DEBIT,Interest-Payments
2026-08-15,Swiggy,1410.92,DEBIT,Take-out
2026-08-15,Flipkart,458.99,DEBIT,Shopping
2026-08-15,Ola,1149.7,DEBIT,Transport
2026-08-15,Loan Bill,1977.71,DEBIT,Interest-Payments
2026-08-16,Wifi-bill,1296.84,DEBIT,Utilities
2026-08-16,Swiggy,1829.49,DEBIT,Take-out
2026-08-16,Electricity,1647.82,DEBIT,Utilities
2026-08-16,Flipkart,806.61,DEBIT,Shopping
2026-08-16,Ram's General store,1679.16,DEBIT,Groceries
2026-08-16,Credit Card Bill,361.35,DEBIT,Interest-Payments
2026-08-16,Swiggy,1194.35,DEBIT,Take-out
2026-08-16,Electricity,1372.2,DEBIT,Utilities
2026-08-16,Fresh Fruits & Veg Co.,236.33,DEBIT,Groceries
2026-08-16,Big Bazar Retail,829.3,DEBIT,Groceries
2026-08-16,Credit Card Bill,1633.49,DEBIT,Interest-Payments
2026-08-16,Big Bazar Retail,1501.81,DEBIT,Groceries
2026-08-16,Ram's General store,488.93,DEBIT,Groceries
2026-08-16,CityFlo,284.12,DEBIT,Transport
2026-08-16,Loan Bill,1764.39,DEBIT,Interest-Payments
2026-08-16,Loan Bill,1310.0,DEBIT,Interest-Payments
2026-08-17,Credit Card Bill,1337.17,DEBIT,Interest-Payments
2026-08-17,Uber,821.23,DEBIT,Transport
2026-08-17,CityFlo,807.58,DEBIT,Transport
2026-08-17,Ola,388.9,DEBIT,Transport
2026-08-17,Flipkart,1261.11,DEBIT,Shopping
2026-08-17,Gas,989.06,DEBIT,Utilities
2026-08-17,Wifi-bill,1333.25,DEBIT,Utilities
2026-08-17,Ola,1544.82,DEBIT,Transport
2026-08-17,Gas,1366.11,DEBIT,Utilities
2026-08-17,Zomato,1588.24,DEBIT,Take-out
2026-08-17,Credit Card Bill,1183.22,DEBIT,Interest-Payments
2026-08-17,Ram's General store,1115.73,DEBIT,Groceries
2026-08-17,Loan Bill,1054.67,DEBIT,Interest-Payments
2026-08-17,Ola,1625.71,DEBIT,Transport
2026-08-18,Credit Card Bill,1118.88,DEBIT,Interest-Payments
2026-08-18,CityFlo,1790.95,DEBIT,Transport
2026-08-18,Zomato,206.13,DEBIT,Take-out
2026-08-18,Credit Card Bill,629.36,DEBIT,Interest-Payments
2026-08-18,Uber,508.08,DEBIT,Transport
2026-08-18,Amazon Mrktplace,783.8,DEBIT,Shopping
2026-08-18,Electricity,209.46,DEBIT,Utilities
2026-08-18,Ola,1811.13,DEBIT,Transport
2026-08-18,Uber,958.57,DEBIT,Transport
2026-08-18,Swiggy,1305.38,DEBIT,Take-out
2026-08-18,Flipkart,290.54,DEBIT,Shopping
2026-08-19,Uber,1282.73,DEBIT,Transport
2026-08-19,Ola,1291.85,DEBIT,Transport
2026-08-19,Flipkart,1953.65,DEBIT,Shopping
2026-08-19,Fresh Fruits & Veg Co.,1919.1,DEBIT,Groceries
2026-08-19,Electricity,572.63,DEBIT,Utilities
2026-08-19,Uber,1791.08,DEBIT,Transport
2026-08-19,Credit Card Bill,982.62,DEBIT,Interest-Payments
2026-08-19,Swiggy,1254.57,DEBIT,Take-out
2026-08-19,Flipkart,1023.18,DEBIT,Shopping
2026-08-19,Amazon Mrktplace,488.91,DEBIT,Shopping
2026-08-19,Big Bazar Retail,733.62,DEBIT,Groceries
2026-08-19,Loan Bill,406.0,DEBIT,Interest-Payments
2026-08-19,Big Bazar Retail,1846.57,DEBIT,Groceries
2026-08-19,Zomato,1510.55,DEBIT,Take-out
2026-08-19,Flipkart,793.39,DEBIT,Shopping
2026-08-19,Swiggy,1948.69,DEBIT,Take-out
2026-08-19,Credit Card Bill,713.8,DEBIT,Interest-Payments
2026-08-19,Gas,1383.4,DEBIT,Utilities
2026-08-20,Electricity,720.36,DEBIT,Utilities
2026-08-20,Fresh Fruits & Veg Co.,208.04,DEBIT,Groceries
2026-08-20,Wifi-bill,865.71,DEBIT,Utilities
2026-08-20,Amazon Mrktplace,610.67,DEBIT,Shopping
2026-08-20,Zomato,1120.58,DEBIT,Take-out
2026-08-20,Electricity,276.2,DEBIT,Utilities
2026-08-20,Flipkart,1757.22,DEBIT,Shopping
2026-08-20,Credit Card Bill,783.06,DEBIT,Interest-Payments
2026-08-21,Loan Bill,1191.39,DEBIT,Interest-Payments
2026-08-21,Uber,286.05,DEBIT,Transport
2026-08-21,Swiggy,1358.12,DEBIT,Take-out
2026-08-21,Flipkart,1725.4,DEBIT,Shopping
2026-08-21,Ola,1102.4,DEBIT,Transport
2026-08-21,Amazon Mrktplace,1947.45,DEBIT,Shopping
2026-08-21,Ola,1276.39,DEBIT,Transport
2026-08-21,Credit Card Bill,1298.89,DEBIT,Interest-Payments
2026-08-22,Refund credited from Amazon,358.93,CREDIT,Refund
2026-08-22,Big Bazar Retail,1630.74,DEBIT,Groceries
2026-08-22,CityFlo,1239.38,DEBIT,Transport
2026-08-22,Gas,1817.52,DEBIT,Utilities
2026-08-22,Gas,1547.88,DEBIT,Utilities
2026-08-22,Gas,519.93,DEBIT,Utilities
2026-08-22,CityFlo,735.17,DEBIT,Transport
2026-08-22,Big Bazar Retail,1104.54,DEBIT,Groceries
2026-08-22,Ola,673.66,DEBIT,Transport
2026-08-23,Big Bazar Retail,1202.82,DEBIT,Groceries
2026-08-23,Zomato,764.96,DEBIT,Take-out
2026-08-23,CityFlo,1180.5,DEBIT,Transport
2026-08-23,Zomato,1824.19,DEBIT,Take-out
2026-08-23,Zomato,1202.58,DEBIT,Take-out
2026-08-23,Amazon Mrktplace,767.6,DEBIT,Shopping
2026-08-23,Swiggy,1796.64,DEBIT,Take-out
2026-08-23,Ram's General store,550.38,DEBIT,Groceries
2026-08-23,CityFlo,1505.52,DEBIT,Transport
2026-08-23,Big Bazar Retail,1845.93,DEBIT,Groceries
2026-08-23,Electricity,809.5,DEBIT,Utilities
2026-08-24,Refund credited from Amazon,440.68,CREDIT,Refund
2026-08-24,Ram's General store,1348.68,DEBIT,Groceries
2026-08-24,Gas,544.82,DEBIT,Utilities
2026-08-24,Credit Card Bill,1990.6,DEBIT,Interest-Payments
2026-08-24,Uber,1862.16,DEBIT,Transport
2026-08-24,Amazon Mrktplace,1973.1,DEBIT,Shopping
2026-08-24,Fresh Fruits & Veg Co.,519.49,DEBIT,Groceries
2026-08-24,Gas,972.17,DEBIT,Utilities
2026-08-24,Ram's General store,1344.48,DEBIT,Groceries
2026-08-24,Credit Card Bill,1780.86,DEBIT,Interest-Payments
2026-08-24,Flipkart,541.31,DEBIT,Shopping
2026-08-24,CityFlo,1524.37,DEBIT,Transport
2026-08-24,Swiggy,1451.51,DEBIT,Take-out
2026-08-25,Flipkart,1562.32,DEBIT,Shopping
2026-08-25,Ram's General store,1992.46,DEBIT,Groceries
2026-08-25,Electricity,1322.3,DEBIT,Utilities
2026-08-25,Loan Bill,784.22,DEBIT,Interest-Payments
2026-08-25,Big Bazar Retail,1175.89,DEBIT,Groceries
2026-08-25,Amazon Mrktplace,1777.01,DEBIT,Shopping
2026-08-25,Uber,1618.5,DEBIT,Transport
2026-08-25,Zomato,1125.25,DEBIT,Take-out
2026-08-25,CityFlo,1345.23,DEBIT,Transport
2026-08-25,Loan Bill,1460.37,DEBIT,Interest-Payments
2026-08-25,Amazon Mrktplace,1008.2,DEBIT,Shopping
2026-08-25,Ram's General store,897.99,DEBIT,Groceries
2026-08-25,Big Bazar Retail,1222.07,DEBIT,Groceries
2026-08-25,Amazon Mrktplace,464.04,DEBIT,Shopping
2026-08-25,Ram's General store,1706.88,DEBIT,Groceries
2026-08-25,Amazon Mrktplace,1393.27,DEBIT,Shopping
2026-08-26,Zomato,1053.52,DEBIT,Take-out
2026-08-26,Big Bazar Retail,988.88,DEBIT,Groceries
2026-08-26,Credit Card Bill,983.01,DEBIT,Interest-Payments
2026-08-26,Wifi-bill,351.09,DEBIT,Utilities
2026-08-26,Amazon Mrktplace,210.13,DEBIT,Shopping
2026-08-26,Ram's General store,838.41,DEBIT,Groceries
2026-08-26,Zomato,1971.46,DEBIT,Take-out
2026-08-26,CityFlo,230.66,DEBIT,Transport
2026-08-26,Credit Card Bill,1281.95,DEBIT,Interest-Payments
2026-08-26,Credit Card Bill,988.4,DEBIT,Interest-Payments
2026-08-26,Wifi-bill,1691.68,DEBIT,Utilities
2026-08-26,Ram's General store,1514.69,DEBIT,Groceries
2026-08-26,Electricity,1021.78,DEBIT,Utilities
2026-08-26,Flipkart,1567.9,DEBIT,Shopping
2026-08-26,Ola,773.28,DEBIT,Transport
2026-08-26,Wifi-bill,1748.07,DEBIT,Utilities
2026-08-26,Uber,853.46,DEBIT,Transport
2026-08-26,Electricity,995.06,DEBIT,Utilities
2026-08-27,Loan Bill,1232.79,DEBIT,Interest-Payments
2026-08-27,Wifi-bill,435.48,DEBIT,Utilities
2026-08-27,Swiggy,1525.56,DEBIT,Take-out
2026-08-27,Ram's General store,1611.77,DEBIT,Groceries
2026-08-27,Amazon Mrktplace,1213.99,DEBIT,Shopping
2026-08-27,Flipkart,1871.93,DEBIT,Shopping
2026-08-27,Amazon Mrktplace,1734.58,DEBIT,Shopping
2026-08-27,Flipkart,567.48,DEBIT,Shopping
2026-08-27,Fresh Fruits & Veg Co.,1740.73,DEBIT,Groceries
2026-08-27,Swiggy,618.89,DEBIT,Take-out
2026-08-27,Wifi-bill,1941.23,DEBIT,Utilities
2026-08-27,Amazon Mrktplace,969.81,DEBIT,Shopping
2026-08-27,Ram's General store,1033.79,DEBIT,Groceries
2026-08-27,Fresh Fruits & Veg Co.,1334.54,DEBIT,Groceries
2026-08-27,Electricity,469.19,DEBIT,Utilities
2026-08-28,Swiggy,1593.61,DEBIT,Take-out
2026-08-28,Gas,1399.29,DEBIT,Utilities
2026-08-28,Amazon Mrktplace,1306.56,DEBIT,Shopping
2026-08-28,Uber,1940.5,DEBIT,Transport
2026-08-28,Swiggy,1289.78,DEBIT,Take-out
2026-08-28,Loan Bill,1928.63,DEBIT,Interest-Payments
2026-08-28,Flipkart,796.91,DEBIT,Shopping
2026-08-28,Fresh Fruits & Veg Co.,1181.77,DEBIT,Groceries
2026-08-29,Credit Card Bill,337.55,DEBIT,Interest-Payments
2026-08-29,Gas,926.61,DEBIT,Utilities
2026-08-29,Flipkart,584.34,DEBIT,Shopping
2026-08-29,Credit Card Bill,1228.89,DEBIT,Interest-Payments
2026-08-29,CityFlo,1545.8,DEBIT,Transport
2026-08-29,Wifi-bill,1588.85,DEBIT,Utilities
2026-08-29,Fresh Fruits & Veg Co.,694.79,DEBIT,Groceries
2026-08-29,Loan Bill,1059.38,DEBIT,Interest-Payments
2026-08-29,Big Bazar Retail,335.32,DEBIT,Groceries
2026-08-29,Swiggy,1693.85,DEBIT,Take-out
2026-08-30,Loan Bill,1297.19,DEBIT,Interest-Payments
2026-08-30,Wifi-bill,1179.79,DEBIT,Utilities
2026-08-30,Uber,1832.04,DEBIT,Transport
2026-08-30,Ola,228.05,DEBIT,Transport
2026-08-30,Amazon Mrktplace,1488.32,DEBIT,Shopping
2026-08-30,Ola,1217.42,DEBIT,Transport
2026-08-30,Ola,563.18,DEBIT,Transport
2026-08-30,Amazon Mrktplace,289.2,DEBIT,Shopping
2026-08-30,Loan Bill,1849.83,DEBIT,Interest-Payments
2026-08-30,Fresh Fruits & Veg Co.,557.36,DEBIT,Groceries
2026-08-30,Gas,1027.56,DEBIT,Utilities
2026-08-30,Uber,698.16,DEBIT,Transport
2026-08-30,Flipkart,1978.26,DEBIT,Shopping
2026-08-30,Wifi-bill,668.59,DEBIT,Utilities
2026-08-30,CityFlo,1849.14,DEBIT,Transport
2026-08-30,CityFlo,580.09,DEBIT,Transport
2026-08-30,Ola,1184.33,DEBIT,Transport
2026-08-30,Loan Bill,868.25,DEBIT,Interest-Payments
2026-09-01,Salary credited from CypherSOL,60000.0,CREDIT,Salary
2026-09-01,Loan Bill,1871.17,DEBIT,Interest-Payments
2026-09-01,Ram's General store,205.19,DEBIT,Groceries
2026-09-01,CityFlo,1836.61,DEBIT,Transport
2026-09-01,Fresh Fruits & Veg Co.,436.28,DEBIT,Groceries
2026-09-01,Gas,687.92,DEBIT,Utilities
2026-09-01,Flipkart,1691.51,DEBIT,Shopping
2026-09-01,Zomato,899.78,DEBIT,Take-out
2026-09-01,Loan Bill,1557.38,DEBIT,Interest-Payments
2026-09-01,Fresh Fruits & Veg Co.,215.9,DEBIT,Groceries
2026-09-01,Flipkart,1543.96,DEBIT,Shopping
2026-09-01,Ram's General store,1397.84,DEBIT,Groceries
2026-09-01,Electricity,962.35,DEBIT,Utilities
2026-09-01,Loan Bill,775.11,DEBIT,Interest-Payments
2026-09-01,Flipkart,1478.56,DEBIT,Shopping
2026-09-01,Big Bazar Retail,288.2,DEBIT,Groceries
2026-09-01,Loan Bill,1231.7,DEBIT,Interest-Payments
2026-09-01,Electricity,1089.65,DEBIT,Utilities
2026-09-02,Zomato,1480.83,DEBIT,Take-out
2026-09-02,Amazon Mrktplace,817.56,DEBIT,Shopping
2026-09-02,Amazon Mrktplace,1472.79,DEBIT,Shopping
2026-09-02,Electricity,1627.09,DEBIT,Utilities
2026-09-02,Uber,1722.19,DEBIT,Transport
2026-09-02,Credit Card Bill,1706.45,DEBIT,Interest-Payments
2026-09-02,Uber,1659.33,DEBIT,Transport
2026-09-02,Big Bazar Retail,1276.87,DEBIT,Groceries
2026-09-02,Fresh Fruits & Veg Co.,1760.38,DEBIT,Groceries
2026-09-02,Swiggy,1531.7,DEBIT,Take-out
2026-09-03,Loan Bill,1712.38,DEBIT,Interest-Payments
2026-09-03,Zomato,861.39,DEBIT,Take-out
2026-09-03,Loan Bill,241.08,DEBIT,Interest-Payments
2026-09-03,Amazon Mrktplace,1885.29,DEBIT,Shopping
2026-09-03,Flipkart,1963.94,DEBIT,Shopping
2026-09-03,Swiggy,909.85,DEBIT,Take-out
2026-09-03,Big Bazar Retail,304.35,DEBIT,Groceries
2026-09-03,Credit Card Bill,1005.42,DEBIT,Interest-Payments
2026-09-03,Big Bazar Retail,695.22,DEBIT,Groceries
2026-09-03,Uber,1985.92,DEBIT,Transport
2026-09-03,Amazon Mrktplace,686.09,DEBIT,Shopping
2026-09-03,Credit Card Bill,1065.4,DEBIT,Interest-Payments
2026-09-03,Amazon Mrktplace,949.37,DEBIT,Shopping
2026-09-03,Credit Card Bill,436.24,DEBIT,Interest-Payments
2026-09-03,Amazon Mrktplace,1023.53,DEBIT,Shopping
2026-09-03,Wifi-bill,1285.52,DEBIT,Utilities
2026-09-03,Wifi-bill,490.08,DEBIT,Utilities
2026-09-03,Ram's General store,1594.39,DEBIT,Groceries
2026-09-03,CityFlo,663.22,DEBIT,Transport
2026-09-03,Zomato,484.16,DEBIT,Take-out
2026-09-03,Amazon Mrktplace,997.08,DEBIT,Shopping
2026-09-03,Credit Card Bill,515.1,DEBIT,Interest-Payments
2026-09-04,Zomato,411.53,DEBIT,Take-out
2026-09-04,CityFlo,882.94,DEBIT,Transport
2026-09-04,Credit Card Bill,1626.04,DEBIT,Interest-Payments
2026-09-04,Fresh Fruits & Veg Co.,1088.4,DEBIT,Groceries
2026-09-04,Big Bazar Retail,1575.36,DEBIT,Groceries
2026-09-04,Ram's General store,1879.76,DEBIT,Groceries
2026-09-04,CityFlo,1308.38,DEBIT,Transport
2026-09-04,Ola,1003.29,DEBIT,Transport
2026-09-04,Credit Card Bill,962.8,DEBIT,Interest-Payments
2026-09-04,Loan Bill,211.86,DEBIT,Interest-Payments
2026-09-04,Big Bazar Retail,292.1,DEBIT,Groceries
2026-09-04,Uber,1714.58,DEBIT,Transport
2026-09-04,Credit Card Bill,1240.91,DEBIT,Interest-Payments
2026-09-04,Uber,750.97,DEBIT,Transport
2026-09-04,Amazon Mrktplace,938.29,DEBIT,Shopping
2026-09-04,Credit Card Bill,1707.75,DEBIT,Interest-Payments
2026-09-04,Wifi-bill,945.15,DEBIT,Utilities
2026-09-04,Big Bazar Retail,1715.98,DEBIT,Groceries
2026-09-05,Gas,1760.18,DEBIT,Utilities
2026-09-05,Swiggy,349.8,DEBIT,Take-out
2026-09-05,Fresh Fruits & Veg Co.,676.57,DEBIT,Groceries
2026-09-05,Zomato,1350.63,DEBIT,Take-out
2026-09-05,Fresh Fruits & Veg Co.,220.54,DEBIT,Groceries
2026-09-05,Flipkart,1617.52,DEBIT,Shopping
2026-09-05,Uber,784.89,DEBIT,Transport
2026-09-05,Big Bazar Retail,1759.08,DEBIT,Groceries
2026-09-05,Fresh Fruits & Veg Co.,1651.97,DEBIT,Groceries
2026-09-05,Ola,1943.38,DEBIT,Transport
2026-09-05,Zomato,741.49,DEBIT,Take-out
2026-09-06,Refund credited from Amazon,311.71,CREDIT,Refund
2026-09-06,Loan Bill,263.58,DEBIT,Interest-Payments
2026-09-06,Uber,1717.33,DEBIT,Transport
2026-09-06,Wifi-bill,1815.43,DEBIT,Utilities
2026-09-06,Credit Card Bill,1555.13,DEBIT,Interest-Payments
2026-09-06,Uber,1402.44,DEBIT,Transport
2026-09-06,Credit Card Bill,1955.6,DEBIT,Interest-Payments
2026-09-06,Swiggy,783.81,DEBIT,Take-out
2026-09-06,Amazon Mrktplace,1767.61,DEBIT,Shopping
2026-09-06,Zomato,1466.77,DEBIT,Take-out
2026-09-06,Swiggy,937.06,DEBIT,Take-out
2026-09-06,Loan Bill,1578.37,DEBIT,Interest-Payments
2026-09-06,Flipkart,1352.05,DEBIT,Shopping
2026-09-07,Amazon Mrktplace,804.43,DEBIT,Shopping
2026-09-07,Wifi-bill,275.95,DEBIT,Utilities
2026-09-07,Gas,1131.17,DEBIT,Utilities
2026-09-07,Flipkart,810.76,DEBIT,Shopping
2026-09-07,Flipkart,594.52,DEBIT,Shopping
2026-09-07,Zomato,354.38,DEBIT,Take-out
2026-09-07,Gas,1703.1,DEBIT,Utilities
2026-09-07,CityFlo,1398.13,DEBIT,Transport
2026-09-07,Credit Card Bill,1852.79,DEBIT,Interest-Payments
2026-09-07,Gas,277.14,DEBIT,Utilities
2026-09-07,Ola,1448.16,DEBIT,Transport
2026-09-07,Gas,445.52,DEBIT,Utilities
2026-09-07,Wifi-bill,672.47,DEBIT,Utilities
2026-09-08,Uber,1428.07,DEBIT,Transport
2026-09-08,Big Bazar Retail,1653.02,DEBIT,Groceries
2026-09-08,Credit Card Bill,1638.32,DEBIT,Interest-Payments
2026-09-08,Electricity,284.47,DEBIT,Utilities
2026-09-08,Zomato,391.58,DEBIT,Take-out
2026-09-08,Uber,1277.49,DEBIT,Transport
2026-09-08,Credit Card Bill,1348.91,DEBIT,Interest-Payments
2026-09-08,Loan Bill,1672.29,DEBIT,Interest-Payments
2026-09-08,Zomato,1414.5,DEBIT,Take-out
2026-09-08,Electricity,1605.68,DEBIT,Utilities
2026-09-08,Swiggy,1465.44,DEBIT,Take-out
2026-09-08,Big Bazar Retail,539.99,DEBIT,Groceries
2026-09-08,Swiggy,1390.34,DEBIT,Take-out
2026-09-08,CityFlo,576.08,DEBIT,Transport
2026-09-08,Flipkart,1299.19,DEBIT,Shopping
2026-09-09,Wifi-bill,1386.07,DEBIT,Utilities
2026-09-09,Big Bazar Retail,1657.8,DEBIT,Groceries
2026-09-09,Wifi-bill,1702.58,DEBIT,Utilities
2026-09-09,Amazon Mrktplace,1676.58,DEBIT,Shopping
2026-09-09,Swiggy,1363.72,DEBIT,Take-out
2026-09-09,Swiggy,1170.86,DEBIT,Take-out
2026-09-09,Loan Bill,432.76,DEBIT,Interest-Payments
2026-09-09,Swiggy,863.41,DEBIT,Take-out
2026-09-09,Gas,1868.42,DEBIT,Utilities
2026-09-09,Gas,901.59,DEBIT,Utilities
2026-09-09,Swiggy,582.6,DEBIT,Take-out
2026-09-09,Zomato,474.16,DEBIT,Take-out
2026-09-09,Zomato,584.06,DEBIT,Take-out
2026-09-09,Swiggy,572.61,DEBIT,Take-out
2026-09-09,Gas,674.04,DEBIT,Utilities
2026-09-10,Credit Card Bill,1980.88,DEBIT,Interest-Payments
2026-09-10,CityFlo,1852.88,DEBIT,Transport
2026-09-10,Credit Card Bill,1939.74,DEBIT,Interest-Payments
2026-09-10,Amazon Mrktplace,1835.45,DEBIT,Shopping
2026-09-10,Loan Bill,624.19,DEBIT,Interest-Payments
2026-09-10,Zomato,999.57,DEBIT,Take-out
2026-09-10,Big Bazar Retail,1480.4,DEBIT,Groceries
2026-09-10,Credit Card Bill,1504.64,DEBIT,Interest-Payments
2026-09-10,Ram's General store,1500.57,DEBIT,Groceries
2026-09-10,Gas,1890.36,DEBIT,Utilities
2026-09-10,CityFlo,1529.95,DEBIT,Transport
2026-09-10,Ram's General store,1894.41,DEBIT,Groceries
2026-09-10,Ola,839.78,DEBIT,Transport
2026-09-10,Wifi-bill,1478.71,DEBIT,Utilities
2026-09-10,Zomato,244.14,DEBIT,Take-out
2026-09-11,Wifi-bill,1513.58,DEBIT,Utilities
2026-09-11,Uber,1293.28,DEBIT,Transport
2026-09-11,Flipkart,586.1,DEBIT,Shopping
2026-09-11,Big Bazar Retail,1386.64,DEBIT,Groceries
2026-09-11,Swiggy,238.48,DEBIT,Take-out
2026-09-11,Credit Card Bill,934.63,DEBIT,Interest-Payments
2026-09-11,Amazon Mrktplace,1457.03,DEBIT,Shopping
2026-09-11,Flipkart,1773.79,DEBIT,Shopping
2026-09-11,Zomato,1013.0,DEBIT,Take-out
2026-09-11,Loan Bill,1629.18,DEBIT,Interest-Payments
2026-09-11,Loan Bill,223.82,DEBIT,Interest-Payments
2026-09-11,Flipkart,1821.67,DEBIT,Shopping
2026-09-12,Flipkart,475.66,DEBIT,Shopping
2026-09-12,Gas,409.91,DEBIT,Utilities
2026-09-12,Uber,847.9,DEBIT,Transport
2026-09-12,CityFlo,1890.01,DEBIT,Transport
2026-09-12,Flipkart,471.96,DEBIT,Shopping
2026-09-12,Loan Bill,595.22,DEBIT,Interest-Payments
2026-09-12,Wifi-bill,1416.46,DEBIT,Utilities
2026-09-12,Swiggy,277.31,DEBIT,Take-out
2026-09-12,Ram's General store,1118.21,DEBIT,Groceries
2026-09-12,Gas,806.68,DEBIT,Utilities
2026-09-12,Ram's General store,1024.13,DEBIT,Groceries
2026-09-12,Gas,824.9,DEBIT,Utilities
2026-09-12,Wifi-bill,1005.07,DEBIT,Utilities
2026-09-12,Swiggy,372.26,DEBIT,Take-out
2026-09-12,Electricity,640.64,DEBIT,Utilities
2026-09-12,Wifi-bill,1110.78,DEBIT,Utilities
2026-09-12,Zomato,1892.81,DEBIT,Take-out
2026-09-13,Credit Card Bill,1124.48,DEBIT,Interest-Payments
2026-09-13,Ram's General store,1017.75,DEBIT,Groceries
2026-09-13,Wifi-bill,758.24,DEBIT,Utilities
2026-09-13,Amazon Mrktplace,240.02,DEBIT,Shopping
2026-09-13,Ola,1204.2,DEBIT,Transport
2026-09-13,Gas,1864.32,DEBIT,Utilities
2026-09-13,Fresh Fruits & Veg Co.,1700.06,DEBIT,Groceries
2026-09-13,Amazon Mrktplace,991.29,DEBIT,Shopping
2026-09-13,Wifi-bill,582.47,DEBIT,Utilities
2026-09-13,CityFlo,871.98,DEBIT,Transport
2026-09-13,Fresh Fruits & Veg Co.,1892.75,DEBIT,Groceries
2026-09-13,CityFlo,229.26,DEBIT,Transport
2026-09-13,Zomato,1469.82,DEBIT,Take-out
2026-09-13,Swiggy,835.21,DEBIT,Take-out
2026-09-13,Ram's General store,1600.79,DEBIT,Groceries
2026-09-14,Big Bazar Retail,1018.12,DEBIT,Groceries
2026-09-14,Flipkart,245.23,DEBIT,Shopping
2026-09-14,Big Bazar Retail,1632.46,DEBIT,Groceries
2026-09-14,Gas,737.04,DEBIT,Utilities
2026-09-14,Flipkart,539.5,DEBIT,Shopping
2026-09-14,Ram's General store,1699.61,DEBIT,Groceries
2026-09-14,Wifi-bill,1487.02,DEBIT,Utilities
2026-09-14,Electricity,1629.27,DEBIT,Utilities
2026-09-14,Uber,1586.23,DEBIT,Transport
2026-09-14,Amazon Mrktplace,888.1,DEBIT,Shopping
2026-09-14,Zomato,644.52,DEBIT,Take-out
2026-09-14,Amazon Mrktplace,298.9,DEBIT,Shopping
2026-09-14,Ram's General store,717.91,DEBIT,Groceries
2026-09-14,Wifi-bill,613.44,DEBIT,Utilities
2026-09-14,Amazon Mrktplace,1787.4,DEBIT,Shopping
2026-09-14,Fresh Fruits & Veg Co.,753.44,DEBIT,Groceries
2026-09-14,Flipkart,1389.57,DEBIT,Shopping
2026-09-15,Flipkart,769.53,DEBIT,Shopping
2026-09-15,Fresh Fruits & Veg Co.,1774.06,DEBIT,Groceries
2026-09-15,CityFlo,844.45,DEBIT,Transport
2026-09-15,Amazon Mrktplace,1489.75,DEBIT,Shopping
2026-09-15,Amazon Mrktplace,1782.89,DEBIT,Shopping
2026-09-15,Swiggy,315.17,DEBIT,Take-out
2026-09-15,Wifi-bill,567.92,DEBIT,Utilities
2026-09-15,Credit Card Bill,265.01,DEBIT,Interest-Payments
2026-09-15,Big Bazar Retail,1424.3,DEBIT,Groceries
2026-09-15,Loan Bill,505.6,DEBIT,Interest-Payments
2026-09-15,Ola,1279.06,DEBIT,Transport
2026-09-15,Credit Card Bill,441.37,DEBIT,Interest-Payments
2026-09-15,Wifi-bill,535.09,DEBIT,Utilities
2026-09-15,Swiggy,341.94,DEBIT,Take-out
2026-09-15,Fresh Fruits & Veg Co.,1979.01,DEBIT,Groceries
2026-09-16,Uber,1368.4,DEBIT,Transport
2026-09-16,Gas,1481.9,DEBIT,Utilities
2026-09-16,Wifi-bill,309.78,DEBIT,Utilities
2026-09-16,Ola,1852.01,DEBIT,Transport
2026-09-16,Credit Card Bill,1686.04,DEBIT,Interest-Payments
2026-09-16,Fresh Fruits & Veg Co.,1623.68,DEBIT,Groceries
2026-09-16,Electricity,1036.47,DEBIT,Utilities
2026-09-16,Gas,1068.14,DEBIT,Utilities
2026-09-16,Gas,454.09,DEBIT,Utilities
2026-09-16,Ola,1801.88,DEBIT,Transport
2026-09-16,Flipkart,912.65,DEBIT,Shopping
2026-09-16,Zomato,1580.41,DEBIT,Take-out
2026-09-16,Amazon Mrktplace,1950.05,DEBIT,Shopping
2026-09-16,Fresh Fruits & Veg Co.,1972.19,DEBIT,Groceries
2026-09-16,Flipkart,1050.08,DEBIT,Shopping
2026-09-16,Ram's General store,1739.94,DEBIT,Groceries
2026-09-16,Gas,214.41,DEBIT,Utilities
2026-09-16,Zomato,483.96,DEBIT,Take-out
2026-09-16,Loan Bill,284.89,DEBIT,Interest-Payments
2026-09-16,Zomato,1983.7,DEBIT,Take-out
2026-09-17,Ola,578.71,DEBIT,Transport
2026-09-17,Gas,407.22,DEBIT,Utilities
2026-09-17,Credit Card Bill,468.21,DEBIT,Interest-Payments
2026-09-17,Flipkart,547.96,DEBIT,Shopping
2026-09-17,Loan Bill,866.58,DEBIT,Interest-Payments
2026-09-17,Flipkart,1576.23,DEBIT,Shopping
2026-09-17,Gas,1506.8,DEBIT,Utilities
2026-09-17,Ola,682.06,DEBIT,Transport
2026-09-17,Ola,1360.11,DEBIT,Transport
2026-09-17,Wifi-bill,1341.58,DEBIT,Utilities
2026-09-17,Ram's General store,458.57,DEBIT,Groceries
2026-09-18,Ram's General store,651.67,DEBIT,Groceries
2026-09-18,Ram's General store,1919.15,DEBIT,Groceries
2026-09-18,Flipkart,421.57,DEBIT,Shopping
2026-09-18,Uber,1216.17,DEBIT,Transport
2026-09-18,Swiggy,539.9,DEBIT,Take-out
2026-09-18,Credit Card Bill,989.95,DEBIT,Interest-Payments
2026-09-18,CityFlo,1057.17,DEBIT,Transport
2026-09-18,Credit Card Bill,577.76,DEBIT,Interest-Payments
2026-09-18,Electricity,1764.23,DEBIT,Utilities
2026-09-18,Flipkart,1095.22,DEBIT,Shopping
2026-09-18,Ram's General store,293.38,DEBIT,Groceries
2026-09-18,Loan Bill,1683.75,DEBIT,Interest-Payments
2026-09-18,Uber,936.21,DEBIT,Transport
2026-09-19,Swiggy,1225.48,DEBIT,Take-out
2026-09-19,Zomato,872.98,DEBIT,Take-out
2026-09-19,Credit Card Bill,1220.72,DEBIT,Interest-Payments
2026-09-19,Gas,1505.94,DEBIT,Utilities
2026-09-19,Wifi-bill,1483.75,DEBIT,Utilities
2026-09-19,Swiggy,1147.05,DEBIT,Take-out
2026-09-19,Big Bazar Retail,1573.71,DEBIT,Groceries
2026-09-19,Amazon Mrktplace,1499.88,DEBIT,Shopping
2026-09-19,Electricity,1497.66,DEBIT,Utilities
2026-09-19,Swiggy,1185.35,DEBIT,Take-out
2026-09-19,Flipkart,1536.3,DEBIT,Shopping
2026-09-19,Loan Bill,509.11,DEBIT,Interest-Payments
2026-09-19,Ram's General store,1999.48,DEBIT,Groceries
2026-09-19,Amazon Mrktplace,555.89,DEBIT,Shopping
2026-09-19,Loan Bill,1491.82,DEBIT,Interest-Payments
2026-09-19,Big Bazar Retail,1695.97,DEBIT,Groceries
2026-09-20,Wifi-bill,1105.72,DEBIT,Utilities
2026-09-20,Wifi-bill,1875.62,DEBIT,Utilities
2026-09-20,Amazon Mrktplace,1268.49,DEBIT,Shopping
2026-09-20,Swiggy,1802.01,DEBIT,Take-out
2026-09-20,Big Bazar Retail,1294.73,DEBIT,Groceries
2026-09-20,Ram's General store,203.92,DEBIT,Groceries
2026-09-20,Electricity,771.3,DEBIT,Utilities
2026-09-20,Flipkart,1696.44,DEBIT,Shopping
2026-09-20,Gas,1741.24,DEBIT,Utilities
2026-09-20,Loan Bill,1180.76,DEBIT,Interest-Payments
2026-09-20,Uber,731.9,DEBIT,Transport
2026-09-21,Wifi-bill,275.27,DEBIT,Utilities
2026-09-21,Loan Bill,480.85,DEBIT,Interest-Payments
2026-09-21,Uber,1531.59,DEBIT,Transport
2026-09-21,Amazon Mrktplace,1914.2,DEBIT,Shopping
2026-09-21,Credit Card Bill,945.67,DEBIT,Interest-Payments
2026-09-21,Ola,1129.49,DEBIT,Transport
2026-09-21,Swiggy,1101.5,DEBIT,Take-out
2026-09-21,Loan Bill,978.04,DEBIT,Interest-Payments
2026-09-21,Amazon Mrktplace,691.23,DEBIT,Shopping
2026-09-21,Electricity,691.7,DEBIT,Utilities
2026-09-21,Loan Bill,248.42,DEBIT,Interest-Payments
2026-09-21,Flipkart,1834.39,DEBIT,Shopping
2026-09-21,Loan Bill,1508.87,DEBIT,Interest-Payments
2026-09-21,Loan Bill,1564.07,DEBIT,Interest-Payments
2026-09-21,Ola,1072.87,DEBIT,Transport
2026-09-21,Ola,325.08,DEBIT,Transport
2026-09-21,Amazon Mrktplace,287.53,DEBIT,Shopping
2026-09-21,Credit Card Bill,710.02,DEBIT,Interest-Payments
2026-09-21,Flipkart,1416.34,DEBIT,Shopping
2026-09-22,Ram's General store,490.98,DEBIT,Groceries
2026-09-22,Uber,202.01,DEBIT,Transport
2026-09-22,CityFlo,1773.94,DEBIT,Transport
2026-09-22,Flipkart,484.91,DEBIT,Shopping
2026-09-22,Loan Bill,1941.35,DEBIT,Interest-Payments
2026-09-22,Big Bazar Retail,504.66,DEBIT,Groceries
2026-09-22,Zomato,1522.04,DEBIT,Take-out
2026-09-22,Ram's General store,890.34,DEBIT,Groceries
2026-09-22,Flipkart,1257.88,DEBIT,Shopping
2026-09-22,Uber,1139.27,DEBIT,Transport
2026-09-22,Amazon Mrktplace,1116.08,DEBIT,Shopping
2026-09-22,Loan Bill,1150.71,DEBIT,Interest-Payments
2026-09-22,Swiggy,722.29,DEBIT,Take-out
2026-09-22,Swiggy,1783.25,DEBIT,Take-out
2026-09-22,Amazon Mrktplace,1256.22,DEBIT,Shopping
2026-09-22,CityFlo,377.41,DEBIT,Transport
2026-09-22,Swiggy,310.2,DEBIT,Take-out
2026-09-23,Flipkart,968.88,DEBIT,Shopping
2026-09-23,Swiggy,1738.84,DEBIT,Take-out
2026-09-23,Amazon Mrktplace,717.72,DEBIT,Shopping
2026-09-23,Big Bazar Retail,1919.32,DEBIT,Groceries
2026-09-23,Flipkart,1706.39,DEBIT,Shopping
2026-09-23,Credit Card Bill,279.59,DEBIT,Interest-Payments
2026-09-23,Amazon Mrktplace,744.84,DEBIT,Shopping
2026-09-23,Amazon Mrktplace,439.1,DEBIT,Shopping
2026-09-23,Gas,815.06,DEBIT,Utilities
2026-09-24,Gas,821.58,DEBIT,Utilities
2026-09-24,Credit Card Bill,1316.21,DEBIT,Interest-Payments
2026-09-24,Ola,1719.06,DEBIT,Transport
2026-09-24,Loan Bill,851.94,DEBIT,Interest-Payments
2026-09-24,Wifi-bill,1819.3,DEBIT,Utilities
2026-09-24,Swiggy,1500.24,DEBIT,Take-out
2026-09-24,Gas,1063.84,DEBIT,Utilities
2026-09-24,Amazon Mrktplace,820.56,DEBIT,Shopping
2026-09-24,Credit Card Bill,1729.68,DEBIT,Interest-Payments
2026-09-24,Swiggy,1192.84,DEBIT,Take-out
2026-09-24,Big Bazar Retail,1795.56,DEBIT,Groceries
2026-09-24,Amazon Mrktplace,1509.92,DEBIT,Shopping
2026-09-24,Credit Card Bill,983.01,DEBIT,Interest-Payments
2026-09-24,Big Bazar Retail,1004.39,DEBIT,Groceries
2026-09-25,Wifi-bill,1674.13,DEBIT,Utilities
2026-09-25,Big Bazar Retail,1570.26,DEBIT,Groceries
2026-09-25,CityFlo,409.84,DEBIT,Transport
2026-09-25,Uber,1689.41,DEBIT,Transport
2026-09-25,Ram's General store,1618.16,DEBIT,Groceries
2026-09-25,Electricity,960.36,DEBIT,Utilities
2026-09-25,Ola,710.7,DEBIT,Transport
2026-09-25,Flipkart,415.28,DEBIT,Shopping
2026-09-25,Amazon Mrktplace,395.68,DEBIT,Shopping
2026-09-25,Uber,1783.97,DEBIT,Transport
2026-09-25,Loan Bill,657.67,DEBIT,Interest-Payments
2026-09-26,Ola,1614.79,DEBIT,Transport
2026-09-26,Credit Card Bill,1064.49,DEBIT,Interest-Payments
2026-09-26,Amazon Mrktplace,799.96,DEBIT,Shopping
2026-09-26,Gas,1436.13,DEBIT,Utilities
2026-09-26,Loan Bill,527.29,DEBIT,Interest-Payments
2026-09-26,Ola,1889.31,DEBIT,Transport
2026-09-26,Amazon Mrktplace,496.74,DEBIT,Shopping
2026-09-26,CityFlo,589.45,DEBIT,Transport
2026-09-27,Loan Bill,1088.67,DEBIT,Interest-Payments
2026-09-27,Ola,1759.99,DEBIT,Transport
2026-09-27,Zomato,320.6,DEBIT,Take-out
2026-09-27,Amazon Mrktplace,1014.54,DEBIT,Shopping
2026-09-27,Swiggy,967.17,DEBIT,Take-out
2026-09-27,Big Bazar Retail,578.85,DEBIT,Groceries
2026-09-28,Swiggy,1970.73,DEBIT,Take-out
2026-09-28,Swiggy,1789.99,DEBIT,Take-out
2026-09-28,Ram's General store,1531.11,DEBIT,Groceries
2026-09-28,CityFlo,1721.35,DEBIT,Transport
2026-09-28,Ram's General store,297.1,DEBIT,Groceries
2026-09-28,Big Bazar Retail,719.11,DEBIT,Groceries
2026-09-28,Amazon Mrktplace,1602.96,DEBIT,Shopping
2026-09-28,Zomato,1672.58,DEBIT,Take-out
2026-09-28,Credit Card Bill,1717.62,DEBIT,Interest-Payments
2026-09-28,Swiggy,1882.88,DEBIT,Take-out
2026-09-28,Electricity,201.88,DEBIT,Utilities
2026-09-28,Zomato,1943.15,DEBIT,Take-out
2026-09-29,Uber,699.07,DEBIT,Transport
2026-09-29,Gas,976.63,DEBIT,Utilities
2026-09-29,Zomato,1431.62,DEBIT,Take-out
2026-09-29,Wifi-bill,637.24,DEBIT,Utilities
2026-09-29,Electricity,779.5,DEBIT,Utilities
2026-09-29,Big Bazar Retail,1587.57,DEBIT,Groceries
2026-09-30,Electricity,647.45,DEBIT,Utilities
2026-09-30,Ola,947.31,DEBIT,Transport
2026-09-30,Zomato,1829.2,DEBIT,Take-out
2026-09-30,Fresh Fruits & Veg Co.,619.31,DEBIT,Groceries
2026-09-30,Ram's General store,1307.28,DEBIT,Groceries
2026-09-30,Uber,426.12,DEBIT,Transport
2026-09-30,Ram's General store,774.82,DEBIT,Groceries
2026-09-30,Loan Bill,1835.26,DEBIT,Interest-Payments
2026-09-30,Big Bazar Retail,841.88,DEBIT,Groceries
2026-09-30,Flipkart,212.11,DEBIT,Shopping
2026-09-30,Zomato,1878.26,DEBIT,Take-out
2026-09-30,Big Bazar Retail,1004.65,DEBIT,Groceries
2026-09-30,Swiggy,1823.43,DEBIT,Take-out
2026-09-30,Zomato,813.38,DEBIT,Take-out
2026-09-30,Zomato,1943.27,DEBIT,Take-out
2026-09-30,Flipkart,1608.93,DEBIT,Shopping
2026-09-30,Loan Bill,1060.47,DEBIT,Interest-Payments
2026-09-30,Loan Bill,422.43,DEBIT,Interest-Payments
2026-10-01,Salary credited from CypherSOL,60000.0,CREDIT,Salary
2026-10-01,Gas,1037.76,DEBIT,Utilities
2026-10-01,Zomato,885.04,DEBIT,Take-out
2026-10-01,Credit Card Bill,1837.58,DEBIT,Interest-Payments
2026-10-01,Loan Bill,1408.31,DEBIT,Interest-Payments
2026-10-01,Gas,251.45,DEBIT,Utilities
2026-10-01,Gas,1249.68,DEBIT,Utilities
2026-10-01,Uber,1812.14,DEBIT,Transport
2026-10-01,Loan Bill,1893.08,DEBIT,Interest-Payments
2026-10-01,CityFlo,1033.85,DEBIT,Transport
2026-10-01,Big Bazar Retail,1139.01,DEBIT,Groceries
2026-10-02,Fresh Fruits & Veg Co.,385.33,DEBIT,Groceries
2026-10-02,Swiggy,1660.68,DEBIT,Take-out
2026-10-02,Gas,1916.01,DEBIT,Utilities
2026-10-02,Ola,565.31,DEBIT,Transport
2026-10-02,Flipkart,320.86,DEBIT,Shopping
2026-10-02,Ram's General store,388.24,DEBIT,Groceries
2026-10-02,Ram's General store,1823.81,DEBIT,Groceries
2026-10-02,Ram's General store,1153.02,DEBIT,Groceries
2026-10-02,Big Bazar Retail,364.73,DEBIT,Groceries
2026-10-02,Electricity,269.52,DEBIT,Utilities
2026-10-02,Wifi-bill,1203.73,DEBIT,Utilities
2026-10-02,Zomato,1135.55,DEBIT,Take-out
2026-10-02,Credit Card Bill,1664.25,DEBIT,Interest-Payments
2026-10-02,Gas,522.64,DEBIT,Utilities
2026-10-02,Fresh Fruits & Veg Co.,1615.32,DEBIT,Groceries
2026-10-02,Credit Card Bill,925.9,DEBIT,Interest-Payments
2026-10-03,Loan Bill,269.52,DEBIT,Interest-Payments
2026-10-03,CityFlo,1941.0,DEBIT,Transport
2026-10-03,Ram's General store,1695.38,DEBIT,Groceries
2026-10-03,Gas,1152.45,DEBIT,Utilities
2026-10-03,Wifi-bill,574.72,DEBIT,Utilities
2026-10-03,Electricity,879.32,DEBIT,Utilities
2026-10-03,Loan Bill,1545.72,DEBIT,Interest-Payments
2026-10-03,Loan Bill,1874.04,DEBIT,Interest-Payments
2026-10-03,Flipkart,1818.65,DEBIT,Shopping
2026-10-03,Amazon Mrktplace,1455.65,DEBIT,Shopping
2026-10-04,Ram's General store,1346.09,DEBIT,Groceries
2026-10-04,Zomato,1208.39,DEBIT,Take-out
2026-10-04,Swiggy,730.0,DEBIT,Take-out
2026-10-04,Ola,932.94,DEBIT,Transport
2026-10-04,Fresh Fruits & Veg Co.,611.49,DEBIT,Groceries
2026-10-04,Gas,457.32,DEBIT,Utilities
2026-10-04,Uber,1028.13,DEBIT,Transport
2026-10-04,Fresh Fruits & Veg Co.,1064.41,DEBIT,Groceries
2026-10-04,Amazon Mrktplace,863.5,DEBIT,Shopping
2026-10-04,Credit Card Bill,1437.67,DEBIT,Interest-Payments
2026-10-04,Swiggy,299.98,DEBIT,Take-out
2026-10-04,Amazon Mrktplace,418.04,DEBIT,Shopping
2026-10-04,Electricity,469.16,DEBIT,Utilities
2026-10-05,Credit Card Bill,1854.27,DEBIT,Interest-Payments
2026-10-05,Loan Bill,729.05,DEBIT,Interest-Payments
2026-10-05,Credit Card Bill,419.0,DEBIT,Interest-Payments
2026-10-05,Amazon Mrktplace,1097.89,DEBIT,Shopping
2026-10-05,Ram's General store,920.66,DEBIT,Groceries
2026-10-05,Gas,1062.37,DEBIT,Utilities
2026-10-05,Ola,1957.47,DEBIT,Transport
2026-10-05,Gas,340.4,DEBIT,Utilities
2026-10-05,Loan Bill,480.52,DEBIT,Interest-Payments
2026-10-05,Ram's General store,1928.39,DEBIT,Groceries
2026-10-05,Swiggy,246.39,DEBIT,Take-out
2026-10-05,Zomato,371.86,DEBIT,Take-out
2026-10-05,Big Bazar Retail,1244.75,DEBIT,Groceries
2026-10-05,Uber,338.5,DEBIT,Transport
2026-10-06,Ola,697.1,DEBIT,Transport
2026-10-06,Credit Card Bill,898.38,DEBIT,Interest-Payments
2026-10-06,Ola,233.35,DEBIT,Transport
2026-10-06,CityFlo,1887.56,DEBIT,Transport
2026-10-06,Ram's General store,1545.24,DEBIT,Groceries
2026-10-06,Fresh Fruits & Veg Co.,1491.74,DEBIT,Groceries
2026-10-06,Amazon Mrktplace,887.86,DEBIT,Shopping
2026-10-06,Loan Bill,1319.35,DEBIT,Interest-Payments
2026-10-06,Big Bazar Retail,1438.0,DEBIT,Groceries
2026-10-06,Uber,509.9,DEBIT,Transport
2026-10-06,Loan Bill,1037.5,DEBIT,Interest-Payments
2026-10-06,Amazon Mrktplace,711.7,DEBIT,Shopping
2026-10-06,Big Bazar Retail,944.7,DEBIT,Groceries
2026-10-06,Ram's General store,1809.46,DEBIT,Groceries
2026-10-06,Uber,1351.99,DEBIT,Transport
2026-10-06,Fresh Fruits & Veg Co.,1955.71,DEBIT,Groceries
2026-10-06,Amazon Mrktplace,952.79,DEBIT,Shopping
2026-10-07,Gas,865.35,DEBIT,Utilities
2026-10-07,Credit Card Bill,1933.3,DEBIT,Interest-Payments
2026-10-07,Big Bazar Retail,806.74,DEBIT,Groceries
2026-10-07,Swiggy,1118.96,DEBIT,Take-out
2026-10-07,Ola,1207.17,DEBIT,Transport
2026-10-07,Amazon Mrktplace,1538.88,DEBIT,Shopping
2026-10-07,Loan Bill,1098.3,DEBIT,Interest-Payments
2026-10-07,Swiggy,1326.74,DEBIT,Take-out
2026-10-07,Flipkart,1923.04,DEBIT,Shopping
2026-10-07,Wifi-bill,223.35,DEBIT,Utilities
2026-10-07,Big Bazar Retail,585.79,DEBIT,Groceries
2026-10-07,Credit Card Bill,713.27,DEBIT,Interest-Payments
2026-10-07,Electricity,254.07,DEBIT,Utilities
2026-10-07,Credit Card Bill,1434.65,DEBIT,Interest-Payments
2026-10-08,Swiggy,565.99,DEBIT,Take-out
2026-10-08,CityFlo,944.99,DEBIT,Transport
2026-10-08,Zomato,1414.41,DEBIT,Take-out
2026-10-08,Big Bazar Retail,589.19,DEBIT,Groceries
2026-10-08,Uber,504.96,DEBIT,Transport
2026-10-08,Gas,200.9,DEBIT,Utilities
2026-10-08,Swiggy,1499.43,DEBIT,Take-out
2026-10-08,Uber,954.0,DEBIT,Transport
2026-10-08,Uber,1280.9,DEBIT,Transport
2026-10-08,Electricity,276.72,DEBIT,Utilities
2026-10-08,Wifi-bill,794.11,DEBIT,Utilities
2026-10-08,Swiggy,244.04,DEBIT,Take-out
2026-10-08,Gas,1023.59,DEBIT,Utilities
2026-10-08,Gas,1387.15,DEBIT,Utilities
2026-10-09,Big Bazar Retail,806.18,DEBIT,Groceries
2026-10-09,Zomato,528.44,DEBIT,Take-out
2026-10-09,Flipkart,784.31,DEBIT,Shopping
2026-10-09,Flipkart,1760.42,DEBIT,Shopping
2026-10-09,Big Bazar Retail,410.79,DEBIT,Groceries
2026-10-09,Ram's General store,910.46,DEBIT,Groceries
2026-10-09,CityFlo,803.24,DEBIT,Transport
2026-10-09,Zomato,1635.51,DEBIT,Take-out
2026-10-09,Gas,1668.18,DEBIT,Utilities
2026-10-09,Ram's General store,1141.1,DEBIT,Groceries
2026-10-09,Credit Card Bill,454.14,DEBIT,Interest-Payments
2026-10-09,Flipkart,465.37,DEBIT,Shopping
2026-10-09,Amazon Mrktplace,626.8,DEBIT,Shopping
2026-10-09,Zomato,1609.2,DEBIT,Take-out
2026-10-09,Gas,897.26,DEBIT,Utilities
2026-10-09,Wifi-bill,994.04,DEBIT,Utilities
2026-10-10,Amazon Mrktplace,1892.08,DEBIT,Shopping
2026-10-10,Swiggy,238.27,DEBIT,Take-out
2026-10-10,Uber,454.02,DEBIT,Transport
2026-10-10,Credit Card Bill,1352.35,DEBIT,Interest-Payments
2026-10-10,Amazon Mrktplace,345.55,DEBIT,Shopping
2026-10-10,Zomato,1482.46,DEBIT,Take-out
2026-10-10,Ola,1141.15,DEBIT,Transport
2026-10-10,Amazon Mrktplace,1967.36,DEBIT,Shopping
2026-10-10,Gas,284.08,DEBIT,Utilities
2026-10-10,Uber,1078.13,DEBIT,Transport
2026-10-10,Credit Card Bill,1345.59,DEBIT,Interest-Payments
2026-10-10,Credit Card Bill,1089.23,DEBIT,Interest-Payments
2026-10-10,Flipkart,1663.68,DEBIT,Shopping
2026-10-11,Electricity,1072.08,DEBIT,Utilities
2026-10-11,Electricity,222.91,DEBIT,Utilities
2026-10-11,Uber,1232.18,DEBIT,Transport
2026-10-11,Electricity,952.9,DEBIT,Utilities
2026-10-11,Zomato,492.97,DEBIT,Take-out
2026-10-11,Flipkart,1658.96,DEBIT,Shopping
2026-10-11,Ram's General store,1897.63,DEBIT,Groceries
2026-10-11,Zomato,343.65,DEBIT,Take-out
2026-10-11,Gas,843.81,DEBIT,Utilities
2026-10-11,Ola,291.92,DEBIT,Transport
2026-10-11,Uber,952.61,DEBIT,Transport
2026-10-11,Ola,1334.23,DEBIT,Transport
2026-10-12,Zomato,543.03,DEBIT,Take-out
2026-10-12,Loan Bill,713.74,DEBIT,Interest-Payments
2026-10-12,Amazon Mrktplace,857.98,DEBIT,Shopping
2026-10-12,Amazon Mrktplace,491.17,DEBIT,Shopping
2026-10-12,Fresh Fruits & Veg Co.,1861.65,DEBIT,Groceries
2026-10-12,Fresh Fruits & Veg Co.,1440.56,DEBIT,Groceries
2026-10-12,Flipkart,1588.74,DEBIT,Shopping
2026-10-12,Credit Card Bill,797.81,DEBIT,Interest-Payments
2026-10-12,Flipkart,902.27,DEBIT,Shopping
2026-10-12,Zomato,597.87,DEBIT,Take-out
2026-10-12,Gas,397.73,DEBIT,Utilities
2026-10-12,Ram's General store,885.84,DEBIT,Groceries
2026-10-13,Credit Card Bill,914.96,DEBIT,Interest-Payments
2026-10-13,Credit Card Bill,1929.71,DEBIT,Interest-Payments
2026-10-13,Flipkart,1550.37,DEBIT,Shopping
2026-10-13,Zomato,1091.11,DEBIT,Take-out
2026-10-13,Flipkart,1678.77,DEBIT,Shopping
2026-10-13,Big Bazar Retail,1185.0,DEBIT,Groceries
2026-10-13,CityFlo,1922.57,DEBIT,Transport
2026-10-13,Credit Card Bill,1287.6,DEBIT,Interest-Payments
2026-10-13,Gas,1035.44,DEBIT,Utilities
2026-10-13,Electricity,1850.3,DEBIT,Utilities
2026-10-13,Fresh Fruits & Veg Co.,364.77,DEBIT,Groceries
2026-10-13,Credit Card Bill,551.25,DEBIT,Interest-Payments
2026-10-13,Ram's General store,628.9,DEBIT,Groceries
2026-10-13,Credit Card Bill,295.05,DEBIT,Interest-Payments
2026-10-13,Fresh Fruits & Veg Co.,1255.63,DEBIT,Groceries
2026-10-13,Swiggy,1869.8,DEBIT,Take-out
2026-10-13,Credit Card Bill,1534.79,DEBIT,Interest-Payments
2026-10-13,Fresh Fruits & Veg Co.,378.41,DEBIT,Groceries
2026-10-13,Swiggy,338.75,DEBIT,Take-out
2026-10-13,Wifi-bill,1733.55,DEBIT,Utilities
2026-10-14,Uber,1662.7,DEBIT,Transport
2026-10-14,Swiggy,343.32,DEBIT,Take-out
2026-10-14,Zomato,818.29,DEBIT,Take-out
2026-10-14,Big Bazar Retail,493.31,DEBIT,Groceries
2026-10-14,Swiggy,937.03,DEBIT,Take-out
2026-10-14,Zomato,848.99,DEBIT,Take-out
2026-10-14,Zomato,267.24,DEBIT,Take-out
2026-10-14,Ram's General store,1480.53,DEBIT,Groceries
2026-10-14,Credit Card Bill,1614.9,DEBIT,Interest-Payments
2026-10-14,Gas,569.63,DEBIT,Utilities
2026-10-14,Credit Card Bill,1160.93,DEBIT,Interest-Payments
2026-10-14,Loan Bill,305.58,DEBIT,Interest-Payments
2026-10-14,Big Bazar Retail,1265.63,DEBIT,Groceries
2026-10-14,Uber,1967.95,DEBIT,Transport
2026-10-14,Gas,1128.38,DEBIT,Utilities
2026-10-14,Flipkart,1179.67,DEBIT,Shopping
2026-10-14,Loan Bill,1596.64,DEBIT,Interest-Payments
2026-10-14,Amazon Mrktplace,563.82,DEBIT,Shopping
2026-10-15,Uber,607.24,DEBIT,Transport
2026-10-15,Zomato,1027.46,DEBIT,Take-out
2026-10-15,Ram's General store,659.12,DEBIT,Groceries
2026-10-15,Flipkart,303.36,DEBIT,Shopping
2026-10-15,Amazon Mrktplace,462.28,DEBIT,Shopping
2026-10-15,Wifi-bill,891.48,DEBIT,Utilities
2026-10-15,Loan Bill,1874.39,DEBIT,Interest-Payments
2026-10-15,Amazon Mrktplace,894.31,DEBIT,Shopping
2026-10-15,Zomato,1152.67,DEBIT,Take-out
2026-10-15,Uber,1704.86,DEBIT,Transport
2026-10-15,Wifi-bill,1998.65,DEBIT,Utilities
2026-10-15,Ola,1353.79,DEBIT,Transport
2026-10-15,Loan Bill,815.4,DEBIT,Interest-Payments
2026-10-16,Big Bazar Retail,495.38,DEBIT,Groceries
2026-10-16,Ram's General store,1054.73,DEBIT,Groceries
2026-10-16,Uber,1944.42,DEBIT,Transport
2026-10-16,Uber,1488.29,DEBIT,Transport
2026-10-16,Swiggy,905.6,DEBIT,Take-out
2026-10-16,Gas,1052.12,DEBIT,Utilities
2026-10-16,Gas,1792.2,DEBIT,Utilities
2026-10-16,Gas,1250.73,DEBIT,Utilities
2026-10-16,Ola,1254.17,DEBIT,Transport
2026-10-16,Gas,537.02,DEBIT,Utilities
2026-10-16,Zomato,943.58,DEBIT,Take-out
2026-10-16,Ola,769.81,DEBIT,Transport
2026-10-17,Flipkart,1440.58,DEBIT,Shopping
2026-10-17,Zomato,1465.9,DEBIT,Take-out
2026-10-17,Swiggy,913.32,DEBIT,Take-out
2026-10-17,Swiggy,1618.39,DEBIT,Take-out
2026-10-17,Amazon Mrktplace,204.72,DEBIT,Shopping
2026-10-17,Zomato,250.27,DEBIT,Take-out
2026-10-17,Wifi-bill,954.44,DEBIT,Utilities
2026-10-17,Electricity,1430.25,DEBIT,Utilities
2026-10-17,Fresh Fruits & Veg Co.,281.33,DEBIT,Groceries
2026-10-17,Wifi-bill,620.58,DEBIT,Utilities
2026-10-17,Swiggy,1399.2,DEBIT,Take-out
2026-10-17,Swiggy,1681.82,DEBIT,Take-out
2026-10-17,Ola,1039.51,DEBIT,Transport
2026-10-17,Electricity,1915.08,DEBIT,Utilities
2026-10-17,Ram's General store,1490.32,DEBIT,Groceries
2026-10-17,Credit Card Bill,1524.94,DEBIT,Interest-Payments
2026-10-17,Electricity,1974.0,DEBIT,Utilities
2026-10-18,Swiggy,321.44,DEBIT,Take-out
2026-10-18,Gas,1315.54,DEBIT,Utilities
2026-10-18,Swiggy,1768.54,DEBIT,Take-out
2026-10-18,Fresh Fruits & Veg Co.,1692.14,DEBIT,Groceries
2026-10-18,Zomato,947.94,DEBIT,Take-out
2026-10-18,Zomato,561.37,DEBIT,Take-out
2026-10-19,Fresh Fruits & Veg Co.,1237.47,DEBIT,Groceries
2026-10-19,Loan Bill,762.17,DEBIT,Interest-Payments
2026-10-19,Fresh Fruits & Veg Co.,1221.5,DEBIT,Groceries
2026-10-19,Zomato,1129.55,DEBIT,Take-out
2026-10-19,Ola,1962.14,DEBIT,Transport
2026-10-19,Amazon Mrktplace,1824.96,DEBIT,Shopping
2026-10-19,Ola,1386.79,DEBIT,Transport
2026-10-19,Swiggy,200.2,DEBIT,Take-out
2026-10-19,Ram's General store,1851.22,DEBIT,Groceries
2026-10-19,Big Bazar Retail,1014.37,DEBIT,Groceries
2026-10-19,Credit Card Bill,1621.05,DEBIT,Interest-Payments
2026-10-19,Wifi-bill,532.16,DEBIT,Utilities
2026-10-19,Flipkart,474.94,DEBIT,Shopping
2026-10-19,Ola,1700.41,DEBIT,Transport
2026-10-19,Amazon Mrktplace,620.0,DEBIT,Shopping
2026-10-19,CityFlo,1117.58,DEBIT,Transport
2026-10-19,Loan Bill,1767.63,DEBIT,Interest-Payments
2026-10-19,Fresh Fruits & Veg Co.,1030.92,DEBIT,Groceries
2026-10-20,Refund credited from Amazon,539.38,CREDIT,Refund
2026-10-20,Gas,1813.72,DEBIT,Utilities
2026-10-20,Fresh Fruits & Veg Co.,859.58,DEBIT,Groceries
2026-10-20,Fresh Fruits & Veg Co.,1930.17,DEBIT,Groceries
2026-10-20,Credit Card Bill,928.14,DEBIT,Interest-Payments
2026-10-20,Ram's General store,1055.4,DEBIT,Groceries
2026-10-20,Ola,1996.33,DEBIT,Transport
2026-10-20,Swiggy,1444.57,DEBIT,Take-out
2026-10-20,Ram's General store,1593.99,DEBIT,Groceries
2026-10-20,Gas,212.55,DEBIT,Utilities
2026-10-20,Ola,1692.67,DEBIT,Transport
2026-10-20,Amazon Mrktplace,257.76,DEBIT,Shopping
2026-10-20,Zomato,300.29,DEBIT,Take-out
2026-10-20,Ola,207.99,DEBIT,Transport
2026-10-20,Loan Bill,972.72,DEBIT,Interest-Payments
2026-10-20,Loan Bill,1629.52,DEBIT,Interest-Payments
2026-10-20,Ram's General store,326.91,DEBIT,Groceries
2026-10-21,Zomato,1791.18,DEBIT,Take-out
2026-10-21,Ram's General store,474.04,DEBIT,Groceries
2026-10-21,Swiggy,722.21,DEBIT,Take-out
2026-10-21,Uber,447.17,DEBIT,Transport
2026-10-21,Wifi-bill,1310.58,DEBIT,Utilities
2026-10-21,Gas,1776.27,DEBIT,Utilities
2026-10-21,Ram's General store,1893.44,DEBIT,Groceries
2026-10-21,Loan Bill,1915.46,DEBIT,Interest-Payments
2026-10-21,Gas,1193.9,DEBIT,Utilities
2026-10-22,Credit Card Bill,1466.19,DEBIT,Interest-Payments
2026-10-22,Swiggy,407.42,DEBIT,Take-out
2026-10-22,CityFlo,853.29,DEBIT,Transport
2026-10-22,Zomato,1616.23,DEBIT,Take-out
2026-10-22,Loan Bill,729.72,DEBIT,Interest-Payments
2026-10-22,Big Bazar Retail,1346.38,DEBIT,Groceries
2026-10-22,Ola,1747.23,DEBIT,Transport
2026-10-22,CityFlo,681.4,DEBIT,Transport
2026-10-22,Uber,1133.84,DEBIT,Transport
2026-10-22,Swiggy,1392.75,DEBIT,Take-out
2026-10-22,Fresh Fruits & Veg Co.,1864.47,DEBIT,Groceries
2026-10-22,Wifi-bill,1741.36,DEBIT,Utilities
2026-10-22,Credit Card Bill,1847.42,DEBIT,Interest-Payments
2026-10-22,Zomato,1813.1,DEBIT,Take-out
2026-10-23,Uber,879.88,DEBIT,Transport
2026-10-23,Gas,1226.52,DEBIT,Utilities
2026-10-23,Loan Bill,902.05,DEBIT,Interest-Payments
2026-10-23,Ram's General store,1635.88,DEBIT,Groceries
2026-10-23,Credit Card Bill,1760.8,DEBIT,Interest-Payments
2026-10-23,Swiggy,740.44,DEBIT,Take-out
2026-10-23,Zomato,1690.65,DEBIT,Take-out
2026-10-23,Wifi-bill,1054.56,DEBIT,Utilities
2026-10-23,Electricity,1209.63,DEBIT,Utilities
2026-10-23,Flipkart,1217.26,DEBIT,Shopping
2026-10-23,Big Bazar Retail,1130.67,DEBIT,Groceries
2026-10-23,Amazon Mrktplace,734.88,DEBIT,Shopping
2026-10-23,Credit Card Bill,1887.03,DEBIT,Interest-Payments
2026-10-23,Fresh Fruits & Veg Co.,272.05,DEBIT,Groceries
2026-10-23,Zomato,1455.03,DEBIT,Take-out
2026-10-23,Ram's General store,1118.69,DEBIT,Groceries
2026-10-24,Big Bazar Retail,1749.7,DEBIT,Groceries
2026-10-24,Big Bazar Retail,963.49,DEBIT,Groceries
2026-10-24,Credit Card Bill,1950.53,DEBIT,Interest-Payments
2026-10-24,Amazon Mrktplace,1885.73,DEBIT,Shopping
2026-10-24,Zomato,988.79,DEBIT,Take-out
2026-10-24,Loan Bill,726.46,DEBIT,Interest-Payments
2026-10-24,Ola,345.89,DEBIT,Transport
2026-10-24,Swiggy,1123.37,DEBIT,Take-out
2026-10-24,Swiggy,602.32,DEBIT,Take-out
2026-10-24,Swiggy,1578.71,DEBIT,Take-out
2026-10-24,Loan Bill,300.43,DEBIT,Interest-Payments
2026-10-24,Ram's General store,1557.79,DEBIT,Groceries
2026-10-24,Big Bazar Retail,1387.04,DEBIT,Groceries
2026-10-24,Amazon Mrktplace,1728.94,DEBIT,Shopping
2026-10-24,Fresh Fruits & Veg Co.,1300.67,DEBIT,Groceries
2026-10-24,Uber,1667.23,DEBIT,Transport
2026-10-24,Electricity,1156.02,DEBIT,Utilities
2026-10-24,Wifi-bill,1572.19,DEBIT,Utilities
2026-10-24,Amazon Mrktplace,1983.8,DEBIT,Shopping
2026-10-24,Loan Bill,1326.15,DEBIT,Interest-Payments
2026-10-25,Uber,1428.2,DEBIT,Transport
2026-10-25,Flipkart,1390.57,DEBIT,Shopping
2026-10-25,Swiggy,1049.18,DEBIT,Take-out
2026-10-25,Ola,319.81,DEBIT,Transport
2026-10-25,Ola,317.95,DEBIT,Transport
2026-10-25,Electricity,1207.39,DEBIT,Utilities
2026-10-25,Amazon Mrktplace,1478.36,DEBIT,Shopping
2026-10-25,Amazon Mrktplace,1758.24,DEBIT,Shopping
2026-10-25,Wifi-bill,550.78,DEBIT,Utilities
2026-10-25,Zomato,435.58,DEBIT,Take-out
2026-10-25,Gas,302.33,DEBIT,Utilities
2026-10-25,Fresh Fruits & Veg Co.,1025.63,DEBIT,Groceries
2026-10-26,Wifi-bill,1800.29,DEBIT,Utilities
2026-10-26,Amazon Mrktplace,438.69,DEBIT,Shopping
2026-10-26,Loan Bill,1523.42,DEBIT,Interest-Payments
2026-10-26,Gas,1601.78,DEBIT,Utilities
2026-10-26,Loan Bill,1486.35,DEBIT,Interest-Payments
2026-10-26,Swiggy,868.02,DEBIT,Take-out
2026-10-26,Wifi-bill,1424.18,DEBIT,Utilities
2026-10-26,Big Bazar Retail,1999.79,DEBIT,Groceries
2026-10-26,Gas,210.25,DEBIT,Utilities
2026-10-26,Wifi-bill,871.36,DEBIT,Utilities
2026-10-26,Ram's General store,1607.9,DEBIT,Groceries
2026-10-26,Uber,349.44,DEBIT,Transport
2026-10-26,Big Bazar Retail,1400.45,DEBIT,Groceries
2026-10-27,Big Bazar Retail,630.12,DEBIT,Groceries
2026-10-27,Gas,564.99,DEBIT,Utilities
2026-10-27,Credit Card Bill,1478.97,DEBIT,Interest-Payments
2026-10-27,Flipkart,547.22,DEBIT,Shopping
2026-10-27,Fresh Fruits & Veg Co.,1747.03,DEBIT,Groceries
2026-10-27,Swiggy,1306.58,DEBIT,Take-out
2026-10-27,Zomato,1000.63,DEBIT,Take-out
2026-10-27,Big Bazar Retail,319.04,DEBIT,Groceries
2026-10-27,Credit Card Bill,442.4,DEBIT,Interest-Payments
2026-10-27,CityFlo,1424.75,DEBIT,Transport
2026-10-27,Ola,1928.87,DEBIT,Transport
2026-10-27,Credit Card Bill,922.11,DEBIT,Interest-Payments
2026-10-27,Wifi-bill,1032.11,DEBIT,Utilities
2026-10-27,Flipkart,1910.84,DEBIT,Shopping
2026-10-27,Loan Bill,1873.65,DEBIT,Interest-Payments
2026-10-28,CityFlo,1626.63,DEBIT,Transport
2026-10-28,Flipkart,346.22,DEBIT,Shopping
2026-10-28,Wifi-bill,1856.79,DEBIT,Utilities
2026-10-28,Electricity,293.16,DEBIT,Utilities
2026-10-28,Uber,1332.2,DEBIT,Transport
2026-10-28,Flipkart,1340.12,DEBIT,Shopping
2026-10-28,Wifi-bill,1046.42,DEBIT,Utilities
2026-10-28,Electricity,1035.22,DEBIT,Utilities
2026-10-28,Loan Bill,325.02,DEBIT,Interest-Payments
2026-10-28,Wifi-bill,1266.77,DEBIT,Utilities
2026-10-28,Zomato,1647.87,DEBIT,Take-out
2026-10-28,Amazon Mrktplace,580.56,DEBIT,Shopping
2026-10-28,Ola,1773.18,DEBIT,Transport
2026-10-29,Wifi-bill,1799.66,DEBIT,Utilities
2026-10-29,Big Bazar Retail,1070.54,DEBIT,Groceries
2026-10-29,Ram's General store,1350.04,DEBIT,Groceries
2026-10-29,Electricity,823.72,DEBIT,Utilities
2026-10-29,CityFlo,1950.42,DEBIT,Transport
2026-10-29,Loan Bill,1919.31,DEBIT,Interest-Payments
2026-10-29,Swiggy,1713.0,DEBIT,Take-out
2026-10-29,Loan Bill,1457.11,DEBIT,Interest-Payments
2026-10-29,Big Bazar Retail,1977.47,DEBIT,Groceries
2026-10-29,Big Bazar Retail,985.24,DEBIT,Groceries
2026-10-29,Uber,517.53,DEBIT,Transport
2026-10-29,Big Bazar Retail,364.7,DEBIT,Groceries
2026-10-29,Big Bazar Retail,1147.13,DEBIT,Groceries
2026-10-30,CityFlo,851.95,DEBIT,Transport
2026-10-30,Big Bazar Retail,496.32,DEBIT,Groceries
2026-10-30,Electricity,1671.22,DEBIT,Utilities
2026-10-30,Ola,335.91,DEBIT,Transport
2026-10-30,Uber,657.07,DEBIT,Transport
2026-10-30,Credit Card Bill,1037.24,DEBIT,Interest-Payments
2026-10-30,Zomato,857.46,DEBIT,Take-out
2026-10-30,Ola,1786.13,DEBIT,Transport
2026-10-30,Credit Card Bill,1685.99,DEBIT,Interest-Payments
2026-11-01,Salary credited from CypherSOL,60000.0,CREDIT,Salary
2026-11-01,Loan Bill,1491.94,DEBIT,Interest-Payments
2026-11-01,Electricity,1558.37,DEBIT,Utilities
2026-11-01,Credit Card Bill,593.89,DEBIT,Interest-Payments
2026-11-01,Credit Card Bill,827.21,DEBIT,Interest-Payments
2026-11-01,Wifi-bill,1301.39,DEBIT,Utilities
2026-11-01,Flipkart,1134.91,DEBIT,Shopping
2026-11-01,Gas,401.18,DEBIT,Utilities
2026-11-01,Ram's General store,1491.31,DEBIT,Groceries
2026-11-01,Credit Card Bill,1766.92,DEBIT,Interest-Payments
2026-11-01,Wifi-bill,1768.6,DEBIT,Utilities
2026-11-02,Loan Bill,932.72,DEBIT,Interest-Payments
2026-11-02,Credit Card Bill,381.21,DEBIT,Interest-Payments
2026-11-02,Amazon Mrktplace,1129.49,DEBIT,Shopping
2026-11-02,Credit Card Bill,634.65,DEBIT,Interest-Payments
2026-11-02,Wifi-bill,483.74,DEBIT,Utilities
2026-11-02,CityFlo,1963.59,DEBIT,Transport
2026-11-02,Amazon Mrktplace,1047.07,DEBIT,Shopping
2026-11-02,Zomato,1663.67,DEBIT,Take-out
2026-11-02,Swiggy,778.2,DEBIT,Take-out
2026-11-02,Zomato,1336.23,DEBIT,Take-out
2026-11-03,Zomato,1233.49,DEBIT,Take-out
2026-11-03,Loan Bill,1768.25,DEBIT,Interest-Payments
2026-11-03,Zomato,925.48,DEBIT,Take-out
2026-11-03,Loan Bill,1195.04,DEBIT,Interest-Payments
2026-11-03,Big Bazar Retail,1890.98,DEBIT,Groceries
2026-11-03,Gas,1071.29,DEBIT,Utilities
2026-11-03,Loan Bill,1351.79,DEBIT,Interest-Payments
2026-11-03,Amazon Mrktplace,1656.75,DEBIT,Shopping
2026-11-03,Zomato,1924.24,DEBIT,Take-out
2026-11-03,Big Bazar Retail,1261.31,DEBIT,Groceries
2026-11-03,Gas,1807.82,DEBIT,Utilities
2026-11-03,Ram's General store,274.58,DEBIT,Groceries
2026-11-03,Zomato,1857.46,DEBIT,Take-out
2026-11-03,Credit Card Bill,671.09,DEBIT,Interest-Payments
2026-11-03,Wifi-bill,1839.38,DEBIT,Utilities
2026-11-03,Credit Card Bill,838.11,DEBIT,Interest-Payments
2026-11-03,Amazon Mrktplace,672.71,DEBIT,Shopping
2026-11-03,Loan Bill,806.01,DEBIT,Interest-Payments
2026-11-03,Fresh Fruits & Veg Co.,1636.19,DEBIT,Groceries
2026-11-04,Ola,814.96,DEBIT,Transport
2026-11-04,Loan Bill,471.68,DEBIT,Interest-Payments
2026-11-04,Electricity,1172.04,DEBIT,Utilities
2026-11-04,Ram's General store,1859.5,DEBIT,Groceries
2026-11-04,Amazon Mrktplace,1444.55,DEBIT,Shopping
2026-11-04,Zomato,944.22,DEBIT,Take-out
2026-11-04,Ram's General store,779.43,DEBIT,Groceries
2026-11-04,Flipkart,1571.19,DEBIT,Shopping
2026-11-04,Loan Bill,1484.09,DEBIT,Interest-Payments
2026-11-04,Fresh Fruits & Veg Co.,1243.78,DEBIT,Groceries
2026-11-04,Zomato,582.17,DEBIT,Take-out
2026-11-04,Zomato,707.78,DEBIT,Take-out
2026-11-04,Zomato,1951.54,DEBIT,Take-out
2026-11-04,Swiggy,1494.36,DEBIT,Take-out
2026-11-04,Zomato,418.6,DEBIT,Take-out
2026-11-04,Zomato,249.74,DEBIT,Take-out
2026-11-04,Zomato,1782.32,DEBIT,Take-out
2026-11-05,Loan Bill,1579.79,DEBIT,Interest-Payments
2026-11-05,CityFlo,1015.57,DEBIT,Transport
2026-11-05,Ram's General store,1533.24,DEBIT,Groceries
2026-11-05,Zomato,523.34,DEBIT,Take-out
2026-11-05,Credit Card Bill,959.79,DEBIT,Interest-Payments
2026-11-05,Ola,1420.77,DEBIT,Transport
2026-11-05,Flipkart,1279.72,DEBIT,Shopping
2026-11-05,Ola,1650.85,DEBIT,Transport
2026-11-05,Credit Card Bill,1386.15,DEBIT,Interest-Payments
2026-11-05,CityFlo,1342.69,DEBIT,Transport
2026-11-05,Credit Card Bill,266.17,DEBIT,Interest-Payments
2026-11-06,Zomato,909.33,DEBIT,Take-out
2026-11-06,Big Bazar Retail,1994.81,DEBIT,Groceries
2026-11-06,Credit Card Bill,1145.3,DEBIT,Interest-Payments
2026-11-06,Loan Bill,934.22,DEBIT,Interest-Payments
2026-11-06,Credit Card Bill,502.89,DEBIT,Interest-Payments
2026-11-06,CityFlo,825.32,DEBIT,Transport
2026-11-06,Loan Bill,1814.1,DEBIT,Interest-Payments
2026-11-06,Ram's General store,1267.66,DEBIT,Groceries
2026-11-06,Uber,1431.12,DEBIT,Transport
2026-11-06,Zomato,503.08,DEBIT,Take-out
2026-11-06,Wifi-bill,1656.32,DEBIT,Utilities
2026-11-06,Ram's General store,1457.27,DEBIT,Groceries
2026-11-07,Fresh Fruits & Veg Co.,1496.61,DEBIT,Groceries
2026-11-07,Fresh Fruits & Veg Co.,1528.33,DEBIT,Groceries
2026-11-07,Zomato,1652.56,DEBIT,Take-out
2026-11-07,Electricity,1485.1,DEBIT,Utilities
2026-11-07,Fresh Fruits & Veg Co.,694.76,DEBIT,Groceries
2026-11-07,Fresh Fruits & Veg Co.,1010.43,DEBIT,Groceries
2026-11-07,Fresh Fruits & Veg Co.,1376.65,DEBIT,Groceries
2026-11-07,Wifi-bill,1097.18,DEBIT,Utilities
2026-11-07,Uber,1191.71,DEBIT,Transport
2026-11-07,CityFlo,1233.88,DEBIT,Transport
2026-11-07,Flipkart,452.15,DEBIT,Shopping
2026-11-07,Zomato,1094.01,DEBIT,Take-out
2026-11-07,Amazon Mrktplace,586.04,DEBIT,Shopping
2026-11-08,Loan Bill,1568.52,DEBIT,Interest-Payments
2026-11-08,Flipkart,1964.73,DEBIT,Shopping
2026-11-08,Uber,556.04,DEBIT,Transport
2026-11-08,Ram's General store,1242.39,DEBIT,Groceries
2026-11-08,Big Bazar Retail,304.52,DEBIT,Groceries
2026-11-08,Fresh Fruits & Veg Co.,1119.06,DEBIT,Groceries
2026-11-08,Uber,1857.51,DEBIT,Transport
2026-11-08,Uber,692.97,DEBIT,Transport
2026-11-08,Credit Card Bill,1206.14,DEBIT,Interest-Payments
2026-11-08,Amazon Mrktplace,1866.63,DEBIT,Shopping
2026-11-08,Big Bazar Retail,1719.05,DEBIT,Groceries
2026-11-08,Zomato,1063.56,DEBIT,Take-out
2026-11-08,Swiggy,1105.98,DEBIT,Take-out
2026-11-08,Wifi-bill,1365.67,DEBIT,Utilities
2026-11-08,CityFlo,1662.49,DEBIT,Transport
2026-11-09,Gas,1577.73,DEBIT,Utilities
2026-11-09,Fresh Fruits & Veg Co.,1540.32,DEBIT,Groceries
2026-11-09,Flipkart,762.94,DEBIT,Shopping
2026-11-09,CityFlo,621.99,DEBIT,Transport
2026-11-09,CityFlo,1514.82,DEBIT,Transport
2026-11-09,Swiggy,1721.98,DEBIT,Take-out
2026-11-09,Fresh Fruits & Veg Co.,1049.11,DEBIT,Groceries
2026-11-09,Flipkart,1551.17,DEBIT,Shopping
2026-11-09,Electricity,633.49,DEBIT,Utilities
2026-11-09,Electricity,307.88,DEBIT,Utilities
2026-11-09,Amazon Mrktplace,1672.07,DEBIT,Shopping
2026-11-09,Big Bazar Retail,1717.02,DEBIT,Groceries
2026-11-09,Fresh Fruits & Veg Co.,1541.15,DEBIT,Groceries
2026-11-09,Credit Card Bill,1585.95,DEBIT,Interest-Payments
2026-11-09,Big Bazar Retail,1654.92,DEBIT,Groceries
2026-11-09,Ola,721.73,DEBIT,Transport
2026-11-09,Wifi-bill,1707.95,DEBIT,Utilities
2026-11-10,Fresh Fruits & Veg Co.,1883.93,DEBIT,Groceries
2026-11-10,CityFlo,1900.93,DEBIT,Transport
2026-11-10,Loan Bill,1571.84,DEBIT,Interest-Payments
2026-11-10,Amazon Mrktplace,313.21,DEBIT,Shopping
2026-11-10,Wifi-bill,693.25,DEBIT,Utilities
2026-11-10,Swiggy,809.31,DEBIT,Take-out
2026-11-10,Electricity,1462.3,DEBIT,Utilities
2026-11-10,Swiggy,1773.0,DEBIT,Take-out
2026-11-10,Zomato,374.47,DEBIT,Take-out
2026-11-10,Credit Card Bill,1830.16,DEBIT,Interest-Payments
2026-11-10,Zomato,490.55,DEBIT,Take-out
2026-11-10,Flipkart,416.76,DEBIT,Shopping
2026-11-10,Flipkart,291.97,DEBIT,Shopping
2026-11-10,Electricity,446.41,DEBIT,Utilities
2026-11-10,Loan Bill,1901.61,DEBIT,Interest-Payments
2026-11-10,Flipkart,1970.18,DEBIT,Shopping
2026-11-11,Refund credited from Amazon,556.61,CREDIT,Refund
2026-11-11,Loan Bill,1287.67,DEBIT,Interest-Payments
2026-11-11,Flipkart,1642.45,DEBIT,Shopping
2026-11-11,CityFlo,323.59,DEBIT,Transport
2026-11-11,Swiggy,906.47,DEBIT,Take-out
2026-11-11,Wifi-bill,1393.54,DEBIT,Utilities
2026-11-11,Swiggy,469.33,DEBIT,Take-out
2026-11-11,Electricity,1155.19,DEBIT,Utilities
2026-11-11,Amazon Mrktplace,678.98,DEBIT,Shopping
2026-11-11,Amazon Mrktplace,1848.7,DEBIT,Shopping
2026-11-11,Zomato,777.86,DEBIT,Take-out
2026-11-11,Big Bazar Retail,659.89,DEBIT,Groceries
2026-11-11,Ram's General store,767.18,DEBIT,Groceries
2026-11-11,Loan Bill,1268.45,DEBIT,Interest-Payments
2026-11-11,CityFlo,1351.46,DEBIT,Transport
2026-11-11,Ram's General store,526.05,DEBIT,Groceries
2026-11-11,Credit Card Bill,765.54,DEBIT,Interest-Payments
2026-11-11,Fresh Fruits & Veg Co.,743.94,DEBIT,Groceries
2026-11-12,Ola,560.46,DEBIT,Transport
2026-11-12,Big Bazar Retail,1777.96,DEBIT,Groceries
2026-11-12,Swiggy,1592.44,DEBIT,Take-out
2026-11-12,Fresh Fruits & Veg Co.,339.21,DEBIT,Groceries
2026-11-12,Swiggy,1248.26,DEBIT,Take-out
2026-11-12,Ram's General store,609.96,DEBIT,Groceries
2026-11-13,Amazon Mrktplace,1026.09,DEBIT,Shopping
2026-11-13,Credit Card Bill,478.77,DEBIT,Interest-Payments
2026-11-13,Zomato,1846.51,DEBIT,Take-out
2026-11-13,Gas,960.51,DEBIT,Utilities
2026-11-13,Fresh Fruits & Veg Co.,1464.12,DEBIT,Groceries
2026-11-13,Gas,1044.51,DEBIT,Utilities
2026-11-13,Zomato,459.37,DEBIT,Take-out
2026-11-13,Ram's General store,1376.47,DEBIT,Groceries
2026-11-13,Zomato,708.61,DEBIT,Take-out
2026-11-13,Big Bazar Retail,1407.98,DEBIT,Groceries
2026-11-13,Zomato,1611.61,DEBIT,Take-out
2026-11-13,CityFlo,1696.01,DEBIT,Transport
2026-11-13,Wifi-bill,527.22,DEBIT,Utilities
2026-11-13,Electricity,1149.19,DEBIT,Utilities
2026-11-13,Amazon Mrktplace,1553.36,DEBIT,Shopping
2026-11-14,Credit Card Bill,1212.69,DEBIT,Interest-Payments
2026-11-14,CityFlo,1999.97,DEBIT,Transport
2026-11-14,Big Bazar Retail,1323.02,DEBIT,Groceries
2026-11-14,Zomato,1121.2,DEBIT,Take-out
2026-11-14,Electricity,263.09,DEBIT,Utilities
2026-11-14,Ram's General store,1340.22,DEBIT,Groceries
2026-11-14,Zomato,959.71,DEBIT,Take-out
2026-11-14,Wifi-bill,647.42,DEBIT,Utilities
2026-11-14,Wifi-bill,1024.25,DEBIT,Utilities
2026-11-14,Gas,1550.63,DEBIT,Utilities
2026-11-14,Electricity,1138.37,DEBIT,Utilities
2026-11-14,Ola,914.3,DEBIT,Transport
2026-11-15,Ram's General store,1310.75,DEBIT,Groceries
2026-11-15,Amazon Mrktplace,1315.49,DEBIT,Shopping
2026-11-15,Uber,1512.04,DEBIT,Transport
2026-11-15,Loan Bill,1839.88,DEBIT,Interest-Payments
2026-11-15,Ola,600.76,DEBIT,Transport
2026-11-15,Flipkart,1899.31,DEBIT,Shopping
2026-11-15,Amazon Mrktplace,855.13,DEBIT,Shopping
2026-11-15,Flipkart,334.39,DEBIT,Shopping
2026-11-15,Zomato,264.25,DEBIT,Take-out
2026-11-15,Fresh Fruits & Veg Co.,786.89,DEBIT,Groceries
2026-11-16,Loan Bill,339.85,DEBIT,Interest-Payments
2026-11-16,Swiggy,1675.26,DEBIT,Take-out
2026-11-16,Zomato,1043.24,DEBIT,Take-out
2026-11-16,Credit Card Bill,235.35,DEBIT,Interest-Payments
2026-11-16,Zomato,412.83,DEBIT,Take-out
2026-11-16,Amazon Mrktplace,852.94,DEBIT,Shopping
2026-11-16,Amazon Mrktplace,811.88,DEBIT,Shopping
2026-11-16,Loan Bill,1614.92,DEBIT,Interest-Payments
2026-11-16,Ola,812.08,DEBIT,Transport
2026-11-16,Ram's General store,791.36,DEBIT,Groceries
2026-11-17,Wifi-bill,807.88,DEBIT,Utilities
2026-11-17,CityFlo,1436.61,DEBIT,Transport
2026-11-17,Swiggy,997.16,DEBIT,Take-out
2026-11-17,Ola,781.23,DEBIT,Transport
2026-11-17,CityFlo,702.24,DEBIT,Transport
2026-11-17,Fresh Fruits & Veg Co.,1920.7,DEBIT,Groceries
2026-11-17,Zomato,305.42,DEBIT,Take-out
2026-11-17,Loan Bill,498.21,DEBIT,Interest-Payments
2026-11-17,Amazon Mrktplace,1109.91,DEBIT,Shopping
2026-11-17,CityFlo,423.9,DEBIT,Transport
2026-11-17,Electricity,1536.53,DEBIT,Utilities
2026-11-17,Electricity,267.01,DEBIT,Utilities
2026-11-17,Wifi-bill,394.34,DEBIT,Utilities
2026-11-17,Credit Card Bill,1888.08,DEBIT,Interest-Payments
2026-11-17,Credit Card Bill,967.75,DEBIT,Interest-Payments
2026-11-17,Electricity,767.81,DEBIT,Utilities
2026-11-17,Amazon Mrktplace,280.14,DEBIT,Shopping
2026-11-17,Ola,1901.45,DEBIT,Transport
2026-11-17,Gas,713.13,DEBIT,Utilities
2026-11-17,Ola,413.53,DEBIT,Transport
2026-11-17,Ram's General store,738.87,DEBIT,Groceries
2026-11-17,Amazon Mrktplace,1918.79,DEBIT,Shopping
2026-11-17,Electricity,1649.99,DEBIT,Utilities
2026-11-17,Swiggy,1843.65,DEBIT,Take-out
2026-11-18,Amazon Mrktplace,808.12,DEBIT,Shopping
2026-11-18,Gas,903.55,DEBIT,Utilities
2026-11-18,Uber,1270.88,DEBIT,Transport
2026-11-18,Gas,1165.95,DEBIT,Utilities
2026-11-18,Swiggy,684.98,DEBIT,Take-out
2026-11-18,Gas,334.26,DEBIT,Utilities
2026-11-18,Big Bazar Retail,1155.48,DEBIT,Groceries
2026-11-18,Electricity,1176.36,DEBIT,Utilities
2026-11-18,Credit Card Bill,966.1,DEBIT,Interest-Payments
2026-11-18,Uber,1741.57,DEBIT,Transport
2026-11-18,CityFlo,588.69,DEBIT,Transport
2026-11-18,Fresh Fruits & Veg Co.,1982.24,DEBIT,Groceries
2026-11-18,Wifi-bill,335.8,DEBIT,Utilities
2026-11-18,Flipkart,1348.97,DEBIT,Shopping
2026-11-18,Uber,725.61,DEBIT,Transport
2026-11-18,Flipkart,1104.82,DEBIT,Shopping
2026-11-18,Electricity,1204.64,DEBIT,Utilities
2026-11-18,Gas,1543.29,DEBIT,Utilities
2026-11-19,Swiggy,1533.32,DEBIT,Take-out
2026-11-19,Loan Bill,1401.24,DEBIT,Interest-Payments
2026-11-19,Ram's General store,1989.07,DEBIT,Groceries
2026-11-19,Ola,642.18,DEBIT,Transport
2026-11-19,Flipkart,847.21,DEBIT,Shopping
2026-11-19,Flipkart,1708.45,DEBIT,Shopping
2026-11-19,Gas,378.11,DEBIT,Utilities
2026-11-19,Loan Bill,1478.52,DEBIT,Interest-Payments
2026-11-19,Big Bazar Retail,1730.83,DEBIT,Groceries
2026-11-19,Wifi-bill,1530.86,DEBIT,Utilities
2026-11-19,Wifi-bill,1870.91,DEBIT,Utilities
2026-11-19,Loan Bill,1092.99,DEBIT,Interest-Payments
2026-11-20,Zomato,1872.56,DEBIT,Take-out
2026-11-20,CityFlo,1569.59,DEBIT,Transport
2026-11-20,Ola,378.59,DEBIT,Transport
2026-11-20,Gas,777.14,DEBIT,Utilities
2026-11-20,Wifi-bill,359.49,DEBIT,Utilities
2026-11-20,CityFlo,600.03,DEBIT,Transport
2026-11-20,Big Bazar Retail,1457.44,DEBIT,Groceries
2026-11-20,Gas,637.3,DEBIT,Utilities
2026-11-20,Uber,1716.2,DEBIT,Transport
2026-11-20,Ram's General store,462.96,DEBIT,Groceries
2026-11-20,CityFlo,864.78,DEBIT,Transport
2026-11-20,Wifi-bill,882.13,DEBIT,Utilities
2026-11-20,Gas,458.86,DEBIT,Utilities
2026-11-20,Credit Card Bill,793.96,DEBIT,Interest-Payments
2026-11-20,Flipkart,359.78,DEBIT,Shopping
2026-11-20,Big Bazar Retail,1804.27,DEBIT,Groceries
2026-11-21,CityFlo,1405.52,DEBIT,Transport
2026-11-21,Wifi-bill,1723.76,DEBIT,Utilities
2026-11-21,CityFlo,362.05,DEBIT,Transport
2026-11-21,Swiggy,1776.41,DEBIT,Take-out
2026-11-21,Credit Card Bill,1446.98,DEBIT,Interest-Payments
2026-11-21,Loan Bill,1711.59,DEBIT,Interest-Payments
2026-11-21,Credit Card Bill,890.54,DEBIT,Interest-Payments
2026-11-21,Amazon Mrktplace,990.48,DEBIT,Shopping
2026-11-22,Uber,323.33,DEBIT,Transport
2026-11-22,Wifi-bill,1649.21,DEBIT,Utilities
2026-11-22,Ram's General store,911.89,DEBIT,Groceries
2026-11-22,Fresh Fruits & Veg Co.,1320.22,DEBIT,Groceries
2026-11-22,CityFlo,1769.94,DEBIT,Transport
2026-11-22,Ola,1516.19,DEBIT,Transport
2026-11-22,Gas,1483.78,DEBIT,Utilities
2026-11-22,Fresh Fruits & Veg Co.,1915.32,DEBIT,Groceries
2026-11-22,Flipkart,288.15,DEBIT,Shopping
2026-11-22,Ola,1124.23,DEBIT,Transport
2026-11-22,Electricity,630.55,DEBIT,Utilities
2026-11-22,Ola,957.74,DEBIT,Transport
2026-11-22,Flipkart,1504.04,DEBIT,Shopping
2026-11-22,Loan Bill,800.22,DEBIT,Interest-Payments
2026-11-22,Ola,1191.68,DEBIT,Transport
2026-11-22,CityFlo,255.73,DEBIT,Transport
2026-11-22,Amazon Mrktplace,1559.59,DEBIT,Shopping
2026-11-22,Wifi-bill,535.92,DEBIT,Utilities
2026-11-22,Electricity,1478.32,DEBIT,Utilities
2026-11-23,Flipkart,621.01,DEBIT,Shopping
2026-11-23,Amazon Mrktplace,718.85,DEBIT,Shopping
2026-11-23,Flipkart,1978.19,DEBIT,Shopping
2026-11-23,Ola,287.81,DEBIT,Transport
2026-11-23,Fresh Fruits & Veg Co.,671.07,DEBIT,Groceries
2026-11-24,Ram's General store,1686.13,DEBIT,Groceries
2026-11-24,Zomato,1442.27,DEBIT,Take-out
2026-11-24,Swiggy,436.91,DEBIT,Take-out
2026-11-24,Amazon Mrktplace,574.84,DEBIT,Shopping
2026-11-24,Gas,1957.13,DEBIT,Utilities
2026-11-24,Amazon Mrktplace,682.16,DEBIT,Shopping
2026-11-24,Ola,420.5,DEBIT,Transport
2026-11-24,Uber,868.31,DEBIT,Transport
2026-11-25,Swiggy,1544.18,DEBIT,Take-out
2026-11-25,CityFlo,854.41,DEBIT,Transport
2026-11-25,Flipkart,802.6,DEBIT,Shopping
2026-11-25,Flipkart,1621.82,DEBIT,Shopping
2026-11-25,Electricity,1568.81,DEBIT,Utilities
2026-11-25,Ola,1634.01,DEBIT,Transport
2026-11-25,Gas,916.54,DEBIT,Utilities
2026-11-25,Fresh Fruits & Veg Co.,1886.13,DEBIT,Groceries
2026-11-25,Amazon Mrktplace,1677.77,DEBIT,Shopping
2026-11-25,Amazon Mrktplace,1424.41,DEBIT,Shopping
2026-11-25,Big Bazar Retail,1727.69,DEBIT,Groceries
2026-11-26,Amazon Mrktplace,1928.77,DEBIT,Shopping
2026-11-26,Amazon Mrktplace,1460.16,DEBIT,Shopping
2026-11-26,Zomato,725.87,DEBIT,Take-out
2026-11-26,Loan Bill,283.73,DEBIT,Interest-Payments
2026-11-26,Credit Card Bill,567.05,DEBIT,Interest-Payments
2026-11-26,Gas,484.81,DEBIT,Utilities
2026-11-26,Uber,283.77,DEBIT,Transport
2026-11-26,Swiggy,831.85,DEBIT,Take-out
2026-11-26,Credit Card Bill,558.38,DEBIT,Interest-Payments
2026-11-26,Electricity,705.5,DEBIT,Utilities
2026-11-26,Amazon Mrktplace,1705.78,DEBIT,Shopping
2026-11-26,Credit Card Bill,1365.62,DEBIT,Interest-Payments
2026-11-26,Ram's General store,1810.95,DEBIT,Groceries
2026-11-26,Gas,689.49,DEBIT,Utilities
2026-11-26,Amazon Mrktplace,1224.35,DEBIT,Shopping
2026-11-26,Uber,1597.09,DEBIT,Transport
2026-11-26,Uber,969.72,DEBIT,Transport
2026-11-26,Wifi-bill,1435.03,DEBIT,Utilities
2026-11-27,Refund credited from Amazon,654.51,CREDIT,Refund
2026-11-27,Big Bazar Retail,1623.19,DEBIT,Groceries
2026-11-27,Flipkart,386.61,DEBIT,Shopping
2026-11-27,Zomato,1847.82,DEBIT,Take-out
2026-11-27,Ola,612.32,DEBIT,Transport
2026-11-27,Amazon Mrktplace,1714.17,DEBIT,Shopping
2026-11-27,Credit Card Bill,374.41,DEBIT,Interest-Payments
2026-11-27,Swiggy,648.92,DEBIT,Take-out
2026-11-27,Wifi-bill,1573.83,DEBIT,Utilities
2026-11-27,Wifi-bill,415.29,DEBIT,Utilities
2026-11-27,Amazon Mrktplace,1199.25,DEBIT,Shopping
2026-11-27,Loan Bill,1274.55,DEBIT,Interest-Payments
2026-11-27,Zomato,1944.99,DEBIT,Take-out
2026-11-28,Amazon Mrktplace,217.73,DEBIT,Shopping
2026-11-28,Swiggy,434.86,DEBIT,Take-out
2026-11-28,Ram's General store,1896.13,DEBIT,Groceries
2026-11-28,Zomato,292.98,DEBIT,Take-out
2026-11-28,Big Bazar Retail,472.68,DEBIT,Groceries
2026-11-28,Big Bazar Retail,1203.5,DEBIT,Groceries
2026-11-28,Flipkart,948.95,DEBIT,Shopping
2026-11-28,Flipkart,1426.73,DEBIT,Shopping
2026-11-28,Credit Card Bill,927.65,DEBIT,Interest-Payments
2026-11-28,Amazon Mrktplace,726.62,DEBIT,Shopping
2026-11-28,Fresh Fruits & Veg Co.,972.33,DEBIT,Groceries
2026-11-28,Amazon Mrktplace,1035.83,DEBIT,Shopping
2026-11-28,Wifi-bill,991.45,DEBIT,Utilities
2026-11-28,Swiggy,917.11,DEBIT,Take-out
2026-11-28,Flipkart,1444.25,DEBIT,Shopping
2026-11-28,Big Bazar Retail,982.44,DEBIT,Groceries
2026-11-28,Credit Card Bill,1123.75,DEBIT,Interest-Payments
2026-11-28,Zomato,1713.26,DEBIT,Take-out
2026-11-28,Credit Card Bill,425.01,DEBIT,Interest-Payments
2026-11-28,Amazon Mrktplace,1025.41,DEBIT,Shopping
2026-11-29,Swiggy,298.18,DEBIT,Take-out
2026-11-29,Electricity,1172.41,DEBIT,Utilities
2026-11-29,Flipkart,1176.82,DEBIT,Shopping
2026-11-29,Amazon Mrktplace,1865.17,DEBIT,Shopping
2026-11-29,Big Bazar Retail,1932.8,DEBIT,Groceries
2026-11-29,Ram's General store,637.24,DEBIT,Groceries
2026-11-29,Ram's General store,1383.71,DEBIT,Groceries
2026-11-29,Amazon Mrktplace,680.15,DEBIT,Shopping
2026-11-29,Amazon Mrktplace,1264.9,DEBIT,Shopping
2026-11-29,Amazon Mrktplace,1524.45,DEBIT,Shopping
2026-11-29,Zomato,318.05,DEBIT,Take-out
2026-11-29,Credit Card Bill,1738.87,DEBIT,Interest-Payments
2026-11-29,Ola,1739.57,DEBIT,Transport
2026-11-29,Credit Card Bill,1633.7,DEBIT,Interest-Payments
2026-11-29,Flipkart,1696.28,DEBIT,Shopping
2026-11-30,Credit Card Bill,1439.92,DEBIT,Interest-Payments
2026-11-30,Credit Card Bill,574.77,DEBIT,Interest-Payments
2026-11-30,Flipkart,1423.65,DEBIT,Shopping
2026-11-30,Wifi-bill,201.26,DEBIT,Utilities
2026-11-30,Amazon Mrktplace,837.89,DEBIT,Shopping
2026-11-30,Electricity,1323.44,DEBIT,Utilities
2026-11-30,Zomato,924.66,DEBIT,Take-out
2026-11-30,Electricity,340.94,DEBIT,Utilities
2026-11-30,Wifi-bill,785.26,DEBIT,Utilities
2026-11-30,Zomato,462.31,DEBIT,Take-out
2026-11-30,Loan Bill,1596.01,DEBIT,Interest-Payments
2026-11-30,Electricity,918.84,DEBIT,Utilities
2026-11-30,Fresh Fruits & Veg Co.,1577.11,DEBIT,Groceries
2026-11-30,Loan Bill,1618.21,DEBIT,Interest-Payments
2026-11-30,CityFlo,1422.99,DEBIT,Transport
2026-11-30,Fresh Fruits & Veg Co.,875.89,DEBIT,Groceries
2026-11-30,Zomato,1091.52,DEBIT,Take-out
2026-11-30,Amazon Mrktplace,833.76,DEBIT,Shopping
2026-12-01,Salary credited from CypherSOL,60000.0,CREDIT,Salary
2026-12-01,Ram's General store,610.77,DEBIT,Groceries
2026-12-01,Gas,758.86,DEBIT,Utilities
2026-12-01,Ola,1551.16,DEBIT,Transport
2026-12-01,CityFlo,1147.16,DEBIT,Transport
2026-12-01,Amazon Mrktplace,258.67,DEBIT,Shopping
2026-12-01,Ram's General store,403.74,DEBIT,Groceries
2026-12-02,Credit Card Bill,221.47,DEBIT,Interest-Payments
2026-12-02,Swiggy,1845.47,DEBIT,Take-out
2026-12-02,CityFlo,797.79,DEBIT,Transport
2026-12-02,Amazon Mrktplace,1195.65,DEBIT,Shopping
2026-12-02,Amazon Mrktplace,1623.63,DEBIT,Shopping
2026-12-02,Swiggy,549.59,DEBIT,Take-out
2026-12-02,Zomato,1970.77,DEBIT,Take-out
2026-12-02,Swiggy,1798.27,DEBIT,Take-out
2026-12-02,Swiggy,1906.17,DEBIT,Take-out
2026-12-02,CityFlo,1723.7,DEBIT,Transport
2026-12-02,Zomato,297.6,DEBIT,Take-out
2026-12-02,Zomato,1157.78,DEBIT,Take-out
2026-12-02,Big Bazar Retail,1090.21,DEBIT,Groceries
2026-12-02,Fresh Fruits & Veg Co.,895.41,DEBIT,Groceries
2026-12-02,Electricity,917.53,DEBIT,Utilities
2026-12-03,CityFlo,1922.96,DEBIT,Transport
2026-12-03,Zomato,1238.81,DEBIT,Take-out
2026-12-03,Big Bazar Retail,1560.99,DEBIT,Groceries
2026-12-03,Wifi-bill,958.53,DEBIT,Utilities
2026-12-03,Zomato,517.23,DEBIT,Take-out
2026-12-03,Ram's General store,567.96,DEBIT,Groceries
2026-12-03,Flipkart,479.71,DEBIT,Shopping
2026-12-03,Loan Bill,1230.32,DEBIT,Interest-Payments
2026-12-03,Loan Bill,1110.96,DEBIT,Interest-Payments
2026-12-03,CityFlo,1842.44,DEBIT,Transport
2026-12-03,Zomato,870.14,DEBIT,Take-out
2026-12-03,Credit Card Bill,328.11,DEBIT,Interest-Payments
2026-12-03,Loan Bill,1269.15,DEBIT,Interest-Payments
2026-12-03,Ram's General store,1660.13,DEBIT,Groceries
2026-12-03,Big Bazar Retail,1259.44,DEBIT,Groceries
2026-12-03,Fresh Fruits & Veg Co.,908.83,DEBIT,Groceries
2026-12-03,Swiggy,1334.92,DEBIT,Take-out
2026-12-03,Swiggy,1331.63,DEBIT,Take-out
2026-12-04,Zomato,1608.47,DEBIT,Take-out
2026-12-04,Amazon Mrktplace,641.07,DEBIT,Shopping
2026-12-04,Ola,287.72,DEBIT,Transport
2026-12-04,Flipkart,703.39,DEBIT,Shopping
2026-12-04,Amazon Mrktplace,262.95,DEBIT,Shopping
2026-12-04,Swiggy,1581.24,DEBIT,Take-out
2026-12-04,Zomato,225.57,DEBIT,Take-out
2026-12-04,Swiggy,1243.17,DEBIT,Take-out
2026-12-04,Loan Bill,375.56,DEBIT,Interest-Payments
2026-12-04,CityFlo,1221.09,DEBIT,Transport
2026-12-04,Amazon Mrktplace,1317.6,DEBIT,Shopping
2026-12-04,CityFlo,978.61,DEBIT,Transport
2026-12-04,Flipkart,254.75,DEBIT,Shopping
2026-12-04,Big Bazar Retail,1307.04,DEBIT,Groceries
2026-12-04,Amazon Mrktplace,1099.96,DEBIT,Shopping
2026-12-04,Credit Card Bill,913.98,DEBIT,Interest-Payments
2026-12-04,Uber,1791.89,DEBIT,Transport
2026-12-04,Gas,1883.58,DEBIT,Utilities
2026-12-04,Wifi-bill,200.66,DEBIT,Utilities
2026-12-05,Fresh Fruits & Veg Co.,1755.5,DEBIT,Groceries
2026-12-05,Flipkart,677.7,DEBIT,Shopping
2026-12-05,Loan Bill,1725.85,DEBIT,Interest-Payments
2026-12-05,CityFlo,1436.43,DEBIT,Transport
2026-12-05,Electricity,924.35,DEBIT,Utilities
2026-12-05,Fresh Fruits & Veg Co.,1369.92,DEBIT,Groceries
2026-12-05,Gas,1170.21,DEBIT,Utilities
2026-12-05,Credit Card Bill,1040.69,DEBIT,Interest-Payments
2026-12-05,Amazon Mrktplace,1065.77,DEBIT,Shopping
2026-12-05,Wifi-bill,1707.38,DEBIT,Utilities
2026-12-05,Zomato,642.49,DEBIT,Take-out
2026-12-06,Fresh Fruits & Veg Co.,850.58,DEBIT,Groceries
2026-12-06,Uber,394.71,DEBIT,Transport
2026-12-06,Ola,295.88,DEBIT,Transport
2026-12-06,Flipkart,359.68,DEBIT,Shopping
2026-12-06,Amazon Mrktplace,1250.19,DEBIT,Shopping
2026-12-06,Loan Bill,833.9,DEBIT,Interest-Payments
2026-12-06,Amazon Mrktplace,1225.9,DEBIT,Shopping
2026-12-06,Big Bazar Retail,1593.09,DEBIT,Groceries
2026-12-06,Uber,1114.55,DEBIT,Transport
2026-12-06,Credit Card Bill,1598.0,DEBIT,Interest-Payments
2026-12-06,CityFlo,225.14,DEBIT,Transport
2026-12-06,Credit Card Bill,757.3,DEBIT,Interest-Payments
2026-12-06,Electricity,1965.73,DEBIT,Utilities
2026-12-06,Gas,1152.08,DEBIT,Utilities
2026-12-07,Loan Bill,469.19,DEBIT,Interest-Payments
2026-12-07,Swiggy,1367.75,DEBIT,Take-out
2026-12-07,Loan Bill,1207.53,DEBIT,Interest-Payments
2026-12-07,Swiggy,624.57,DEBIT,Take-out
2026-12-07,Loan Bill,1695.31,DEBIT,Interest-Payments
2026-12-07,Gas,391.69,DEBIT,Utilities
2026-12-07,Zomato,315.62,DEBIT,Take-out
2026-12-07,Electricity,1249.52,DEBIT,Utilities
2026-12-07,Gas,553.22,DEBIT,Utilities
2026-12-07,Gas,1332.1,DEBIT,Utilities
2026-12-07,Amazon Mrktplace,1321.96,DEBIT,Shopping
2026-12-07,Zomato,760.34,DEBIT,Take-out
2026-12-08,Flipkart,1915.37,DEBIT,Shopping
2026-12-08,Swiggy,1422.16,DEBIT,Take-out
2026-12-08,Amazon Mrktplace,1571.17,DEBIT,Shopping
2026-12-08,Flipkart,1108.21,DEBIT,Shopping
2026-12-08,Fresh Fruits & Veg Co.,1685.02,DEBIT,Groceries
2026-12-08,Electricity,1303.08,DEBIT,Utilities
2026-12-08,Gas,827.56,DEBIT,Utilities
2026-12-08,Credit Card Bill,1854.91,DEBIT,Interest-Payments
2026-12-08,Flipkart,271.55,DEBIT,Shopping
2026-12-08,Ram's General store,1388.76,DEBIT,Groceries
2026-12-08,Big Bazar Retail,248.18,DEBIT,Groceries
2026-12-08,Credit Card Bill,546.08,DEBIT,Interest-Payments
2026-12-08,Credit Card Bill,1498.95,DEBIT,Interest-Payments
2026-12-08,Credit Card Bill,532.54,DEBIT,Interest-Payments
2026-12-08,Electricity,857.99,DEBIT,Utilities
2026-12-08,Fresh Fruits & Veg Co.,1615.3,DEBIT,Groceries
2026-12-08,Loan Bill,329.87,DEBIT,Interest-Payments
2026-12-08,Gas,1015.24,DEBIT,Utilities
2026-12-08,Fresh Fruits & Veg Co.,1834.59,DEBIT,Groceries
2026-12-08,Ram's General store,768.4,DEBIT,Groceries
2026-12-09,CityFlo,781.28,DEBIT,Transport
2026-12-09,Zomato,1475.97,DEBIT,Take-out
2026-12-09,Credit Card Bill,1793.99,DEBIT,Interest-Payments
2026-12-09,Ram's General store,1755.13,DEBIT,Groceries
2026-12-09,Credit Card Bill,1693.16,DEBIT,Interest-Payments
2026-12-09,Ola,1443.52,DEBIT,Transport
2026-12-09,Ram's General store,1807.32,DEBIT,Groceries
2026-12-09,CityFlo,1917.77,DEBIT,Transport
2026-12-09,Swiggy,818.69,DEBIT,Take-out
2026-12-09,Uber,1573.23,DEBIT,Transport
2026-12-09,Ola,1913.4,DEBIT,Transport
2026-12-09,Amazon Mrktplace,1073.61,DEBIT,Shopping
2026-12-09,Uber,557.8,DEBIT,Transport
2026-12-09,Fresh Fruits & Veg Co.,1994.87,DEBIT,Groceries
2026-12-10,Gas,820.03,DEBIT,Utilities
2026-12-10,Big Bazar Retail,1435.97,DEBIT,Groceries
2026-12-10,Zomato,1551.82,DEBIT,Take-out
2026-12-10,Ram's General store,1094.22,DEBIT,Groceries
2026-12-10,Wifi-bill,1711.06,DEBIT,Utilities
2026-12-10,CityFlo,1953.83,DEBIT,Transport
2026-12-10,Wifi-bill,267.52,DEBIT,Utilities
2026-12-10,Credit Card Bill,316.31,DEBIT,Interest-Payments
2026-12-10,Loan Bill,1085.09,DEBIT,Interest-Payments
2026-12-10,Zomato,406.8,DEBIT,Take-out
2026-12-10,Wifi-bill,944.23,DEBIT,Utilities
2026-12-10,Wifi-bill,525.5,DEBIT,Utilities
2026-12-10,Swiggy,1907.41,DEBIT,Take-out
2026-12-10,Wifi-bill,324.98,DEBIT,Utilities
2026-12-10,Amazon Mrktplace,434.72,DEBIT,Shopping
2026-12-10,Flipkart,675.1,DEBIT,Shopping
2026-12-10,Big Bazar Retail,1893.57,DEBIT,Groceries
2026-12-10,Amazon Mrktplace,1098.0,DEBIT,Shopping
2026-12-11,Amazon Mrktplace,1970.02,DEBIT,Shopping
2026-12-11,Loan Bill,437.75,DEBIT,Interest-Payments
2026-12-11,Zomato,1990.02,DEBIT,Take-out
2026-12-11,Flipkart,1327.06,DEBIT,Shopping
2026-12-11,Flipkart,1072.8,DEBIT,Shopping
2026-12-11,Flipkart,1280.82,DEBIT,Shopping
2026-12-11,Electricity,1772.21,DEBIT,Utilities
2026-12-11,Flipkart,1682.88,DEBIT,Shopping
2026-12-11,Gas,264.76,DEBIT,Utilities
2026-12-11,Amazon Mrktplace,392.35,DEBIT,Shopping
2026-12-11,Swiggy,856.09,DEBIT,Take-out
2026-12-11,Ola,1744.23,DEBIT,Transport
2026-12-11,Flipkart,1314.63,DEBIT,Shopping
2026-12-11,Electricity,1070.73,DEBIT,Utilities
2026-12-11,Credit Card Bill,791.09,DEBIT,Interest-Payments
2026-12-12,Gas,1784.63,DEBIT,Utilities
2026-12-12,Ram's General store,1248.23,DEBIT,Groceries
2026-12-12,Electricity,646.32,DEBIT,Utilities
2026-12-12,Zomato,1952.18,DEBIT,Take-out
2026-12-12,Amazon Mrktplace,487.79,DEBIT,Shopping
2026-12-12,Wifi-bill,1176.24,DEBIT,Utilities
2026-12-12,CityFlo,1603.12,DEBIT,Transport
2026-12-12,Ola,777.39,DEBIT,Transport
2026-12-12,CityFlo,1776.14,DEBIT,Transport
2026-12-12,Flipkart,311.8,DEBIT,Shopping
2026-12-12,Ola,752.99,DEBIT,Transport
2026-12-13,Swiggy,921.16,DEBIT,Take-out
2026-12-13,Amazon Mrktplace,273.1,DEBIT,Shopping
2026-12-13,Zomato,698.38,DEBIT,Take-out
2026-12-13,Wifi-bill,1990.56,DEBIT,Utilities
2026-12-13,Credit Card Bill,453.34,DEBIT,Interest-Payments
2026-12-13,Gas,1090.54,DEBIT,Utilities
2026-12-13,Loan Bill,1474.82,DEBIT,Interest-Payments
2026-12-13,Ola,656.22,DEBIT,Transport
2026-12-13,Ola,1664.86,DEBIT,Transport
2026-12-13,Ram's General store,1519.42,DEBIT,Groceries
2026-12-13,Gas,1044.21,DEBIT,Utilities
2026-12-14,Zomato,1009.03,DEBIT,Take-out
2026-12-14,Ram's General store,1098.86,DEBIT,Groceries
2026-12-14,Flipkart,1273.21,DEBIT,Shopping
2026-12-14,Ram's General store,1371.14,DEBIT,Groceries
2026-12-14,Loan Bill,862.98,DEBIT,Interest-Payments
2026-12-14,Big Bazar Retail,1124.3,DEBIT,Groceries
2026-12-14,Swiggy,862.3,DEBIT,Take-out
2026-12-14,Uber,1494.99,DEBIT,Transport
2026-12-14,Wifi-bill,1999.55,DEBIT,Utilities
2026-12-14,Gas,1038.79,DEBIT,Utilities
2026-12-15,Loan Bill,387.98,DEBIT,Interest-Payments
2026-12-15,Flipkart,933.73,DEBIT,Shopping
2026-12-15,Amazon Mrktplace,1314.58,DEBIT,Shopping
2026-12-15,Flipkart,1425.8,DEBIT,Shopping
2026-12-15,Ola,717.72,DEBIT,Transport
2026-12-15,Big Bazar Retail,1550.79,DEBIT,Groceries
2026-12-15,Zomato,273.42,DEBIT,Take-out
2026-12-15,Wifi-bill,321.2,DEBIT,Utilities
2026-12-15,Loan Bill,500.58,DEBIT,Interest-Payments
2026-12-15,Amazon Mrktplace,1325.0,DEBIT,Shopping
2026-12-15,Flipkart,1197.69,DEBIT,Shopping
2026-12-15,Ram's General store,1303.69,DEBIT,Groceries
2026-12-15,Zomato,479.24,DEBIT,Take-out
2026-12-16,Flipkart,1267.79,DEBIT,Shopping
2026-12-16,Zomato,982.8,DEBIT,Take-out
2026-12-16,Credit Card Bill,1240.68,DEBIT,Interest-Payments
2026-12-16,CityFlo,1753.32,DEBIT,Transport
2026-12-16,Credit Card Bill,930.85,DEBIT,Interest-Payments
2026-12-16,Ola,1880.85,DEBIT,Transport
2026-12-16,Amazon Mrktplace,1312.89,DEBIT,Shopping
2026-12-16,Amazon Mrktplace,1617.2,DEBIT,Shopping
2026-12-16,Gas,1885.21,DEBIT,Utilities
2026-12-16,Amazon Mrktplace,1957.35,DEBIT,Shopping
2026-12-16,Loan Bill,1323.59,DEBIT,Interest-Payments
2026-12-16,Wifi-bill,1024.73,DEBIT,Utilities
2026-12-16,Amazon Mrktplace,1212.45,DEBIT,Shopping
2026-12-16,Swiggy,1805.73,DEBIT,Take-out
2026-12-16,Amazon Mrktplace,698.06,DEBIT,Shopping
2026-12-16,Credit Card Bill,1407.98,DEBIT,Interest-Payments
2026-12-16,Flipkart,1130.69,DEBIT,Shopping
2026-12-17,Uber,562.46,DEBIT,Transport
2026-12-17,Flipkart,942.86,DEBIT,Shopping
2026-12-17,Credit Card Bill,1591.56,DEBIT,Interest-Payments
2026-12-17,Ram's General store,537.15,DEBIT,Groceries
2026-12-17,Loan Bill,422.54,DEBIT,Interest-Payments
2026-12-17,Wifi-bill,1604.86,DEBIT,Utilities
2026-12-17,Fresh Fruits & Veg Co.,1863.86,DEBIT,Groceries
2026-12-18,Ram's General store,1359.79,DEBIT,Groceries
2026-12-18,Electricity,1209.01,DEBIT,Utilities
2026-12-18,Flipkart,687.48,DEBIT,Shopping
2026-12-18,Flipkart,1809.94,DEBIT,Shopping
2026-12-18,Flipkart,400.25,DEBIT,Shopping
2026-12-18,Fresh Fruits & Veg Co.,399.55,DEBIT,Groceries
2026-12-18,Gas,1661.15,DEBIT,Utilities
2026-12-18,Zomato,509.75,DEBIT,Take-out
2026-12-18,Zomato,861.52,DEBIT,Take-out
2026-12-18,Big Bazar Retail,488.47,DEBIT,Groceries
2026-12-18,Gas,424.6,DEBIT,Utilities
2026-12-18,CityFlo,995.42,DEBIT,Transport
2026-12-19,Swiggy,1266.82,DEBIT,Take-out
2026-12-19,Wifi-bill,1381.42,DEBIT,Utilities
2026-12-19,Loan Bill,729.29,DEBIT,Interest-Payments
2026-12-19,Ola,1934.0,DEBIT,Transport
2026-12-19,Fresh Fruits & Veg Co.,1073.45,DEBIT,Groceries
2026-12-19,Zomato,1268.53,DEBIT,Take-out
2026-12-19,Uber,1350.97,DEBIT,Transport
2026-12-19,Loan Bill,1848.5,DEBIT,Interest-Payments
2026-12-19,Loan Bill,422.12,DEBIT,Interest-Payments
2026-12-19,Gas,1080.01,DEBIT,Utilities
2026-12-19,Flipkart,720.95,DEBIT,Shopping
2026-12-19,Credit Card Bill,1956.72,DEBIT,Interest-Payments
2026-12-20,Loan Bill,981.21,DEBIT,Interest-Payments
2026-12-20,Electricity,582.22,DEBIT,Utilities
2026-12-20,Fresh Fruits & Veg Co.,208.38,DEBIT,Groceries
2026-12-20,Loan Bill,1196.98,DEBIT,Interest-Payments
2026-12-20,CityFlo,1108.66,DEBIT,Transport
2026-12-20,Big Bazar Retail,1307.14,DEBIT,Groceries
2026-12-20,Amazon Mrktplace,306.91,DEBIT,Shopping
2026-12-20,Uber,515.4,DEBIT,Transport
2026-12-20,Ram's General store,1836.57,DEBIT,Groceries
2026-12-20,Loan Bill,1645.62,DEBIT,Interest-Payments
2026-12-20,Wifi-bill,1931.4,DEBIT,Utilities
2026-12-21,Zomato,1553.49,DEBIT,Take-out
2026-12-21,Swiggy,879.76,DEBIT,Take-out
2026-12-21,CityFlo,1252.41,DEBIT,Transport
2026-12-21,Credit Card Bill,538.72,DEBIT,Interest-Payments
2026-12-21,Ram's General store,838.64,DEBIT,Groceries
2026-12-21,Flipkart,1990.08,DEBIT,Shopping
2026-12-21,Amazon Mrktplace,798.63,DEBIT,Shopping
2026-12-21,Gas,963.76,DEBIT,Utilities
2026-12-21,Ram's General store,1192.99,DEBIT,Groceries
2026-12-21,CityFlo,1083.1,DEBIT,Transport
2026-12-22,Swiggy,1727.19,DEBIT,Take-out
2026-12-22,Credit Card Bill,1156.5,DEBIT,Interest-Payments
2026-12-22,Big Bazar Retail,542.18,DEBIT,Groceries
2026-12-22,Flipkart,1968.51,DEBIT,Shopping
2026-12-22,Uber,1608.44,DEBIT,Transport
2026-12-22,Ram's General store,1991.91,DEBIT,Groceries
2026-12-22,Loan Bill,1635.88,DEBIT,Interest-Payments
2026-12-22,CityFlo,775.68,DEBIT,Transport
2026-12-22,Credit Card Bill,610.34,DEBIT,Interest-Payments
2026-12-22,Big Bazar Retail,247.19,DEBIT,Groceries
2026-12-22,Loan Bill,957.37,DEBIT,Interest-Payments
2026-12-23,Ola,1996.09,DEBIT,Transport
2026-12-23,Credit Card Bill,1884.44,DEBIT,Interest-Payments
2026-12-23,Amazon Mrktplace,1497.6,DEBIT,Shopping
2026-12-23,Uber,1977.69,DEBIT,Transport
2026-12-23,Loan Bill,862.59,DEBIT,Interest-Payments
2026-12-23,Gas,631.11,DEBIT,Utilities
2026-12-23,Zomato,425.27,DEBIT,Take-out
2026-12-23,Loan Bill,1273.99,DEBIT,Interest-Payments
2026-12-23,Ram's General store,1340.19,DEBIT,Groceries
2026-12-23,Credit Card Bill,925.95,DEBIT,Interest-Payments
2026-12-23,Uber,1530.26,DEBIT,Transport
2026-12-23,Gas,749.33,DEBIT,Utilities
2026-12-24,Refund credited from Amazon,549.01,CREDIT,Refund
2026-12-24,Big Bazar Retail,552.85,DEBIT,Groceries
2026-12-24,Ola,1226.07,DEBIT,Transport
2026-12-24,Gas,260.82,DEBIT,Utilities
2026-12-24,Uber,1545.09,DEBIT,Transport
2026-12-24,Amazon Mrktplace,1819.8,DEBIT,Shopping
2026-12-24,Ola,753.74,DEBIT,Transport
2026-12-24,CityFlo,1308.91,DEBIT,Transport
2026-12-24,Fresh Fruits & Veg Co.,555.6,DEBIT,Groceries
2026-12-24,Swiggy,810.1,DEBIT,Take-out
2026-12-24,Ola,482.31,DEBIT,Transport
2026-12-24,Swiggy,1656.18,DEBIT,Take-out
2026-12-24,Fresh Fruits & Veg Co.,1210.02,DEBIT,Groceries
2026-12-24,Swiggy,1091.6,DEBIT,Take-out
2026-12-24,Big Bazar Retail,1088.5,DEBIT,Groceries
2026-12-24,Loan Bill,277.91,DEBIT,Interest-Payments
2026-12-24,Uber,1189.85,DEBIT,Transport
2026-12-24,Swiggy,406.39,DEBIT,Take-out
2026-12-24,Swiggy,1680.93,DEBIT,Take-out
2026-12-24,Electricity,1327.81,DEBIT,Utilities
2026-12-24,Swiggy,249.71,DEBIT,Take-out
2026-12-25,Flipkart,450.69,DEBIT,Shopping
2026-12-25,Zomato,1109.12,DEBIT,Take-out
2026-12-25,Amazon Mrktplace,1874.68,DEBIT,Shopping
2026-12-25,Uber,1321.88,DEBIT,Transport
2026-12-25,Credit Card Bill,1629.33,DEBIT,Interest-Payments
2026-12-25,Ram's General store,1152.14,DEBIT,Groceries
2026-12-25,Credit Card Bill,586.25,DEBIT,Interest-Payments
2026-12-25,Electricity,482.12,DEBIT,Utilities
2026-12-25,Credit Card Bill,254.93,DEBIT,Interest-Payments
2026-12-25,CityFlo,929.64,DEBIT,Transport
2026-12-25,Big Bazar Retail,1657.21,DEBIT,Groceries
2026-12-25,Wifi-bill,725.34,DEBIT,Utilities
2026-12-25,Ram's General store,1855.52,DEBIT,Groceries
2026-12-25,Credit Card Bill,799.58,DEBIT,Interest-Payments
2026-12-25,Zomato,1421.08,DEBIT,Take-out
2026-12-26,Big Bazar Retail,1592.74,DEBIT,Groceries
2026-12-26,Uber,247.99,DEBIT,Transport
2026-12-26,Zomato,1869.82,DEBIT,Take-out
2026-12-26,Electricity,1163.65,DEBIT,Utilities
2026-12-26,Loan Bill,1882.17,DEBIT,Interest-Payments
2026-12-26,Ola,1708.83,DEBIT,Transport
2026-12-26,Uber,1417.48,DEBIT,Transport
2026-12-26,Wifi-bill,696.9,DEBIT,Utilities
2026-12-26,Credit Card Bill,990.59,DEBIT,Interest-Payments
2026-12-26,Wifi-bill,986.9,DEBIT,Utilities
2026-12-26,Loan Bill,1035.16,DEBIT,Interest-Payments
2026-12-26,Loan Bill,1576.27,DEBIT,Interest-Payments
2026-12-27,Wifi-bill,387.61,DEBIT,Utilities
2026-12-27,Loan Bill,525.43,DEBIT,Interest-Payments
2026-12-27,Flipkart,334.49,DEBIT,Shopping
2026-12-27,CityFlo,1633.66,DEBIT,Transport
2026-12-27,Swiggy,478.32,DEBIT,Take-out
2026-12-27,Fresh Fruits & Veg Co.,1889.27,DEBIT,Groceries
2026-12-27,Uber,1693.69,DEBIT,Transport
2026-12-27,Amazon Mrktplace,1020.41,DEBIT,Shopping
2026-12-27,Swiggy,1377.8,DEBIT,Take-out
2026-12-27,Gas,404.4,DEBIT,Utilities
2026-12-27,Loan Bill,966.15,DEBIT,Interest-Payments
2026-12-27,Loan Bill,1114.28,DEBIT,Interest-Payments
2026-12-27,Flipkart,542.91,DEBIT,Shopping
2026-12-27,Uber,1125.76,DEBIT,Transport
2026-12-27,CityFlo,1351.6,DEBIT,Transport
2026-12-27,Zomato,697.87,DEBIT,Take-out
2026-12-28,Refund credited from Amazon,425.94,CREDIT,Refund
2026-12-28,Electricity,1122.2,DEBIT,Utilities
2026-12-28,Swiggy,982.57,DEBIT,Take-out
2026-12-28,Flipkart,1495.55,DEBIT,Shopping
2026-12-28,Flipkart,399.17,DEBIT,Shopping
2026-12-28,Flipkart,224.52,DEBIT,Shopping
2026-12-28,Loan Bill,1813.12,DEBIT,Interest-Payments
2026-12-28,Ola,1834.75,DEBIT,Transport
2026-12-28,Zomato,1135.0,DEBIT,Take-out
2026-12-28,Credit Card Bill,341.22,DEBIT,Interest-Payments
2026-12-28,CityFlo,1748.63,DEBIT,Transport
2026-12-28,CityFlo,1554.35,DEBIT,Transport
2026-12-28,Ram's General store,759.52,DEBIT,Groceries
2026-12-28,Gas,288.46,DEBIT,Utilities
2026-12-29,Ola,1513.2,DEBIT,Transport
2026-12-29,Amazon Mrktplace,370.42,DEBIT,Shopping
2026-12-29,Fresh Fruits & Veg Co.,1581.38,DEBIT,Groceries
2026-12-29,CityFlo,1730.51,DEBIT,Transport
2026-12-29,Gas,1680.86,DEBIT,Utilities
2026-12-29,Uber,1491.64,DEBIT,Transport
2026-12-29,Zomato,1281.13,DEBIT,Take-out
2026-12-29,Electricity,1102.04,DEBIT,Utilities
2026-12-29,Big Bazar Retail,1248.1,DEBIT,Groceries
2026-12-29,Ram's General store,1556.78,DEBIT,Groceries
2026-12-29,Electricity,1943.46,DEBIT,Utilities
2026-12-29,Amazon Mrktplace,787.44,DEBIT,Shopping
2026-12-29,Ola,1081.99,DEBIT,Transport
2026-12-29,CityFlo,877.05,DEBIT,Transport
2026-12-29,Zomato,1247.82,DEBIT,Take-out
2026-12-29,Fresh Fruits & Veg Co.,1870.01,DEBIT,Groceries
2026-12-29,Credit Card Bill,415.56,DEBIT,Interest-Payments
2026-12-30,Amazon Mrktplace,1976.12,DEBIT,Shopping
2026-12-30,Credit Card Bill,385.4,DEBIT,Interest-Payments
2026-12-30,Flipkart,1746.88,DEBIT,Shopping
2026-12-30,Amazon Mrktplace,220.7,DEBIT,Shopping
2026-12-30,CityFlo,661.02,DEBIT,Transport
2026-12-30,Ram's General store,738.33,DEBIT,Groceries
2026-12-30,Ola,1546.12,DEBIT,Transport
2026-12-30,Loan Bill,200.95,DEBIT,Interest-Payments
2026-12-30,Gas,1864.84,DEBIT,Utilities
2026-12-30,Fresh Fruits & Veg Co.,1480.98,DEBIT,Groceries
2026-12-30,Flipkart,520.88,DEBIT,Shopping
2026-12-30,Gas,479.96,DEBIT,Utilities
2026-12-30,Ram's General store,262.31,DEBIT,Groceries
2026-12-30,Swiggy,278.58,DEBIT,Take-out
2026-12-30,Ola,1516.94,DEBIT,Transport
2026-12-30,Big Bazar Retail,987.94,DEBIT,Groceries
2026-12-30,Fresh Fruits & Veg Co.,240.92,DEBIT,Groceries
2026-12-30,Zomato,1236.41,DEBIT,Take-out
2026-12-30,CityFlo,1539.29,DEBIT,Transport
2026-12-30,Electricity,582.16,DEBIT,Utilities
2026-12-30,Credit Card Bill,1019.41,DEBIT,Interest-Payments
2026-12-30,Credit Card Bill,580.49,DEBIT,Interest-Payments