Date,Description,Amount,Type,Category
2024-01-01,Netflix subscription,362.51,DEBIT,Entertainment
2024-01-01,DMart Andheri West,256.66,DEBIT,Groceries
2024-01-01,BigBasket order,368.86,DEBIT,Groceries
2024-01-01,BigBasket order,421.14,DEBIT,Groceries
2024-01-01,House rent transfer to landlord,24000.00,DEBIT,Rent
2024-01-01,Airtel Fibre broadband,815.14,DEBIT,Utilities
2024-01-02,Steam games purchase,340.91,DEBIT,Entertainment
2024-01-02,BigBasket order,591.19,DEBIT,Groceries
2024-01-02,Nature's Basket,423.65,DEBIT,Groceries
2024-01-02,Amazon.in order,745.81,DEBIT,Shopping
2024-01-02,Swiggy order,333.15,DEBIT,Take-out
2024-01-02,Starbucks Powai,369.05,DEBIT,Take-out
2024-01-02,Swiggy order,315.27,DEBIT,Take-out
2024-01-03,Nature's Basket,513.09,DEBIT,Groceries
2024-01-03,Amazon.in order,2626.62,DEBIT,Shopping
2024-01-03,Decathlon Powai,1402.85,DEBIT,Shopping
2024-01-03,Flipkart order,387.28,DEBIT,Shopping
2024-01-03,Decathlon Powai,2031.73,DEBIT,Shopping
2024-01-03,CityFlo monthly pass,113.59,DEBIT,Transport
2024-01-03,Mahanagar Gas bill,197.59,DEBIT,Utilities
2024-01-03,Airtel Fibre broadband,879.52,DEBIT,Utilities
2024-01-04,DMart Andheri West,1079.30,DEBIT,Groceries
2024-01-04,Nature's Basket,508.00,DEBIT,Groceries
2024-01-04,Indian Oil fuel,107.64,DEBIT,Transport
2024-01-04,Mahanagar Gas bill,282.61,DEBIT,Utilities
2024-01-04,Mahanagar Gas bill,492.15,DEBIT,Utilities
2024-01-05,Spotify Premium,592.60,DEBIT,Entertainment
2024-01-05,DMart Andheri West,549.99,DEBIT,Groceries
2024-01-05,HDFC Home Loan EMI,12500.00,DEBIT,Loan-Payments
2024-01-05,Flipkart order,758.88,DEBIT,Shopping
2024-01-05,Croma Electronics,537.74,DEBIT,Shopping
2024-01-05,Uber ride,392.67,DEBIT,Transport
2024-01-05,CityFlo monthly pass,373.35,DEBIT,Transport
2024-01-05,Mumbai Metro recharge,108.13,DEBIT,Transport
2024-01-06,Steam games purchase,706.85,DEBIT,Entertainment
2024-01-06,BigBasket order,452.42,DEBIT,Groceries
2024-01-06,BigBasket order,635.17,DEBIT,Groceries
2024-01-06,DMart Andheri West,1086.68,DEBIT,Groceries
2024-01-06,Myntra order,785.64,DEBIT,Shopping
2024-01-06,Decathlon Powai,2549.54,DEBIT,Shopping
2024-01-06,Amazon.in order,2521.46,DEBIT,Shopping
2024-01-06,Airtel Fibre broadband,662.46,DEBIT,Utilities
2024-01-07,Netflix subscription,531.82,DEBIT,Entertainment
2024-01-07,DMart Andheri West,457.81,DEBIT,Groceries
2024-01-07,BigBasket order,413.80,DEBIT,Groceries
2024-01-07,Credit Card bill payment,6800.00,DEBIT,Loan-Payments
2024-01-07,Cafe Coffee Day,266.33,DEBIT,Take-out
2024-01-07,Behrouz Biryani,323.24,DEBIT,Take-out
2024-01-07,Uber ride,168.15,DEBIT,Transport
2024-01-07,Water tax payment,345.75,DEBIT,Utilities
2024-01-08,More Supermarket,429.88,DEBIT,Groceries
2024-01-08,Reliance Fresh,402.63,DEBIT,Groceries
2024-01-08,Nature's Basket,495.91,DEBIT,Groceries
2024-01-08,Starbucks Powai,416.44,DEBIT,Take-out
2024-01-08,MSEB electricity bill,459.10,DEBIT,Utilities
2024-01-09,Spotify Premium,674.83,DEBIT,Entertainment
2024-01-09,PVR Cinemas,600.97,DEBIT,Entertainment
2024-01-09,Nature's Basket,343.78,DEBIT,Groceries
2024-01-09,Decathlon Powai,1779.54,DEBIT,Shopping
2024-01-09,CityFlo monthly pass,401.46,DEBIT,Transport
2024-01-10,Spotify Premium,349.08,DEBIT,Entertainment
2024-01-10,More Supermarket,449.83,DEBIT,Groceries
2024-01-10,Nature's Basket,497.88,DEBIT,Groceries
2024-01-10,Nature's Basket,376.34,DEBIT,Groceries
2024-01-10,Indian Oil fuel,135.17,DEBIT,Transport
2024-01-10,MSEB electricity bill,766.76,DEBIT,Utilities
2024-01-10,MSEB electricity bill,411.84,DEBIT,Utilities
2024-01-11,Nature's Basket,422.80,DEBIT,Groceries
2024-01-11,Myntra order,460.55,DEBIT,Shopping
2024-01-11,Swiggy order,499.66,DEBIT,Take-out
2024-01-11,Behrouz Biryani,508.28,DEBIT,Take-out
2024-01-11,Cafe Coffee Day,240.54,DEBIT,Take-out
2024-01-11,Ola Cabs,263.63,DEBIT,Transport
2024-01-11,Ola Cabs,201.59,DEBIT,Transport
2024-01-11,Indian Oil fuel,312.22,DEBIT,Transport
2024-01-11,Jio postpaid bill,1021.05,DEBIT,Utilities
2024-01-12,DMart Andheri West,93.54,DEBIT,Groceries
2024-01-12,Reliance Fresh,297.66,DEBIT,Groceries
2024-01-12,BigBasket order,849.44,DEBIT,Groceries
2024-01-12,Amazon.in order,1312.25,DEBIT,Shopping
2024-01-12,Decathlon Powai,474.37,DEBIT,Shopping
2024-01-12,Cafe Coffee Day,269.21,DEBIT,Take-out
2024-01-12,Cafe Coffee Day,394.11,DEBIT,Take-out
2024-01-12,CityFlo monthly pass,322.36,DEBIT,Transport
2024-01-12,Airtel Fibre broadband,260.91,DEBIT,Utilities
2024-01-13,Spotify Premium,252.68,DEBIT,Entertainment
2024-01-13,BigBasket order,991.31,DEBIT,Groceries
2024-01-13,Behrouz Biryani,460.51,DEBIT,Take-out
2024-01-13,Starbucks Powai,208.91,DEBIT,Take-out
2024-01-13,Swiggy order,297.13,DEBIT,Take-out
2024-01-13,Mumbai Metro recharge,231.86,DEBIT,Transport
2024-01-13,HP Petrol Pump,312.41,DEBIT,Transport
2024-01-13,Mumbai Metro recharge,289.92,DEBIT,Transport
2024-01-13,Uber ride,253.87,DEBIT,Transport
2024-01-14,Netflix subscription,236.37,DEBIT,Entertainment
2024-01-14,Reliance Fresh,265.91,DEBIT,Groceries
2024-01-14,BigBasket order,867.49,DEBIT,Groceries
2024-01-14,More Supermarket,251.87,DEBIT,Groceries
2024-01-14,Fresh Fruits & Veg Co.,901.40,DEBIT,Groceries
2024-01-14,Reliance Fresh,799.11,DEBIT,Groceries
2024-01-14,Decathlon Powai,511.79,DEBIT,Shopping
2024-01-14,Cafe Coffee Day,194.70,DEBIT,Take-out
2024-01-14,Mahanagar Gas bill,483.10,DEBIT,Utilities
2024-01-15,Myntra order,660.40,DEBIT,Shopping
2024-01-15,Decathlon Powai,2125.63,DEBIT,Shopping
2024-01-15,Behrouz Biryani,128.48,DEBIT,Take-out
2024-01-15,Behrouz Biryani,85.76,DEBIT,Take-out
2024-01-15,Mumbai Metro recharge,310.16,DEBIT,Transport
2024-01-15,Mahanagar Gas bill,617.84,DEBIT,Utilities
2024-01-16,More Supermarket,262.10,DEBIT,Groceries
2024-01-16,Fresh Fruits & Veg Co.,716.94,DEBIT,Groceries
2024-01-16,Ola Cabs,225.02,DEBIT,Transport
2024-01-16,Ola Cabs,268.28,DEBIT,Transport
2024-01-16,MSEB electricity bill,593.50,DEBIT,Utilities
2024-01-17,Nature's Basket,341.37,DEBIT,Groceries
2024-01-17,Reliance Fresh,717.21,DEBIT,Groceries
2024-01-17,BigBasket order,363.68,DEBIT,Groceries
2024-01-17,Dominos Pizza,213.47,DEBIT,Take-out
2024-01-17,Swiggy order,266.99,DEBIT,Take-out
2024-01-17,Indian Oil fuel,210.02,DEBIT,Transport
2024-01-17,Mumbai Metro recharge,313.54,DEBIT,Transport
2024-01-18,Steam games purchase,302.08,DEBIT,Entertainment
2024-01-18,Spotify Premium,543.91,DEBIT,Entertainment
2024-01-18,Fresh Fruits & Veg Co.,591.57,DEBIT,Groceries
2024-01-18,Croma Electronics,2290.69,DEBIT,Shopping
2024-01-18,Swiggy order,171.81,DEBIT,Take-out
2024-01-18,HP Petrol Pump,230.55,DEBIT,Transport
2024-01-18,Airtel Fibre broadband,658.23,DEBIT,Utilities
2024-01-19,More Supermarket,1060.89,DEBIT,Groceries
2024-01-19,Amazon.in order,688.86,DEBIT,Shopping
2024-01-19,Myntra order,1435.46,DEBIT,Shopping
2024-01-19,IKEA Navi Mumbai,1406.09,DEBIT,Shopping
2024-01-19,Swiggy order,219.75,DEBIT,Take-out
2024-01-19,Uber ride,399.93,DEBIT,Transport
2024-01-20,BigBasket order,537.64,DEBIT,Groceries
2024-01-20,IKEA Navi Mumbai,640.70,DEBIT,Shopping
2024-01-20,Dominos Pizza,147.53,DEBIT,Take-out
2024-01-20,Indian Oil fuel,136.41,DEBIT,Transport
2024-01-20,HP Petrol Pump,116.95,DEBIT,Transport
2024-01-20,Mahanagar Gas bill,442.46,DEBIT,Utilities
2024-01-21,Spotify Premium,627.81,DEBIT,Entertainment
2024-01-21,BookMyShow tickets,508.55,DEBIT,Entertainment
2024-01-21,More Supermarket,336.66,DEBIT,Groceries
2024-01-21,More Supermarket,793.57,DEBIT,Groceries
2024-01-21,BigBasket order,650.94,DEBIT,Groceries
2024-01-21,Decathlon Powai,1467.02,DEBIT,Shopping
2024-01-21,Zomato order,201.74,DEBIT,Take-out
2024-01-21,Uber ride,345.16,DEBIT,Transport
2024-01-21,Mumbai Metro recharge,245.02,DEBIT,Transport
2024-01-22,BigBasket order,846.52,DEBIT,Groceries
2024-01-22,Nature's Basket,470.27,DEBIT,Groceries
2024-01-22,Flipkart order,2363.41,DEBIT,Shopping
2024-01-22,Swiggy order,261.75,DEBIT,Take-out
2024-01-22,Cafe Coffee Day,258.43,DEBIT,Take-out
2024-01-22,Swiggy order,467.69,DEBIT,Take-out
2024-01-22,HP Petrol Pump,163.68,DEBIT,Transport
2024-01-23,Steam games purchase,306.53,DEBIT,Entertainment
2024-01-23,Steam games purchase,217.50,DEBIT,Entertainment
2024-01-23,DMart Andheri West,286.35,DEBIT,Groceries
2024-01-23,DMart Andheri West,420.68,DEBIT,Groceries
2024-01-23,More Supermarket,768.60,DEBIT,Groceries
2024-01-23,Reliance Fresh,320.46,DEBIT,Groceries
2024-01-23,Starbucks Powai,297.50,DEBIT,Take-out
2024-01-23,Cafe Coffee Day,286.53,DEBIT,Take-out
2024-01-23,Ola Cabs,301.14,DEBIT,Transport
2024-01-24,Nature's Basket,491.97,DEBIT,Groceries
2024-01-24,DMart Andheri West,442.57,DEBIT,Groceries
2024-01-24,Cafe Coffee Day,102.69,DEBIT,Take-out
2024-01-24,Swiggy order,196.45,DEBIT,Take-out
2024-01-24,CityFlo monthly pass,272.51,DEBIT,Transport
2024-01-24,MSEB electricity bill,297.65,DEBIT,Utilities
2024-01-25,Amazon.in order,1410.95,DEBIT,Shopping
2024-01-25,IKEA Navi Mumbai,1650.24,DEBIT,Shopping
2024-01-25,Swiggy order,409.33,DEBIT,Take-out
2024-01-25,Dominos Pizza,418.70,DEBIT,Take-out
2024-01-25,MSEB electricity bill,280.16,DEBIT,Utilities
2024-01-25,Airtel Fibre broadband,610.23,DEBIT,Utilities
2024-01-26,PVR Cinemas,327.29,DEBIT,Entertainment
2024-01-26,PVR Cinemas,213.19,DEBIT,Entertainment
2024-01-26,Croma Electronics,1669.25,DEBIT,Shopping
2024-01-26,Starbucks Powai,290.77,DEBIT,Take-out
2024-01-26,Cafe Coffee Day,591.27,DEBIT,Take-out
2024-01-26,Airtel Fibre broadband,702.45,DEBIT,Utilities
2024-01-26,Mahanagar Gas bill,482.16,DEBIT,Utilities
2024-01-27,Nature's Basket,149.65,DEBIT,Groceries
2024-01-27,Reliance Fresh,265.49,DEBIT,Groceries
2024-01-27,Nature's Basket,205.59,DEBIT,Groceries
2024-01-27,Croma Electronics,1296.59,DEBIT,Shopping
2024-01-27,Swiggy order,366.20,DEBIT,Take-out
2024-01-27,Dominos Pizza,220.64,DEBIT,Take-out
2024-01-28,PVR Cinemas,376.67,DEBIT,Entertainment
2024-01-28,Nature's Basket,312.29,DEBIT,Groceries
2024-01-28,Fresh Fruits & Veg Co.,878.68,DEBIT,Groceries
2024-01-28,Decathlon Powai,425.32,DEBIT,Shopping
2024-01-28,Croma Electronics,1550.12,DEBIT,Shopping
2024-01-28,CityFlo monthly pass,309.10,DEBIT,Transport
2024-01-28,Mumbai Metro recharge,422.17,DEBIT,Transport
2024-01-28,Jio postpaid bill,484.13,DEBIT,Utilities
2024-01-28,Mahanagar Gas bill,804.41,DEBIT,Utilities
2024-01-29,Dominos Pizza,457.64,DEBIT,Take-out
2024-01-29,Cafe Coffee Day,497.43,DEBIT,Take-out
2024-01-29,Behrouz Biryani,183.19,DEBIT,Take-out
2024-01-29,Cafe Coffee Day,169.13,DEBIT,Take-out
2024-01-29,Mumbai Metro recharge,135.77,DEBIT,Transport
2024-01-29,MSEB electricity bill,601.09,DEBIT,Utilities
2024-01-29,Airtel Fibre broadband,489.55,DEBIT,Utilities
2024-01-29,MSEB electricity bill,241.43,DEBIT,Utilities
2024-01-30,BigBasket order,444.14,DEBIT,Groceries
2024-01-30,More Supermarket,620.22,DEBIT,Groceries
2024-01-30,Nature's Basket,592.98,DEBIT,Groceries
2024-01-30,Amazon.in order,937.10,DEBIT,Shopping
2024-01-30,Zomato order,76.12,DEBIT,Take-out
2024-01-30,Behrouz Biryani,251.56,DEBIT,Take-out
2024-01-31,Reliance Fresh,785.21,DEBIT,Groceries
2024-01-31,Salary credited from Cyphersol Technologies,172000.00,CREDIT,Salary
2024-01-31,Myntra order,597.96,DEBIT,Shopping
2024-01-31,Cafe Coffee Day,149.77,DEBIT,Take-out
2024-01-31,Cafe Coffee Day,422.10,DEBIT,Take-out
2024-01-31,Cafe Coffee Day,348.52,DEBIT,Take-out
2024-01-31,Mumbai Metro recharge,372.49,DEBIT,Transport
2024-01-31,MSEB electricity bill,754.11,DEBIT,Utilities
2024-02-01,DMart Andheri West,617.68,DEBIT,Groceries
2024-02-01,House rent transfer to landlord,24000.00,DEBIT,Rent
2024-02-01,Swiggy order,140.92,DEBIT,Take-out
2024-02-01,Mumbai Metro recharge,258.43,DEBIT,Transport
2024-02-01,Ola Cabs,384.82,DEBIT,Transport
2024-02-01,Indian Oil fuel,226.70,DEBIT,Transport
2024-02-02,More Supermarket,238.47,DEBIT,Groceries
2024-02-02,Nature's Basket,544.82,DEBIT,Groceries
2024-02-02,Reliance Fresh,777.68,DEBIT,Groceries
2024-02-02,Cafe Coffee Day,195.17,DEBIT,Take-out
2024-02-02,Cafe Coffee Day,464.77,DEBIT,Take-out
2024-02-03,Netflix subscription,288.82,DEBIT,Entertainment
2024-02-03,Nature's Basket,375.20,DEBIT,Groceries
2024-02-03,Reliance Fresh,489.45,DEBIT,Groceries
2024-02-03,Decathlon Powai,668.29,DEBIT,Shopping
2024-02-03,Behrouz Biryani,206.79,DEBIT,Take-out
2024-02-03,Mumbai Metro recharge,158.51,DEBIT,Transport
2024-02-03,Mumbai Metro recharge,175.33,DEBIT,Transport
2024-02-03,CityFlo monthly pass,241.75,DEBIT,Transport
2024-02-03,Jio postpaid bill,619.32,DEBIT,Utilities
2024-02-04,Reliance Fresh,421.17,DEBIT,Groceries
2024-02-04,DMart Andheri West,313.20,DEBIT,Groceries
2024-02-04,Behrouz Biryani,454.19,DEBIT,Take-out
2024-02-04,Behrouz Biryani,288.33,DEBIT,Take-out
2024-02-04,MSEB electricity bill,629.09,DEBIT,Utilities
2024-02-05,BigBasket order,359.77,DEBIT,Groceries
2024-02-05,More Supermarket,410.79,DEBIT,Groceries
2024-02-05,DMart Andheri West,855.08,DEBIT,Groceries
2024-02-05,Reliance Fresh,995.70,DEBIT,Groceries
2024-02-05,HDFC Home Loan EMI,12500.00,DEBIT,Loan-Payments
2024-02-05,HP Petrol Pump,311.28,DEBIT,Transport
2024-02-05,Mahanagar Gas bill,664.05,DEBIT,Utilities
2024-02-06,BigBasket order,749.51,DEBIT,Groceries
2024-02-06,Flipkart order,1443.32,DEBIT,Shopping
2024-02-06,Dominos Pizza,335.53,DEBIT,Take-out
2024-02-06,HP Petrol Pump,345.58,DEBIT,Transport
2024-02-06,CityFlo monthly pass,181.02,DEBIT,Transport
2024-02-06,HP Petrol Pump,315.83,DEBIT,Transport
2024-02-06,Uber ride,293.19,DEBIT,Transport
2024-02-06,Airtel Fibre broadband,702.01,DEBIT,Utilities
2024-02-06,Jio postpaid bill,448.46,DEBIT,Utilities
2024-02-07,BigBasket order,1040.90,DEBIT,Groceries
2024-02-07,Reliance Fresh,626.15,DEBIT,Groceries
2024-02-07,Credit Card bill payment,6800.00,DEBIT,Loan-Payments
2024-02-07,Behrouz Biryani,382.54,DEBIT,Take-out
2024-02-07,Behrouz Biryani,200.60,DEBIT,Take-out
2024-02-07,Mumbai Metro recharge,369.69,DEBIT,Transport
2024-02-07,Jio postpaid bill,911.29,DEBIT,Utilities
2024-02-07,Mahanagar Gas bill,363.24,DEBIT,Utilities
2024-02-07,Jio postpaid bill,545.90,DEBIT,Utilities
2024-02-08,BookMyShow tickets,486.22,DEBIT,Entertainment
2024-02-08,More Supermarket,383.60,DEBIT,Groceries
2024-02-08,Flipkart order,2341.05,DEBIT,Shopping
2024-02-08,Mahanagar Gas bill,694.29,DEBIT,Utilities
2024-02-08,Mahanagar Gas bill,539.49,DEBIT,Utilities
2024-02-09,DMart Andheri West,452.50,DEBIT,Groceries
2024-02-09,DMart Andheri West,886.73,DEBIT,Groceries
2024-02-09,DMart Andheri West,665.95,DEBIT,Groceries
2024-02-09,DMart Andheri West,431.51,DEBIT,Groceries
2024-02-09,Fresh Fruits & Veg Co.,903.82,DEBIT,Groceries
2024-02-09,Starbucks Powai,299.73,DEBIT,Take-out
2024-02-09,Mahanagar Gas bill,210.63,DEBIT,Utilities
2024-02-10,BigBasket order,795.81,DEBIT,Groceries
2024-02-10,DMart Andheri West,355.04,DEBIT,Groceries
2024-02-10,More Supermarket,362.93,DEBIT,Groceries
2024-02-10,Flipkart order,1261.07,DEBIT,Shopping
2024-02-10,Dominos Pizza,448.79,DEBIT,Take-out
2024-02-10,Swiggy order,256.41,DEBIT,Take-out
2024-02-10,Indian Oil fuel,184.72,DEBIT,Transport
2024-02-10,Ola Cabs,203.00,DEBIT,Transport
2024-02-11,Spotify Premium,198.75,DEBIT,Entertainment
2024-02-11,Reliance Fresh,303.36,DEBIT,Groceries
2024-02-11,BigBasket order,252.22,DEBIT,Groceries
2024-02-11,DMart Andheri West,960.32,DEBIT,Groceries
2024-02-11,Reliance Fresh,531.29,DEBIT,Groceries
2024-02-11,Starbucks Powai,612.10,DEBIT,Take-out
2024-02-11,Ola Cabs,153.21,DEBIT,Transport
2024-02-11,Jio postpaid bill,341.36,DEBIT,Utilities
2024-02-11,Mahanagar Gas bill,545.21,DEBIT,Utilities
2024-02-12,Reliance Fresh,421.73,DEBIT,Groceries
2024-02-12,Nature's Basket,518.28,DEBIT,Groceries
2024-02-12,Cafe Coffee Day,415.47,DEBIT,Take-out
2024-02-12,Behrouz Biryani,490.08,DEBIT,Take-out
2024-02-12,Dominos Pizza,158.77,DEBIT,Take-out
2024-02-12,Water tax payment,688.89,DEBIT,Utilities
2024-02-13,Netflix subscription,146.92,DEBIT,Entertainment
2024-02-13,More Supermarket,471.99,DEBIT,Groceries
2024-02-13,More Supermarket,387.69,DEBIT,Groceries
2024-02-13,Myntra order,713.51,DEBIT,Shopping
2024-02-13,Cafe Coffee Day,528.19,DEBIT,Take-out
2024-02-13,Airtel Fibre broadband,560.80,DEBIT,Utilities
2024-02-14,Fresh Fruits & Veg Co.,192.80,DEBIT,Groceries
2024-02-14,Fresh Fruits & Veg Co.,561.81,DEBIT,Groceries
2024-02-14,More Supermarket,387.53,DEBIT,Groceries
2024-02-14,IKEA Navi Mumbai,778.45,DEBIT,Shopping
2024-02-14,Swiggy order,259.21,DEBIT,Take-out
2024-02-14,Starbucks Powai,309.96,DEBIT,Take-out
2024-02-14,Uber ride,102.17,DEBIT,Transport
2024-02-14,Airtel Fibre broadband,714.65,DEBIT,Utilities
2024-02-15,Nature's Basket,575.15,DEBIT,Groceries
2024-02-15,Decathlon Powai,1008.51,DEBIT,Shopping
2024-02-15,Dominos Pizza,190.48,DEBIT,Take-out
2024-02-15,Uber ride,219.40,DEBIT,Transport
2024-02-15,Ola Cabs,263.58,DEBIT,Transport
2024-02-15,Airtel Fibre broadband,503.51,DEBIT,Utilities
2024-02-15,MSEB electricity bill,656.02,DEBIT,Utilities
2024-02-15,Airtel Fibre broadband,466.23,DEBIT,Utilities
2024-02-15,MSEB electricity bill,223.61,DEBIT,Utilities
2024-02-16,More Supermarket,948.89,DEBIT,Groceries
2024-02-16,Fresh Fruits & Veg Co.,155.42,DEBIT,Groceries
2024-02-16,DMart Andheri West,789.20,DEBIT,Groceries
2024-02-16,BigBasket order,380.54,DEBIT,Groceries
2024-02-16,Amazon.in order,1252.42,DEBIT,Shopping
2024-02-16,Dominos Pizza,200.82,DEBIT,Take-out
2024-02-16,Water tax payment,358.61,DEBIT,Utilities
2024-02-17,Reliance Fresh,456.31,DEBIT,Groceries
2024-02-17,Swiggy order,235.67,DEBIT,Take-out
2024-02-17,Starbucks Powai,211.80,DEBIT,Take-out
2024-02-17,Cafe Coffee Day,449.61,DEBIT,Take-out
2024-02-17,Indian Oil fuel,283.95,DEBIT,Transport
2024-02-18,Steam games purchase,358.46,DEBIT,Entertainment
2024-02-18,Decathlon Powai,1261.24,DEBIT,Shopping
2024-02-18,Flipkart order,1359.05,DEBIT,Shopping
2024-02-18,Behrouz Biryani,404.84,DEBIT,Take-out
2024-02-18,Swiggy order,435.78,DEBIT,Take-out
2024-02-18,Mumbai Metro recharge,140.41,DEBIT,Transport
2024-02-18,CityFlo monthly pass,440.28,DEBIT,Transport
2024-02-18,MSEB electricity bill,343.73,DEBIT,Utilities
2024-02-18,Airtel Fibre broadband,278.31,DEBIT,Utilities
2024-02-19,IKEA Navi Mumbai,952.81,DEBIT,Shopping
2024-02-19,Cafe Coffee Day,421.25,DEBIT,Take-out
2024-02-19,Swiggy order,399.74,DEBIT,Take-out
2024-02-19,CityFlo monthly pass,185.28,DEBIT,Transport
2024-02-19,CityFlo monthly pass,110.19,DEBIT,Transport
2024-02-20,BigBasket order,780.94,DEBIT,Groceries
2024-02-20,Croma Electronics,908.22,DEBIT,Shopping
2024-02-20,IKEA Navi Mumbai,381.64,DEBIT,Shopping
2024-02-20,Zomato order,220.21,DEBIT,Take-out
2024-02-20,Mumbai Metro recharge,191.26,DEBIT,Transport
2024-02-20,Indian Oil fuel,323.64,DEBIT,Transport
2024-02-20,Mahanagar Gas bill,334.53,DEBIT,Utilities
2024-02-21,DMart Andheri West,852.48,DEBIT,Groceries
2024-02-21,Flipkart order,372.19,DEBIT,Shopping
2024-02-21,Cafe Coffee Day,208.48,DEBIT,Take-out
2024-02-21,Mumbai Metro recharge,145.88,DEBIT,Transport
2024-02-21,Jio postpaid bill,412.75,DEBIT,Utilities
2024-02-22,Flipkart order,1513.68,DEBIT,Shopping
2024-02-22,Behrouz Biryani,558.52,DEBIT,Take-out
2024-02-22,Behrouz Biryani,351.22,DEBIT,Take-out
2024-02-22,Zomato order,437.05,DEBIT,Take-out
2024-02-22,Indian Oil fuel,402.49,DEBIT,Transport
2024-02-23,Reliance Fresh,785.03,DEBIT,Groceries
2024-02-23,BigBasket order,421.11,DEBIT,Groceries
2024-02-23,Reliance Fresh,302.99,DEBIT,Groceries
2024-02-23,More Supermarket,320.02,DEBIT,Groceries
2024-02-23,Nature's Basket,439.41,DEBIT,Groceries
2024-02-23,Behrouz Biryani,183.84,DEBIT,Take-out
2024-02-23,Water tax payment,557.07,DEBIT,Utilities
2024-02-23,Mahanagar Gas bill,315.96,DEBIT,Utilities
2024-02-24,DMart Andheri West,900.92,DEBIT,Groceries
2024-02-24,Fresh Fruits & Veg Co.,455.83,DEBIT,Groceries
2024-02-24,Myntra order,1356.90,DEBIT,Shopping
2024-02-24,Myntra order,986.58,DEBIT,Shopping
2024-02-24,Cafe Coffee Day,270.91,DEBIT,Take-out
2024-02-24,Airtel Fibre broadband,569.09,DEBIT,Utilities
2024-02-24,Mahanagar Gas bill,228.72,DEBIT,Utilities
2024-02-24,Water tax payment,291.72,DEBIT,Utilities
2024-02-25,PVR Cinemas,274.87,DEBIT,Entertainment
2024-02-25,More Supermarket,664.48,DEBIT,Groceries
2024-02-25,Reliance Fresh,267.40,DEBIT,Groceries
2024-02-25,BigBasket order,520.51,DEBIT,Groceries
2024-02-25,Ola Cabs,395.65,DEBIT,Transport
2024-02-25,Jio postpaid bill,423.37,DEBIT,Utilities
2024-02-25,Mahanagar Gas bill,578.15,DEBIT,Utilities
2024-02-25,Airtel Fibre broadband,300.19,DEBIT,Utilities
2024-02-26,PVR Cinemas,108.45,DEBIT,Entertainment
2024-02-26,Netflix subscription,439.30,DEBIT,Entertainment
2024-02-26,More Supermarket,572.79,DEBIT,Groceries
2024-02-26,Behrouz Biryani,123.92,DEBIT,Take-out
2024-02-26,Starbucks Powai,489.24,DEBIT,Take-out
2024-02-26,Swiggy order,480.67,DEBIT,Take-out
2024-02-27,Fresh Fruits & Veg Co.,686.86,DEBIT,Groceries
2024-02-27,Amazon.in order,741.44,DEBIT,Shopping
2024-02-27,Croma Electronics,1082.83,DEBIT,Shopping
2024-02-27,Amazon.in order,874.07,DEBIT,Shopping
2024-02-27,Dominos Pizza,221.75,DEBIT,Take-out
2024-02-27,Dominos Pizza,207.35,DEBIT,Take-out
2024-02-27,Mumbai Metro recharge,421.87,DEBIT,Transport
2024-02-27,Uber ride,335.52,DEBIT,Transport
2024-02-28,Steam games purchase,575.15,DEBIT,Entertainment
2024-02-28,More Supermarket,469.38,DEBIT,Groceries
2024-02-28,Fresh Fruits & Veg Co.,727.16,DEBIT,Groceries
2024-02-28,Flipkart order,1795.62,DEBIT,Shopping
2024-02-28,Starbucks Powai,323.64,DEBIT,Take-out
2024-02-28,Indian Oil fuel,173.85,DEBIT,Transport
2024-02-29,Spotify Premium,176.86,DEBIT,Entertainment
2024-02-29,Reliance Fresh,693.23,DEBIT,Groceries
2024-02-29,BigBasket order,890.80,DEBIT,Groceries
2024-02-29,BigBasket order,759.36,DEBIT,Groceries
2024-02-29,Reliance Fresh,623.94,DEBIT,Groceries
2024-02-29,BigBasket order,409.99,DEBIT,Groceries
2024-02-29,Salary credited from Cyphersol Technologies,172000.00,CREDIT,Salary
2024-02-29,IKEA Navi Mumbai,1337.11,DEBIT,Shopping
2024-02-29,Swiggy order,140.38,DEBIT,Take-out
2024-03-01,Netflix subscription,212.04,DEBIT,Entertainment
2024-03-01,House rent transfer to landlord,24000.00,DEBIT,Rent
2024-03-01,IKEA Navi Mumbai,1858.71,DEBIT,Shopping
2024-03-01,Behrouz Biryani,146.23,DEBIT,Take-out
2024-03-01,Uber ride,216.87,DEBIT,Transport
2024-03-01,HP Petrol Pump,234.42,DEBIT,Transport
2024-03-01,Ola Cabs,229.07,DEBIT,Transport
2024-03-01,CityFlo monthly pass,111.90,DEBIT,Transport
2024-03-01,Mahanagar Gas bill,897.39,DEBIT,Utilities
2024-03-02,Steam games purchase,497.12,DEBIT,Entertainment
2024-03-02,Spotify Premium,328.74,DEBIT,Entertainment
2024-03-02,Reliance Fresh,374.42,DEBIT,Groceries
2024-03-02,DMart Andheri West,532.92,DEBIT,Groceries
2024-03-02,BigBasket order,656.07,DEBIT,Groceries
2024-03-02,Decathlon Powai,1861.79,DEBIT,Shopping
2024-03-02,Uber ride,269.14,DEBIT,Transport
2024-03-02,HP Petrol Pump,190.67,DEBIT,Transport
2024-03-03,Steam games purchase,350.17,DEBIT,Entertainment
2024-03-03,Reliance Fresh,595.53,DEBIT,Groceries
2024-03-03,Zomato order,513.74,DEBIT,Take-out
2024-03-03,Zomato order,160.70,DEBIT,Take-out
2024-03-03,Indian Oil fuel,173.04,DEBIT,Transport
2024-03-03,CityFlo monthly pass,254.59,DEBIT,Transport
2024-03-03,Airtel Fibre broadband,691.07,DEBIT,Utilities
2024-03-04,Amazon.in order,1033.90,DEBIT,Shopping
2024-03-04,Decathlon Powai,1335.36,DEBIT,Shopping
2024-03-04,IKEA Navi Mumbai,1897.66,DEBIT,Shopping
2024-03-04,CityFlo monthly pass,447.24,DEBIT,Transport
2024-03-04,Airtel Fibre broadband,627.43,DEBIT,Utilities
2024-03-04,Mahanagar Gas bill,670.94,DEBIT,Utilities
2024-03-05,Netflix subscription,694.97,DEBIT,Entertainment
2024-03-05,Nature's Basket,837.14,DEBIT,Groceries
2024-03-05,More Supermarket,890.98,DEBIT,Groceries
2024-03-05,HDFC Home Loan EMI,12500.00,DEBIT,Loan-Payments
2024-03-05,Starbucks Powai,232.83,DEBIT,Take-out
2024-03-05,Dominos Pizza,397.03,DEBIT,Take-out
2024-03-05,MSEB electricity bill,309.13,DEBIT,Utilities
2024-03-06,Fresh Fruits & Veg Co.,630.78,DEBIT,Groceries
2024-03-06,DMart Andheri West,610.01,DEBIT,Groceries
2024-03-06,BigBasket order,433.03,DEBIT,Groceries
2024-03-06,Nature's Basket,297.37,DEBIT,Groceries
2024-03-06,Amazon.in order,1380.16,DEBIT,Shopping
2024-03-06,IKEA Navi Mumbai,506.27,DEBIT,Shopping
2024-03-06,Indian Oil fuel,359.10,DEBIT,Transport
2024-03-06,Mumbai Metro recharge,114.65,DEBIT,Transport
2024-03-07,Netflix subscription,196.47,DEBIT,Entertainment
2024-03-07,BigBasket order,303.23,DEBIT,Groceries
2024-03-07,Credit Card bill payment,6800.00,DEBIT,Loan-Payments
2024-03-07,IKEA Navi Mumbai,1019.38,DEBIT,Shopping
2024-03-07,Starbucks Powai,382.38,DEBIT,Take-out
2024-03-07,Swiggy order,175.49,DEBIT,Take-out
2024-03-07,Dominos Pizza,296.50,DEBIT,Take-out
2024-03-07,Cafe Coffee Day,563.64,DEBIT,Take-out
2024-03-08,Reliance Fresh,589.40,DEBIT,Groceries
2024-03-08,DMart Andheri West,479.76,DEBIT,Groceries
2024-03-08,Myntra order,868.57,DEBIT,Shopping
2024-03-08,Dominos Pizza,347.51,DEBIT,Take-out
2024-03-08,Zomato order,437.89,DEBIT,Take-out
2024-03-08,Ola Cabs,401.29,DEBIT,Transport
2024-03-08,HP Petrol Pump,115.41,DEBIT,Transport
2024-03-08,CityFlo monthly pass,354.97,DEBIT,Transport
2024-03-09,Spotify Premium,171.22,DEBIT,Entertainment
2024-03-09,Steam games purchase,643.48,DEBIT,Entertainment
2024-03-09,Reliance Fresh,584.19,DEBIT,Groceries
2024-03-09,Starbucks Powai,253.25,DEBIT,Take-out
2024-03-09,Swiggy order,274.06,DEBIT,Take-out
2024-03-09,Indian Oil fuel,156.98,DEBIT,Transport
2024-03-10,Nature's Basket,553.58,DEBIT,Groceries
2024-03-10,DMart Andheri West,964.53,DEBIT,Groceries
2024-03-10,Reliance Fresh,390.32,DEBIT,Groceries
2024-03-10,Uber ride,215.58,DEBIT,Transport
2024-03-10,HP Petrol Pump,275.17,DEBIT,Transport
2024-03-10,Mahanagar Gas bill,388.89,DEBIT,Utilities
2024-03-11,Fresh Fruits & Veg Co.,240.27,DEBIT,Groceries
2024-03-11,Fresh Fruits & Veg Co.,510.71,DEBIT,Groceries
2024-03-11,Behrouz Biryani,75.40,DEBIT,Take-out
2024-03-11,Swiggy order,398.25,DEBIT,Take-out
2024-03-11,Airtel Fibre broadband,427.03,DEBIT,Utilities
2024-03-11,Mahanagar Gas bill,381.61,DEBIT,Utilities
2024-03-12,Fresh Fruits & Veg Co.,367.13,DEBIT,Groceries
2024-03-12,Zomato order,291.74,DEBIT,Take-out
2024-03-12,CityFlo monthly pass,283.34,DEBIT,Transport
2024-03-12,Ola Cabs,370.97,DEBIT,Transport
2024-03-12,Mahanagar Gas bill,852.76,DEBIT,Utilities
2024-03-13,BookMyShow tickets,502.42,DEBIT,Entertainment
2024-03-13,Fresh Fruits & Veg Co.,758.53,DEBIT,Groceries
2024-03-13,Fresh Fruits & Veg Co.,346.64,DEBIT,Groceries
2024-03-13,BigBasket order,367.90,DEBIT,Groceries
2024-03-13,Cafe Coffee Day,91.89,DEBIT,Take-out
2024-03-14,Fresh Fruits & Veg Co.,598.05,DEBIT,Groceries
2024-03-14,IKEA Navi Mumbai,2174.93,DEBIT,Shopping
2024-03-14,Amazon.in order,879.55,DEBIT,Shopping
2024-03-14,Decathlon Powai,755.46,DEBIT,Shopping
2024-03-14,Behrouz Biryani,153.94,DEBIT,Take-out
2024-03-14,Starbucks Powai,288.50,DEBIT,Take-out
2024-03-14,Zomato order,457.12,DEBIT,Take-out
2024-03-14,Indian Oil fuel,396.39,DEBIT,Transport
2024-03-14,Ola Cabs,186.12,DEBIT,Transport
2024-03-15,BigBasket order,438.73,DEBIT,Groceries
2024-03-15,Behrouz Biryani,161.22,DEBIT,Take-out
2024-03-15,Dominos Pizza,288.18,DEBIT,Take-out
2024-03-15,Swiggy order,220.27,DEBIT,Take-out
2024-03-15,Jio postpaid bill,657.64,DEBIT,Utilities
2024-03-16,BookMyShow tickets,741.73,DEBIT,Entertainment
2024-03-16,Croma Electronics,1828.51,DEBIT,Shopping
2024-03-16,Myntra order,1891.91,DEBIT,Shopping
2024-03-16,Croma Electronics,204.40,DEBIT,Shopping
2024-03-16,Behrouz Biryani,356.42,DEBIT,Take-out
2024-03-16,Indian Oil fuel,118.46,DEBIT,Transport
2024-03-16,Uber ride,234.77,DEBIT,Transport
2024-03-16,Water tax payment,266.98,DEBIT,Utilities
2024-03-16,Mahanagar Gas bill,398.74,DEBIT,Utilities
2024-03-17,Netflix subscription,660.77,DEBIT,Entertainment
2024-03-17,BigBasket order,814.24,DEBIT,Groceries
2024-03-17,BigBasket order,358.93,DEBIT,Groceries
2024-03-17,BigBasket order,417.08,DEBIT,Groceries
2024-03-17,Starbucks Powai,377.71,DEBIT,Take-out
2024-03-18,BigBasket order,751.98,DEBIT,Groceries
2024-03-18,DMart Andheri West,517.08,DEBIT,Groceries
2024-03-18,DMart Andheri West,363.06,DEBIT,Groceries
2024-03-18,Ola Cabs,298.84,DEBIT,Transport
2024-03-18,Mumbai Metro recharge,167.71,DEBIT,Transport
2024-03-18,Mahanagar Gas bill,320.91,DEBIT,Utilities
2024-03-18,MSEB electricity bill,414.77,DEBIT,Utilities
2024-03-18,Jio postpaid bill,400.08,DEBIT,Utilities
2024-03-19,PVR Cinemas,132.47,DEBIT,Entertainment
2024-03-19,Nature's Basket,561.55,DEBIT,Groceries
2024-03-19,Zomato order,290.84,DEBIT,Take-out
2024-03-19,CityFlo monthly pass,457.84,DEBIT,Transport
2024-03-19,Ola Cabs,383.23,DEBIT,Transport
2024-03-19,Mahanagar Gas bill,196.25,DEBIT,Utilities
2024-03-19,Jio postpaid bill,491.96,DEBIT,Utilities
2024-03-20,Steam games purchase,329.20,DEBIT,Entertainment
2024-03-20,Steam games purchase,323.93,DEBIT,Entertainment
2024-03-20,Fresh Fruits & Veg Co.,932.15,DEBIT,Groceries
2024-03-20,Nature's Basket,653.07,DEBIT,Groceries
2024-03-20,Reliance Fresh,307.18,DEBIT,Groceries
2024-03-20,Zomato order,356.66,DEBIT,Take-out
2024-03-20,HP Petrol Pump,488.28,DEBIT,Transport
2024-03-21,BigBasket order,942.20,DEBIT,Groceries
2024-03-21,Dominos Pizza,275.42,DEBIT,Take-out
2024-03-21,Cafe Coffee Day,189.42,DEBIT,Take-out
2024-03-21,Behrouz Biryani,482.74,DEBIT,Take-out
2024-03-21,Airtel Fibre broadband,567.16,DEBIT,Utilities
2024-03-22,More Supermarket,484.96,DEBIT,Groceries
2024-03-22,More Supermarket,308.16,DEBIT,Groceries
2024-03-22,IKEA Navi Mumbai,1307.09,DEBIT,Shopping
2024-03-22,Ola Cabs,463.64,DEBIT,Transport
2024-03-22,Mumbai Metro recharge,421.58,DEBIT,Transport
2024-03-23,Netflix subscription,247.69,DEBIT,Entertainment
2024-03-23,Spotify Premium,336.69,DEBIT,Entertainment
2024-03-23,More Supermarket,411.04,DEBIT,Groceries
2024-03-23,Croma Electronics,1077.98,DEBIT,Shopping
2024-03-23,Starbucks Powai,85.92,DEBIT,Take-out
2024-03-23,MSEB electricity bill,610.63,DEBIT,Utilities
2024-03-24,More Supermarket,783.93,DEBIT,Groceries
2024-03-24,Fresh Fruits & Veg Co.,300.65,DEBIT,Groceries
2024-03-24,Decathlon Powai,1607.33,DEBIT,Shopping
2024-03-24,Flipkart order,1324.74,DEBIT,Shopping
2024-03-24,Cafe Coffee Day,84.65,DEBIT,Take-out
2024-03-24,Cafe Coffee Day,424.25,DEBIT,Take-out
2024-03-24,Airtel Fibre broadband,501.72,DEBIT,Utilities
2024-03-24,Water tax payment,757.61,DEBIT,Utilities
2024-03-25,Spotify Premium,402.36,DEBIT,Entertainment
2024-03-25,BigBasket order,175.15,DEBIT,Groceries
2024-03-25,More Supermarket,821.61,DEBIT,Groceries
2024-03-25,Zomato order,290.61,DEBIT,Take-out
2024-03-25,Dominos Pizza,572.22,DEBIT,Take-out
2024-03-26,Fresh Fruits & Veg Co.,358.89,DEBIT,Groceries
2024-03-26,DMart Andheri West,271.96,DEBIT,Groceries
2024-03-26,DMart Andheri West,322.76,DEBIT,Groceries
2024-03-26,Ola Cabs,215.78,DEBIT,Transport
2024-03-26,Mahanagar Gas bill,519.79,DEBIT,Utilities
2024-03-27,Netflix subscription,278.99,DEBIT,Entertainment
2024-03-27,DMart Andheri West,202.14,DEBIT,Groceries
2024-03-27,Fresh Fruits & Veg Co.,249.99,DEBIT,Groceries
2024-03-27,DMart Andheri West,318.96,DEBIT,Groceries
2024-03-27,Starbucks Powai,226.27,DEBIT,Take-out
2024-03-27,HP Petrol Pump,435.58,DEBIT,Transport
2024-03-27,Airtel Fibre broadband,796.62,DEBIT,Utilities
2024-03-28,Spotify Premium,612.67,DEBIT,Entertainment
2024-03-28,Netflix subscription,268.90,DEBIT,Entertainment
2024-03-28,DMart Andheri West,564.68,DEBIT,Groceries
2024-03-28,BigBasket order,877.76,DEBIT,Groceries
2024-03-28,Nature's Basket,327.46,DEBIT,Groceries
2024-03-28,Croma Electronics,1114.18,DEBIT,Shopping
2024-03-28,Flipkart order,260.68,DEBIT,Shopping
2024-03-28,Ola Cabs,173.44,DEBIT,Transport
2024-03-29,Nature's Basket,614.33,DEBIT,Groceries
2024-03-29,More Supermarket,790.37,DEBIT,Groceries
2024-03-29,IKEA Navi Mumbai,1210.79,DEBIT,Shopping
2024-03-29,CityFlo monthly pass,130.35,DEBIT,Transport
2024-03-29,Indian Oil fuel,65.96,DEBIT,Transport
2024-03-30,PVR Cinemas,694.99,DEBIT,Entertainment
2024-03-30,Fresh Fruits & Veg Co.,809.26,DEBIT,Groceries
2024-03-30,Decathlon Powai,972.16,DEBIT,Shopping
2024-03-30,Dominos Pizza,139.37,DEBIT,Take-out
2024-03-30,Dominos Pizza,190.89,DEBIT,Take-out
2024-03-30,Indian Oil fuel,483.02,DEBIT,Transport
2024-03-30,CityFlo monthly pass,213.31,DEBIT,Transport
2024-03-30,Uber ride,317.38,DEBIT,Transport
2024-03-30,MSEB electricity bill,338.82,DEBIT,Utilities
2024-03-31,BigBasket order,282.79,DEBIT,Groceries
2024-03-31,More Supermarket,1030.89,DEBIT,Groceries
2024-03-31,Fresh Fruits & Veg Co.,319.54,DEBIT,Groceries
2024-03-31,BigBasket order,425.83,DEBIT,Groceries
2024-03-31,Salary credited from Cyphersol Technologies,172000.00,CREDIT,Salary
2024-03-31,Croma Electronics,1039.66,DEBIT,Shopping
2024-03-31,Behrouz Biryani,522.87,DEBIT,Take-out
2024-03-31,Starbucks Powai,116.50,DEBIT,Take-out
2024-03-31,Jio postpaid bill,873.82,DEBIT,Utilities
2024-04-01,DMart Andheri West,619.88,DEBIT,Groceries
2024-04-01,Fresh Fruits & Veg Co.,121.28,DEBIT,Groceries
2024-04-01,House rent transfer to landlord,24000.00,DEBIT,Rent
2024-04-01,Croma Electronics,1452.78,DEBIT,Shopping
2024-04-01,Starbucks Powai,381.73,DEBIT,Take-out
2024-04-01,HP Petrol Pump,121.07,DEBIT,Transport
2024-04-01,Mumbai Metro recharge,255.56,DEBIT,Transport
2024-04-01,HP Petrol Pump,305.84,DEBIT,Transport
2024-04-01,Jio postpaid bill,163.12,DEBIT,Utilities
2024-04-02,BigBasket order,363.97,DEBIT,Groceries
2024-04-02,Nature's Basket,493.68,DEBIT,Groceries
2024-04-02,Fresh Fruits & Veg Co.,397.29,DEBIT,Groceries
2024-04-02,IKEA Navi Mumbai,698.18,DEBIT,Shopping
2024-04-02,Flipkart order,1373.49,DEBIT,Shopping
2024-04-02,Myntra order,1107.74,DEBIT,Shopping
2024-04-02,Dominos Pizza,161.64,DEBIT,Take-out
2024-04-02,HP Petrol Pump,344.26,DEBIT,Transport
2024-04-02,Mumbai Metro recharge,159.24,DEBIT,Transport
2024-04-03,Nature's Basket,479.18,DEBIT,Groceries
2024-04-03,More Supermarket,639.17,DEBIT,Groceries
2024-04-03,Nature's Basket,1012.38,DEBIT,Groceries
2024-04-03,Croma Electronics,2136.17,DEBIT,Shopping
2024-04-03,Swiggy order,95.48,DEBIT,Take-out
2024-04-03,Ola Cabs,456.14,DEBIT,Transport
2024-04-03,Ola Cabs,448.08,DEBIT,Transport
2024-04-03,Indian Oil fuel,165.86,DEBIT,Transport
2024-04-04,Reliance Fresh,324.17,DEBIT,Groceries
2024-04-04,DMart Andheri West,776.81,DEBIT,Groceries
2024-04-04,BigBasket order,459.30,DEBIT,Groceries
2024-04-04,Flipkart order,587.67,DEBIT,Shopping
2024-04-04,Amazon.in order,1852.30,DEBIT,Shopping
2024-04-04,Behrouz Biryani,320.60,DEBIT,Take-out
2024-04-04,Starbucks Powai,431.38,DEBIT,Take-out
2024-04-04,Mumbai Metro recharge,127.89,DEBIT,Transport
2024-04-04,Water tax payment,285.07,DEBIT,Utilities
2024-04-05,DMart Andheri West,814.10,DEBIT,Groceries
2024-04-05,BigBasket order,364.17,DEBIT,Groceries
2024-04-05,Reliance Fresh,324.10,DEBIT,Groceries
2024-04-05,HDFC Home Loan EMI,12500.00,DEBIT,Loan-Payments
2024-04-05,IKEA Navi Mumbai,2129.50,DEBIT,Shopping
2024-04-05,Cafe Coffee Day,300.66,DEBIT,Take-out
2024-04-05,Starbucks Powai,422.30,DEBIT,Take-out
2024-04-05,Zomato order,234.62,DEBIT,Take-out
2024-04-05,Dominos Pizza,202.37,DEBIT,Take-out
2024-04-05,Dominos Pizza,155.31,DEBIT,Take-out
2024-04-06,Nature's Basket,163.60,DEBIT,Groceries
2024-04-06,Fresh Fruits & Veg Co.,176.93,DEBIT,Groceries
2024-04-06,DMart Andheri West,509.30,DEBIT,Groceries
2024-04-06,Starbucks Powai,472.04,DEBIT,Take-out
2024-04-06,Mumbai Metro recharge,307.71,DEBIT,Transport
2024-04-07,BookMyShow tickets,395.88,DEBIT,Entertainment
2024-04-07,More Supermarket,119.85,DEBIT,Groceries
2024-04-07,Fresh Fruits & Veg Co.,403.87,DEBIT,Groceries
2024-04-07,Credit Card bill payment,6800.00,DEBIT,Loan-Payments
2024-04-07,Flipkart order,579.08,DEBIT,Shopping
2024-04-07,Flipkart order,1676.74,DEBIT,Shopping
2024-04-07,Dominos Pizza,415.20,DEBIT,Take-out
2024-04-07,Swiggy order,317.05,DEBIT,Take-out
2024-04-08,Fresh Fruits & Veg Co.,290.28,DEBIT,Groceries
2024-04-08,More Supermarket,656.71,DEBIT,Groceries
2024-04-08,Reliance Fresh,402.76,DEBIT,Groceries
2024-04-08,Indian Oil fuel,275.23,DEBIT,Transport
2024-04-08,Airtel Fibre broadband,750.75,DEBIT,Utilities
2024-04-09,Fresh Fruits & Veg Co.,452.01,DEBIT,Groceries
2024-04-09,Mumbai Metro recharge,236.66,DEBIT,Transport
2024-04-09,Mumbai Metro recharge,319.77,DEBIT,Transport
2024-04-09,CityFlo monthly pass,352.92,DEBIT,Transport
2024-04-09,Water tax payment,668.68,DEBIT,Utilities
2024-04-10,More Supermarket,461.21,DEBIT,Groceries
2024-04-10,Fresh Fruits & Veg Co.,232.42,DEBIT,Groceries
2024-04-10,Nature's Basket,219.83,DEBIT,Groceries
2024-04-10,Reliance Fresh,866.16,DEBIT,Groceries
2024-04-10,Flipkart order,1610.15,DEBIT,Shopping
2024-04-10,Starbucks Powai,201.39,DEBIT,Take-out
2024-04-10,Jio postpaid bill,744.48,DEBIT,Utilities
2024-04-11,Amazon.in order,1596.33,DEBIT,Shopping
2024-04-11,Cafe Coffee Day,265.31,DEBIT,Take-out
2024-04-11,Behrouz Biryani,225.73,DEBIT,Take-out
2024-04-11,Ola Cabs,159.78,DEBIT,Transport
2024-04-11,HP Petrol Pump,333.33,DEBIT,Transport
2024-04-11,Water tax payment,579.76,DEBIT,Utilities
2024-04-12,Spotify Premium,710.24,DEBIT,Entertainment
2024-04-12,Nature's Basket,695.90,DEBIT,Groceries
2024-04-12,Amazon.in order,880.53,DEBIT,Shopping
2024-04-12,Swiggy order,257.76,DEBIT,Take-out
2024-04-12,Zomato order,497.26,DEBIT,Take-out
2024-04-12,Cafe Coffee Day,436.31,DEBIT,Take-out
2024-04-12,Swiggy order,245.06,DEBIT,Take-out
2024-04-12,Uber ride,100.77,DEBIT,Transport
2024-04-12,Airtel Fibre broadband,364.28,DEBIT,Utilities
2024-04-13,DMart Andheri West,754.75,DEBIT,Groceries
2024-04-13,Reversal of failed UPI payment,1024.45,CREDIT,Refund
2024-04-13,Myntra order,1422.37,DEBIT,Shopping
2024-04-13,Cafe Coffee Day,339.92,DEBIT,Take-out
2024-04-13,Water tax payment,703.86,DEBIT,Utilities
2024-04-13,Mahanagar Gas bill,634.88,DEBIT,Utilities
2024-04-14,BookMyShow tickets,452.49,DEBIT,Entertainment
2024-04-14,Spotify Premium,724.54,DEBIT,Entertainment
2024-04-14,DMart Andheri West,634.57,DEBIT,Groceries
2024-04-14,Reliance Fresh,524.48,DEBIT,Groceries
2024-04-14,Fresh Fruits & Veg Co.,326.20,DEBIT,Groceries
2024-04-14,Dominos Pizza,408.28,DEBIT,Take-out
2024-04-14,CityFlo monthly pass,132.50,DEBIT,Transport
2024-04-14,Water tax payment,431.97,DEBIT,Utilities
2024-04-15,Nature's Basket,480.04,DEBIT,Groceries
2024-04-15,Decathlon Powai,1598.59,DEBIT,Shopping
2024-04-15,Croma Electronics,1297.65,DEBIT,Shopping
2024-04-15,Behrouz Biryani,350.36,DEBIT,Take-out
2024-04-15,Swiggy order,253.90,DEBIT,Take-out
2024-04-15,Starbucks Powai,281.23,DEBIT,Take-out
2024-04-15,Indian Oil fuel,245.95,DEBIT,Transport
2024-04-15,Mahanagar Gas bill,363.01,DEBIT,Utilities
2024-04-16,DMart Andheri West,326.03,DEBIT,Groceries
2024-04-16,DMart Andheri West,518.63,DEBIT,Groceries
2024-04-16,DMart Andheri West,861.06,DEBIT,Groceries
2024-04-16,Reliance Fresh,234.19,DEBIT,Groceries
2024-04-16,Behrouz Biryani,322.96,DEBIT,Take-out
2024-04-16,HP Petrol Pump,82.55,DEBIT,Transport
2024-04-16,Indian Oil fuel,376.01,DEBIT,Transport
2024-04-17,Netflix subscription,773.40,DEBIT,Entertainment
2024-04-17,BookMyShow tickets,183.82,DEBIT,Entertainment
2024-04-17,DMart Andheri West,442.04,DEBIT,Groceries
2024-04-17,Decathlon Powai,882.72,DEBIT,Shopping
2024-04-17,Zomato order,273.56,DEBIT,Take-out
2024-04-17,HP Petrol Pump,282.52,DEBIT,Transport
2024-04-18,Nature's Basket,409.44,DEBIT,Groceries
2024-04-18,IKEA Navi Mumbai,800.12,DEBIT,Shopping
2024-04-18,Myntra order,1230.68,DEBIT,Shopping
2024-04-18,Cafe Coffee Day,332.08,DEBIT,Take-out
2024-04-18,Dominos Pizza,287.52,DEBIT,Take-out
2024-04-18,Airtel Fibre broadband,286.85,DEBIT,Utilities
2024-04-19,Reliance Fresh,271.91,DEBIT,Groceries
2024-04-19,BigBasket order,681.82,DEBIT,Groceries
2024-04-19,DMart Andheri West,259.61,DEBIT,Groceries
2024-04-19,IKEA Navi Mumbai,432.73,DEBIT,Shopping
2024-04-19,IKEA Navi Mumbai,710.74,DEBIT,Shopping
2024-04-19,CityFlo monthly pass,85.56,DEBIT,Transport
2024-04-20,More Supermarket,334.83,DEBIT,Groceries
2024-04-20,More Supermarket,376.45,DEBIT,Groceries
2024-04-20,Cafe Coffee Day,143.60,DEBIT,Take-out
2024-04-20,Starbucks Powai,174.14,DEBIT,Take-out
2024-04-20,Cafe Coffee Day,379.28,DEBIT,Take-out
2024-04-20,Behrouz Biryani,264.98,DEBIT,Take-out
2024-04-20,Water tax payment,692.14,DEBIT,Utilities
2024-04-20,Jio postpaid bill,644.44,DEBIT,Utilities
2024-04-21,Steam games purchase,719.99,DEBIT,Entertainment
2024-04-21,More Supermarket,514.03,DEBIT,Groceries
2024-04-21,Flipkart order,1559.21,DEBIT,Shopping
2024-04-21,IKEA Navi Mumbai,893.50,DEBIT,Shopping
2024-04-21,HP Petrol Pump,235.89,DEBIT,Transport
2024-04-21,CityFlo monthly pass,467.36,DEBIT,Transport
2024-04-22,Fresh Fruits & Veg Co.,475.05,DEBIT,Groceries
2024-04-22,DMart Andheri West,407.92,DEBIT,Groceries
2024-04-22,More Supermarket,446.87,DEBIT,Groceries
2024-04-22,CityFlo monthly pass,184.51,DEBIT,Transport
2024-04-22,Mahanagar Gas bill,531.43,DEBIT,Utilities
2024-04-23,Fresh Fruits & Veg Co.,697.71,DEBIT,Groceries
2024-04-23,Myntra order,2012.70,DEBIT,Shopping
2024-04-23,Dominos Pizza,404.94,DEBIT,Take-out
2024-04-23,Cafe Coffee Day,428.61,DEBIT,Take-out
2024-04-23,Mumbai Metro recharge,216.40,DEBIT,Transport
2024-04-23,Indian Oil fuel,66.27,DEBIT,Transport
2024-04-23,Jio postpaid bill,316.87,DEBIT,Utilities
2024-04-24,Netflix subscription,328.14,DEBIT,Entertainment
2024-04-24,Spotify Premium,524.32,DEBIT,Entertainment
2024-04-24,DMart Andheri West,403.01,DEBIT,Groceries
2024-04-24,Croma Electronics,1332.99,DEBIT,Shopping
2024-04-24,Behrouz Biryani,296.25,DEBIT,Take-out
2024-04-24,Starbucks Powai,307.83,DEBIT,Take-out
2024-04-24,Uber ride,177.54,DEBIT,Transport
2024-04-24,Ola Cabs,321.41,DEBIT,Transport
2024-04-25,PVR Cinemas,788.54,DEBIT,Entertainment
2024-04-25,Nature's Basket,545.48,DEBIT,Groceries
2024-04-25,More Supermarket,795.95,DEBIT,Groceries
2024-04-25,BigBasket order,876.89,DEBIT,Groceries
2024-04-25,Swiggy order,359.09,DEBIT,Take-out
2024-04-25,Starbucks Powai,462.80,DEBIT,Take-out
2024-04-25,HP Petrol Pump,131.30,DEBIT,Transport
2024-04-25,MSEB electricity bill,474.61,DEBIT,Utilities
2024-04-26,Spotify Premium,841.41,DEBIT,Entertainment
2024-04-26,Reliance Fresh,243.89,DEBIT,Groceries
2024-04-26,IKEA Navi Mumbai,1107.59,DEBIT,Shopping
2024-04-26,Behrouz Biryani,563.26,DEBIT,Take-out
2024-04-26,Mumbai Metro recharge,124.25,DEBIT,Transport
2024-04-26,Uber ride,243.53,DEBIT,Transport
2024-04-26,Mumbai Metro recharge,397.71,DEBIT,Transport
2024-04-27,Nature's Basket,901.79,DEBIT,Groceries
2024-04-27,More Supermarket,588.66,DEBIT,Groceries
2024-04-27,Nature's Basket,183.80,DEBIT,Groceries
2024-04-27,Myntra order,1030.28,DEBIT,Shopping
2024-04-27,Dominos Pizza,84.23,DEBIT,Take-out
2024-04-27,Swiggy order,178.85,DEBIT,Take-out
2024-04-27,Indian Oil fuel,228.02,DEBIT,Transport
2024-04-27,Indian Oil fuel,124.49,DEBIT,Transport
2024-04-27,Water tax payment,542.48,DEBIT,Utilities
2024-04-28,Steam games purchase,623.46,DEBIT,Entertainment
2024-04-28,Nature's Basket,689.74,DEBIT,Groceries
2024-04-28,Starbucks Powai,231.65,DEBIT,Take-out
2024-04-28,Dominos Pizza,246.82,DEBIT,Take-out
2024-04-28,Ola Cabs,243.63,DEBIT,Transport
2024-04-28,Jio postpaid bill,426.74,DEBIT,Utilities
2024-04-29,BigBasket order,479.49,DEBIT,Groceries
2024-04-29,Nature's Basket,619.48,DEBIT,Groceries
2024-04-29,Nature's Basket,448.98,DEBIT,Groceries
2024-04-29,Dominos Pizza,274.53,DEBIT,Take-out
2024-04-29,Dominos Pizza,128.50,DEBIT,Take-out
2024-04-29,CityFlo monthly pass,449.79,DEBIT,Transport
2024-04-29,Indian Oil fuel,94.48,DEBIT,Transport
2024-04-29,Airtel Fibre broadband,250.28,DEBIT,Utilities
2024-04-30,PVR Cinemas,719.87,DEBIT,Entertainment
2024-04-30,Reliance Fresh,523.81,DEBIT,Groceries
2024-04-30,Reliance Fresh,370.99,DEBIT,Groceries
2024-04-30,Salary credited from Cyphersol Technologies,172000.00,CREDIT,Salary
2024-04-30,IKEA Navi Mumbai,1789.75,DEBIT,Shopping
2024-04-30,IKEA Navi Mumbai,962.72,DEBIT,Shopping
2024-04-30,Starbucks Powai,81.26,DEBIT,Take-out
2024-04-30,Zomato order,136.24,DEBIT,Take-out
2024-04-30,HP Petrol Pump,181.54,DEBIT,Transport
2024-04-30,HP Petrol Pump,165.71,DEBIT,Transport
2024-05-01,Reliance Fresh,999.97,DEBIT,Groceries
2024-05-01,BigBasket order,466.58,DEBIT,Groceries
2024-05-01,House rent transfer to landlord,24000.00,DEBIT,Rent
2024-05-01,Dominos Pizza,74.28,DEBIT,Take-out
2024-05-01,Starbucks Powai,204.49,DEBIT,Take-out
2024-05-01,Mumbai Metro recharge,429.84,DEBIT,Transport
2024-05-01,Airtel Fibre broadband,468.69,DEBIT,Utilities
2024-05-01,Mahanagar Gas bill,731.29,DEBIT,Utilities
2024-05-01,Jio postpaid bill,375.54,DEBIT,Utilities
2024-05-02,More Supermarket,663.58,DEBIT,Groceries
2024-05-02,DMart Andheri West,790.64,DEBIT,Groceries
2024-05-02,Reliance Fresh,614.01,DEBIT,Groceries
2024-05-02,Amazon.in order,470.06,DEBIT,Shopping
2024-05-02,Behrouz Biryani,167.17,DEBIT,Take-out
2024-05-02,Uber ride,249.18,DEBIT,Transport
2024-05-03,BookMyShow tickets,599.40,DEBIT,Entertainment
2024-05-03,BookMyShow tickets,846.07,DEBIT,Entertainment
2024-05-03,Nature's Basket,302.24,DEBIT,Groceries
2024-05-03,Behrouz Biryani,365.13,DEBIT,Take-out
2024-05-03,Dominos Pizza,449.16,DEBIT,Take-out
2024-05-03,Behrouz Biryani,370.57,DEBIT,Take-out
2024-05-03,CityFlo monthly pass,388.84,DEBIT,Transport
2024-05-04,DMart Andheri West,774.11,DEBIT,Groceries
2024-05-04,More Supermarket,617.83,DEBIT,Groceries
2024-05-04,Swiggy order,148.32,DEBIT,Take-out
2024-05-04,HP Petrol Pump,506.14,DEBIT,Transport
2024-05-04,Uber ride,419.35,DEBIT,Transport
2024-05-04,Indian Oil fuel,84.14,DEBIT,Transport
2024-05-05,PVR Cinemas,427.58,DEBIT,Entertainment
2024-05-05,BigBasket order,295.81,DEBIT,Groceries
2024-05-05,HDFC Home Loan EMI,12500.00,DEBIT,Loan-Payments
2024-05-05,Myntra order,450.18,DEBIT,Shopping
2024-05-05,Myntra order,1285.32,DEBIT,Shopping
2024-05-05,Cafe Coffee Day,130.92,DEBIT,Take-out
2024-05-05,Zomato order,522.32,DEBIT,Take-out
2024-05-05,Zomato order,308.84,DEBIT,Take-out
2024-05-05,Jio postpaid bill,369.48,DEBIT,Utilities
2024-05-05,Water tax payment,574.30,DEBIT,Utilities
2024-05-06,More Supermarket,540.38,DEBIT,Groceries
2024-05-06,More Supermarket,902.86,DEBIT,Groceries
2024-05-06,DMart Andheri West,297.51,DEBIT,Groceries
2024-05-06,BigBasket order,332.53,DEBIT,Groceries
2024-05-06,BigBasket order,191.30,DEBIT,Groceries
2024-05-06,Zomato order,458.80,DEBIT,Take-out
2024-05-06,Cafe Coffee Day,619.15,DEBIT,Take-out
2024-05-06,Uber ride,240.57,DEBIT,Transport
2024-05-06,Airtel Fibre broadband,365.59,DEBIT,Utilities
2024-05-07,Reliance Fresh,244.11,DEBIT,Groceries
2024-05-07,BigBasket order,369.52,DEBIT,Groceries
2024-05-07,Fresh Fruits & Veg Co.,261.39,DEBIT,Groceries
2024-05-07,Credit Card bill payment,6800.00,DEBIT,Loan-Payments
2024-05-07,Cafe Coffee Day,433.15,DEBIT,Take-out
2024-05-07,Dominos Pizza,321.12,DEBIT,Take-out
2024-05-07,Behrouz Biryani,198.97,DEBIT,Take-out
2024-05-07,Starbucks Powai,413.45,DEBIT,Take-out
2024-05-07,Dominos Pizza,512.91,DEBIT,Take-out
2024-05-08,More Supermarket,703.52,DEBIT,Groceries
2024-05-08,Fresh Fruits & Veg Co.,783.68,DEBIT,Groceries
2024-05-08,Nature's Basket,465.47,DEBIT,Groceries
2024-05-08,BigBasket order,224.07,DEBIT,Groceries
2024-05-08,Zomato order,336.29,DEBIT,Take-out
2024-05-09,More Supermarket,756.58,DEBIT,Groceries
2024-05-09,Nature's Basket,378.22,DEBIT,Groceries
2024-05-09,Zomato order,341.35,DEBIT,Take-out
2024-05-09,Mumbai Metro recharge,283.66,DEBIT,Transport
2024-05-09,Ola Cabs,156.70,DEBIT,Transport
2024-05-09,Jio postpaid bill,638.79,DEBIT,Utilities
2024-05-10,Nature's Basket,842.35,DEBIT,Groceries
2024-05-10,Decathlon Powai,799.75,DEBIT,Shopping
2024-05-10,Zomato order,158.80,DEBIT,Take-out
2024-05-10,Cafe Coffee Day,458.72,DEBIT,Take-out
2024-05-10,Water tax payment,426.74,DEBIT,Utilities
2024-05-11,Nature's Basket,106.11,DEBIT,Groceries
2024-05-11,Reliance Fresh,331.32,DEBIT,Groceries
2024-05-11,Flipkart order,917.64,DEBIT,Shopping
2024-05-11,Cafe Coffee Day,322.58,DEBIT,Take-out
2024-05-11,Zomato order,176.14,DEBIT,Take-out
2024-05-11,CityFlo monthly pass,170.05,DEBIT,Transport
2024-05-11,Jio postpaid bill,750.61,DEBIT,Utilities
2024-05-11,MSEB electricity bill,607.73,DEBIT,Utilities
2024-05-11,Mahanagar Gas bill,491.83,DEBIT,Utilities
2024-05-12,Fresh Fruits & Veg Co.,768.54,DEBIT,Groceries
2024-05-12,IKEA Navi Mumbai,2203.45,DEBIT,Shopping
2024-05-12,Croma Electronics,704.19,DEBIT,Shopping
2024-05-12,HP Petrol Pump,269.08,DEBIT,Transport
2024-05-12,Uber ride,126.67,DEBIT,Transport
2024-05-12,Water tax payment,334.76,DEBIT,Utilities
2024-05-13,More Supermarket,381.86,DEBIT,Groceries
2024-05-13,Reliance Fresh,659.29,DEBIT,Groceries
2024-05-13,Behrouz Biryani,183.82,DEBIT,Take-out
2024-05-13,HP Petrol Pump,110.65,DEBIT,Transport
2024-05-13,Jio postpaid bill,321.02,DEBIT,Utilities
2024-05-14,PVR Cinemas,540.50,DEBIT,Entertainment
2024-05-14,More Supermarket,588.18,DEBIT,Groceries
2024-05-14,DMart Andheri West,560.60,DEBIT,Groceries
2024-05-14,Reliance Fresh,222.99,DEBIT,Groceries
2024-05-14,Flipkart order,1919.31,DEBIT,Shopping
2024-05-14,Zomato order,399.70,DEBIT,Take-out
2024-05-14,Zomato order,175.53,DEBIT,Take-out
2024-05-14,Starbucks Powai,480.01,DEBIT,Take-out
2024-05-14,Dominos Pizza,240.05,DEBIT,Take-out
2024-05-15,Steam games purchase,558.05,DEBIT,Entertainment
2024-05-15,Nature's Basket,550.02,DEBIT,Groceries
2024-05-15,Zomato order,370.16,DEBIT,Take-out
2024-05-15,Starbucks Powai,150.97,DEBIT,Take-out
2024-05-15,Mumbai Metro recharge,248.91,DEBIT,Transport
2024-05-15,Mahanagar Gas bill,758.72,DEBIT,Utilities
2024-05-16,Fresh Fruits & Veg Co.,191.56,DEBIT,Groceries
2024-05-16,IKEA Navi Mumbai,487.95,DEBIT,Shopping
2024-05-16,Zomato order,98.94,DEBIT,Take-out
2024-05-16,Ola Cabs,311.02,DEBIT,Transport
2024-05-16,HP Petrol Pump,124.55,DEBIT,Transport
2024-05-16,Mumbai Metro recharge,156.61,DEBIT,Transport
2024-05-16,Airtel Fibre broadband,545.05,DEBIT,Utilities
2024-05-17,Fresh Fruits & Veg Co.,845.41,DEBIT,Groceries
2024-05-17,Nature's Basket,782.34,DEBIT,Groceries
2024-05-17,Cafe Coffee Day,378.77,DEBIT,Take-out
2024-05-17,Starbucks Powai,284.64,DEBIT,Take-out
2024-05-17,CityFlo monthly pass,237.49,DEBIT,Transport
2024-05-17,Mahanagar Gas bill,928.26,DEBIT,Utilities
2024-05-18,Netflix subscription,182.67,DEBIT,Entertainment
2024-05-18,Nature's Basket,157.55,DEBIT,Groceries
2024-05-18,More Supermarket,370.21,DEBIT,Groceries
2024-05-18,DMart Andheri West,352.31,DEBIT,Groceries
2024-05-18,Swiggy order,451.75,DEBIT,Take-out
2024-05-18,Cafe Coffee Day,153.03,DEBIT,Take-out
2024-05-18,Airtel Fibre broadband,754.62,DEBIT,Utilities
2024-05-19,Spotify Premium,374.03,DEBIT,Entertainment
2024-05-19,BookMyShow tickets,411.68,DEBIT,Entertainment
2024-05-19,Fresh Fruits & Veg Co.,369.09,DEBIT,Groceries
2024-05-19,DMart Andheri West,759.75,DEBIT,Groceries
2024-05-19,Dominos Pizza,545.59,DEBIT,Take-out
2024-05-19,Behrouz Biryani,485.27,DEBIT,Take-out
2024-05-19,Dominos Pizza,156.83,DEBIT,Take-out
2024-05-19,Starbucks Powai,261.87,DEBIT,Take-out
2024-05-19,HP Petrol Pump,447.27,DEBIT,Transport
2024-05-20,Nature's Basket,449.64,DEBIT,Groceries
2024-05-20,Reliance Fresh,871.82,DEBIT,Groceries
2024-05-20,Croma Electronics,1566.58,DEBIT,Shopping
2024-05-20,Dominos Pizza,184.29,DEBIT,Take-out
2024-05-20,Jio postpaid bill,412.54,DEBIT,Utilities
2024-05-21,Amazon.in order,1123.22,DEBIT,Shopping
2024-05-21,Zomato order,407.58,DEBIT,Take-out
2024-05-21,Behrouz Biryani,168.78,DEBIT,Take-out
2024-05-21,Indian Oil fuel,249.45,DEBIT,Transport
2024-05-21,Indian Oil fuel,174.12,DEBIT,Transport
2024-05-22,BigBasket order,382.94,DEBIT,Groceries
2024-05-22,DMart Andheri West,500.42,DEBIT,Groceries
2024-05-22,Amazon.in order,2743.23,DEBIT,Shopping
2024-05-22,Flipkart order,1504.74,DEBIT,Shopping
2024-05-22,Swiggy order,184.51,DEBIT,Take-out
2024-05-22,Ola Cabs,218.13,DEBIT,Transport
2024-05-22,Indian Oil fuel,165.30,DEBIT,Transport
2024-05-22,HP Petrol Pump,100.34,DEBIT,Transport
2024-05-22,Airtel Fibre broadband,840.32,DEBIT,Utilities
2024-05-23,PVR Cinemas,769.08,DEBIT,Entertainment
2024-05-23,BigBasket order,933.61,DEBIT,Groceries
2024-05-23,Croma Electronics,890.94,DEBIT,Shopping
2024-05-23,Zomato order,112.76,DEBIT,Take-out
2024-05-23,Indian Oil fuel,294.96,DEBIT,Transport
2024-05-23,Ola Cabs,293.72,DEBIT,Transport
2024-05-23,Indian Oil fuel,338.51,DEBIT,Transport
2024-05-24,BigBasket order,384.32,DEBIT,Groceries
2024-05-24,BigBasket order,181.81,DEBIT,Groceries
2024-05-24,Amazon.in order,2462.20,DEBIT,Shopping
2024-05-24,HP Petrol Pump,334.91,DEBIT,Transport
2024-05-24,MSEB electricity bill,563.02,DEBIT,Utilities
2024-05-25,Steam games purchase,252.36,DEBIT,Entertainment
2024-05-25,Fresh Fruits & Veg Co.,343.08,DEBIT,Groceries
2024-05-25,Fresh Fruits & Veg Co.,624.35,DEBIT,Groceries
2024-05-25,Flipkart order,929.86,DEBIT,Shopping
2024-05-25,Swiggy order,233.84,DEBIT,Take-out
2024-05-25,Starbucks Powai,255.20,DEBIT,Take-out
2024-05-25,Zomato order,203.49,DEBIT,Take-out
2024-05-25,Indian Oil fuel,102.42,DEBIT,Transport
2024-05-26,BookMyShow tickets,208.36,DEBIT,Entertainment
2024-05-26,Netflix subscription,741.42,DEBIT,Entertainment
2024-05-26,BigBasket order,373.11,DEBIT,Groceries
2024-05-26,More Supermarket,181.25,DEBIT,Groceries
2024-05-26,Myntra order,1158.15,DEBIT,Shopping
2024-05-26,Zomato order,245.53,DEBIT,Take-out
2024-05-27,Fresh Fruits & Veg Co.,672.00,DEBIT,Groceries
2024-05-27,Fresh Fruits & Veg Co.,227.08,DEBIT,Groceries
2024-05-27,Reliance Fresh,206.03,DEBIT,Groceries
2024-05-27,Swiggy order,82.99,DEBIT,Take-out
2024-05-27,Cafe Coffee Day,356.34,DEBIT,Take-out
2024-05-27,Mumbai Metro recharge,396.30,DEBIT,Transport
2024-05-27,Mumbai Metro recharge,436.20,DEBIT,Transport
2024-05-27,Jio postpaid bill,347.54,DEBIT,Utilities
2024-05-28,Netflix subscription,640.13,DEBIT,Entertainment
2024-05-28,Fresh Fruits & Veg Co.,370.96,DEBIT,Groceries
2024-05-28,Fresh Fruits & Veg Co.,310.18,DEBIT,Groceries
2024-05-28,Nature's Basket,180.82,DEBIT,Groceries
2024-05-28,Fresh Fruits & Veg Co.,843.53,DEBIT,Groceries
2024-05-29,Dominos Pizza,288.44,DEBIT,Take-out
2024-05-29,Starbucks Powai,149.89,DEBIT,Take-out
2024-05-29,Starbucks Powai,204.78,DEBIT,Take-out
2024-05-29,Dominos Pizza,386.90,DEBIT,Take-out
2024-05-29,Zomato order,259.48,DEBIT,Take-out
2024-05-29,Ola Cabs,147.02,DEBIT,Transport
2024-05-30,Dominos Pizza,536.39,DEBIT,Take-out
2024-05-30,Starbucks Powai,360.52,DEBIT,Take-out
2024-05-30,CityFlo monthly pass,278.85,DEBIT,Transport
2024-05-30,HP Petrol Pump,207.27,DEBIT,Transport
2024-05-30,Mumbai Metro recharge,320.01,DEBIT,Transport
2024-05-31,BookMyShow tickets,546.38,DEBIT,Entertainment
2024-05-31,Netflix subscription,317.41,DEBIT,Entertainment
2024-05-31,Reliance Fresh,881.47,DEBIT,Groceries
2024-05-31,More Supermarket,621.42,DEBIT,Groceries
2024-05-31,Salary credited from Cyphersol Technologies,172000.00,CREDIT,Salary
2024-05-31,Behrouz Biryani,80.50,DEBIT,Take-out
2024-05-31,Mahanagar Gas bill,285.28,DEBIT,Utilities
2024-06-01,BookMyShow tickets,590.77,DEBIT,Entertainment
2024-06-01,Spotify Premium,118.12,DEBIT,Entertainment
2024-06-01,Fresh Fruits & Veg Co.,523.24,DEBIT,Groceries
2024-06-01,DMart Andheri West,173.39,DEBIT,Groceries
2024-06-01,House rent transfer to landlord,24000.00,DEBIT,Rent
2024-06-01,Flipkart order,2018.09,DEBIT,Shopping
2024-06-01,Croma Electronics,2572.88,DEBIT,Shopping
2024-06-01,Uber ride,377.70,DEBIT,Transport
2024-06-01,Ola Cabs,181.98,DEBIT,Transport
2024-06-02,Fresh Fruits & Veg Co.,219.91,DEBIT,Groceries
2024-06-02,Reliance Fresh,544.40,DEBIT,Groceries
2024-06-02,Fresh Fruits & Veg Co.,217.43,DEBIT,Groceries
2024-06-02,BigBasket order,234.54,DEBIT,Groceries
2024-06-02,Behrouz Biryani,582.85,DEBIT,Take-out
2024-06-03,BigBasket order,755.81,DEBIT,Groceries
2024-06-03,DMart Andheri West,134.21,DEBIT,Groceries
2024-06-03,Fresh Fruits & Veg Co.,601.55,DEBIT,Groceries
2024-06-03,Amazon.in order,508.99,DEBIT,Shopping
2024-06-03,Swiggy order,493.63,DEBIT,Take-out
2024-06-03,Starbucks Powai,280.75,DEBIT,Take-out
2024-06-03,Ola Cabs,207.38,DEBIT,Transport
2024-06-03,Uber ride,344.27,DEBIT,Transport
2024-06-04,Fresh Fruits & Veg Co.,379.95,DEBIT,Groceries
2024-06-04,Nature's Basket,536.00,DEBIT,Groceries
2024-06-04,Nature's Basket,668.69,DEBIT,Groceries
2024-06-04,Reliance Fresh,945.34,DEBIT,Groceries
2024-06-04,Flipkart order,1121.54,DEBIT,Shopping
2024-06-04,Dominos Pizza,282.26,DEBIT,Take-out
2024-06-04,Water tax payment,375.60,DEBIT,Utilities
2024-06-04,Mahanagar Gas bill,895.25,DEBIT,Utilities
2024-06-05,DMart Andheri West,633.15,DEBIT,Groceries
2024-06-05,DMart Andheri West,193.03,DEBIT,Groceries
2024-06-05,More Supermarket,584.00,DEBIT,Groceries
2024-06-05,HDFC Home Loan EMI,12500.00,DEBIT,Loan-Payments
2024-06-05,Swiggy order,214.17,DEBIT,Take-out
2024-06-05,CityFlo monthly pass,437.47,DEBIT,Transport
2024-06-05,CityFlo monthly pass,363.16,DEBIT,Transport
2024-06-05,Airtel Fibre broadband,583.15,DEBIT,Utilities
2024-06-05,Jio postpaid bill,485.26,DEBIT,Utilities
2024-06-06,DMart Andheri West,803.40,DEBIT,Groceries
2024-06-06,Croma Electronics,1033.77,DEBIT,Shopping
2024-06-06,IKEA Navi Mumbai,1928.34,DEBIT,Shopping
2024-06-06,Starbucks Powai,245.20,DEBIT,Take-out
2024-06-06,Uber ride,130.83,DEBIT,Transport
2024-06-06,Uber ride,489.03,DEBIT,Transport
2024-06-07,BigBasket order,599.70,DEBIT,Groceries
2024-06-07,Nature's Basket,274.00,DEBIT,Groceries
2024-06-07,BigBasket order,475.61,DEBIT,Groceries
2024-06-07,DMart Andheri West,493.43,DEBIT,Groceries
2024-06-07,Credit Card bill payment,6800.00,DEBIT,Loan-Payments
2024-06-07,Flipkart order,1218.23,DEBIT,Shopping
2024-06-07,IKEA Navi Mumbai,1517.67,DEBIT,Shopping
2024-06-07,Starbucks Powai,174.69,DEBIT,Take-out
2024-06-07,Ola Cabs,259.61,DEBIT,Transport
2024-06-07,Water tax payment,638.22,DEBIT,Utilities
2024-06-08,Netflix subscription,446.24,DEBIT,Entertainment
2024-06-08,Reliance Fresh,774.46,DEBIT,Groceries
2024-06-08,DMart Andheri West,407.78,DEBIT,Groceries
2024-06-08,Flipkart order,1730.63,DEBIT,Shopping
2024-06-08,Myntra order,680.71,DEBIT,Shopping
2024-06-08,Swiggy order,304.07,DEBIT,Take-out
2024-06-08,Behrouz Biryani,198.55,DEBIT,Take-out
2024-06-08,HP Petrol Pump,174.14,DEBIT,Transport
2024-06-09,More Supermarket,721.72,DEBIT,Groceries
2024-06-09,Amazon.in order,1628.23,DEBIT,Shopping
2024-06-09,Dominos Pizza,122.79,DEBIT,Take-out
2024-06-09,MSEB electricity bill,507.82,DEBIT,Utilities
2024-06-09,Mahanagar Gas bill,262.45,DEBIT,Utilities
2024-06-10,Steam games purchase,961.64,DEBIT,Entertainment
2024-06-10,Decathlon Powai,929.44,DEBIT,Shopping
2024-06-10,Croma Electronics,1041.06,DEBIT,Shopping
2024-06-10,IKEA Navi Mumbai,1092.04,DEBIT,Shopping
2024-06-10,Dominos Pizza,182.46,DEBIT,Take-out
2024-06-10,Ola Cabs,271.97,DEBIT,Transport
2024-06-10,Uber ride,190.44,DEBIT,Transport
2024-06-11,Reliance Fresh,150.94,DEBIT,Groceries
2024-06-11,BigBasket order,589.29,DEBIT,Groceries
2024-06-11,Flipkart order,875.03,DEBIT,Shopping
2024-06-11,Flipkart order,1459.20,DEBIT,Shopping
2024-06-11,Myntra order,1132.18,DEBIT,Shopping
2024-06-11,HP Petrol Pump,59.13,DEBIT,Transport
2024-06-11,HP Petrol Pump,161.82,DEBIT,Transport
2024-06-12,Spotify Premium,404.86,DEBIT,Entertainment
2024-06-12,Nature's Basket,560.97,DEBIT,Groceries
2024-06-12,Amazon.in order,516.00,DEBIT,Shopping
2024-06-12,HP Petrol Pump,398.14,DEBIT,Transport
2024-06-12,Ola Cabs,117.06,DEBIT,Transport
2024-06-12,Indian Oil fuel,255.35,DEBIT,Transport
2024-06-12,Mahanagar Gas bill,426.17,DEBIT,Utilities
2024-06-12,MSEB electricity bill,376.70,DEBIT,Utilities
2024-06-13,BookMyShow tickets,410.50,DEBIT,Entertainment
2024-06-13,Nature's Basket,681.30,DEBIT,Groceries
2024-06-13,Flipkart order,227.27,DEBIT,Shopping
2024-06-13,Cafe Coffee Day,433.25,DEBIT,Take-out
2024-06-13,HP Petrol Pump,179.53,DEBIT,Transport
2024-06-14,Nature's Basket,791.35,DEBIT,Groceries
2024-06-14,DMart Andheri West,384.71,DEBIT,Groceries
2024-06-14,More Supermarket,887.29,DEBIT,Groceries
2024-06-14,Starbucks Powai,360.59,DEBIT,Take-out
2024-06-14,Starbucks Powai,511.02,DEBIT,Take-out
2024-06-14,Ola Cabs,163.40,DEBIT,Transport
2024-06-15,Steam games purchase,399.97,DEBIT,Entertainment
2024-06-15,DMart Andheri West,971.52,DEBIT,Groceries
2024-06-15,Dominos Pizza,171.17,DEBIT,Take-out
2024-06-15,HP Petrol Pump,110.04,DEBIT,Transport
2024-06-15,Uber ride,356.75,DEBIT,Transport
2024-06-15,Water tax payment,577.69,DEBIT,Utilities
2024-06-16,PVR Cinemas,673.21,DEBIT,Entertainment
2024-06-16,Nature's Basket,323.25,DEBIT,Groceries
2024-06-16,Amazon.in order,305.57,DEBIT,Shopping
2024-06-16,Amazon.in order,1449.73,DEBIT,Shopping
2024-06-16,Croma Electronics,1344.00,DEBIT,Shopping
2024-06-16,Behrouz Biryani,395.46,DEBIT,Take-out
2024-06-16,Mahanagar Gas bill,600.82,DEBIT,Utilities
2024-06-17,DMart Andheri West,275.67,DEBIT,Groceries
2024-06-17,DMart Andheri West,463.14,DEBIT,Groceries
2024-06-17,DMart Andheri West,296.03,DEBIT,Groceries
2024-06-17,Nature's Basket,643.43,DEBIT,Groceries
2024-06-17,Myntra order,878.84,DEBIT,Shopping
2024-06-17,Croma Electronics,456.50,DEBIT,Shopping
2024-06-17,Cafe Coffee Day,94.11,DEBIT,Take-out
2024-06-17,Jio postpaid bill,332.86,DEBIT,Utilities
2024-06-18,Netflix subscription,444.31,DEBIT,Entertainment
2024-06-18,Reliance Fresh,853.76,DEBIT,Groceries
2024-06-18,Fresh Fruits & Veg Co.,302.02,DEBIT,Groceries
2024-06-18,Behrouz Biryani,176.86,DEBIT,Take-out
2024-06-18,Cafe Coffee Day,392.54,DEBIT,Take-out
2024-06-18,Behrouz Biryani,246.43,DEBIT,Take-out
2024-06-18,Jio postpaid bill,414.86,DEBIT,Utilities
2024-06-19,BigBasket order,466.21,DEBIT,Groceries
2024-06-19,Cafe Coffee Day,465.77,DEBIT,Take-out
2024-06-19,Zomato order,157.71,DEBIT,Take-out
2024-06-19,Behrouz Biryani,259.83,DEBIT,Take-out
2024-06-19,Dominos Pizza,440.81,DEBIT,Take-out
2024-06-19,Starbucks Powai,603.61,DEBIT,Take-out
2024-06-19,Mumbai Metro recharge,390.57,DEBIT,Transport
2024-06-19,Water tax payment,642.65,DEBIT,Utilities
2024-06-20,Fresh Fruits & Veg Co.,1011.12,DEBIT,Groceries
2024-06-20,Reliance Fresh,776.99,DEBIT,Groceries
2024-06-20,Myntra order,2532.27,DEBIT,Shopping
2024-06-20,Cafe Coffee Day,484.09,DEBIT,Take-out
2024-06-20,Cafe Coffee Day,576.34,DEBIT,Take-out
2024-06-20,Jio postpaid bill,590.48,DEBIT,Utilities
2024-06-21,Netflix subscription,582.75,DEBIT,Entertainment
2024-06-21,BigBasket order,333.44,DEBIT,Groceries
2024-06-21,Flipkart order,409.83,DEBIT,Shopping
2024-06-21,Cafe Coffee Day,405.25,DEBIT,Take-out
2024-06-21,Jio postpaid bill,588.24,DEBIT,Utilities
2024-06-21,Airtel Fibre broadband,594.74,DEBIT,Utilities
2024-06-22,BookMyShow tickets,296.11,DEBIT,Entertainment
2024-06-22,BigBasket order,703.83,DEBIT,Groceries
2024-06-22,Nature's Basket,197.31,DEBIT,Groceries
2024-06-22,Fresh Fruits & Veg Co.,608.10,DEBIT,Groceries
2024-06-22,Swiggy order,167.07,DEBIT,Take-out
2024-06-23,PVR Cinemas,228.13,DEBIT,Entertainment
2024-06-23,More Supermarket,481.66,DEBIT,Groceries
2024-06-23,More Supermarket,652.71,DEBIT,Groceries
2024-06-23,More Supermarket,459.76,DEBIT,Groceries
2024-06-23,Decathlon Powai,797.00,DEBIT,Shopping
2024-06-23,Swiggy order,219.40,DEBIT,Take-out
2024-06-23,Uber ride,76.69,DEBIT,Transport
2024-06-24,DMart Andheri West,298.27,DEBIT,Groceries
2024-06-24,Reliance Fresh,391.31,DEBIT,Groceries
2024-06-24,Reliance Fresh,308.60,DEBIT,Groceries
2024-06-24,Behrouz Biryani,422.09,DEBIT,Take-out
2024-06-24,Zomato order,368.07,DEBIT,Take-out
2024-06-24,Zomato order,418.28,DEBIT,Take-out
2024-06-24,Cafe Coffee Day,207.14,DEBIT,Take-out
2024-06-24,Jio postpaid bill,443.98,DEBIT,Utilities
2024-06-25,BookMyShow tickets,641.02,DEBIT,Entertainment
2024-06-25,PVR Cinemas,425.99,DEBIT,Entertainment
2024-06-25,BigBasket order,573.75,DEBIT,Groceries
2024-06-25,Zomato order,168.41,DEBIT,Take-out
2024-06-25,Indian Oil fuel,282.33,DEBIT,Transport
2024-06-26,DMart Andheri West,548.64,DEBIT,Groceries
2024-06-26,DMart Andheri West,840.19,DEBIT,Groceries
2024-06-26,Fresh Fruits & Veg Co.,332.78,DEBIT,Groceries
2024-06-26,Nature's Basket,832.89,DEBIT,Groceries
2024-06-26,Behrouz Biryani,209.21,DEBIT,Take-out
2024-06-26,Indian Oil fuel,131.72,DEBIT,Transport
2024-06-26,HP Petrol Pump,399.92,DEBIT,Transport
2024-06-26,Water tax payment,385.94,DEBIT,Utilities
2024-06-26,Jio postpaid bill,258.44,DEBIT,Utilities
2024-06-27,Reliance Fresh,591.27,DEBIT,Groceries
2024-06-27,Fresh Fruits & Veg Co.,382.40,DEBIT,Groceries
2024-06-27,IKEA Navi Mumbai,1607.07,DEBIT,Shopping
2024-06-27,Cafe Coffee Day,216.83,DEBIT,Take-out
2024-06-27,Dominos Pizza,253.38,DEBIT,Take-out
2024-06-28,BookMyShow tickets,476.93,DEBIT,Entertainment
2024-06-28,BigBasket order,617.80,DEBIT,Groceries
2024-06-28,Reliance Fresh,367.58,DEBIT,Groceries
2024-06-28,Behrouz Biryani,203.61,DEBIT,Take-out
2024-06-28,Cafe Coffee Day,220.49,DEBIT,Take-out
2024-06-28,Ola Cabs,143.56,DEBIT,Transport
2024-06-28,Indian Oil fuel,257.64,DEBIT,Transport
2024-06-29,Behrouz Biryani,119.12,DEBIT,Take-out
2024-06-29,Swiggy order,167.79,DEBIT,Take-out
2024-06-29,HP Petrol Pump,170.06,DEBIT,Transport
2024-06-29,CityFlo monthly pass,47.75,DEBIT,Transport
2024-06-29,Jio postpaid bill,327.76,DEBIT,Utilities
2024-06-29,Water tax payment,585.06,DEBIT,Utilities
2024-06-30,Netflix subscription,578.96,DEBIT,Entertainment
2024-06-30,Netflix subscription,292.49,DEBIT,Entertainment
2024-06-30,Fresh Fruits & Veg Co.,317.38,DEBIT,Groceries
2024-06-30,Salary credited from Cyphersol Technologies,172000.00,CREDIT,Salary
2024-06-30,Behrouz Biryani,152.16,DEBIT,Take-out
2024-06-30,Zomato order,272.55,DEBIT,Take-out
2024-06-30,Starbucks Powai,205.08,DEBIT,Take-out
2024-06-30,Indian Oil fuel,223.09,DEBIT,Transport
2024-06-30,Ola Cabs,79.73,DEBIT,Transport
2024-06-30,Water tax payment,492.93,DEBIT,Utilities
2024-07-01,DMart Andheri West,628.57,DEBIT,Groceries
2024-07-01,House rent transfer to landlord,24000.00,DEBIT,Rent
2024-07-01,Amazon.in order,1402.83,DEBIT,Shopping
2024-07-01,Cafe Coffee Day,352.24,DEBIT,Take-out
2024-07-01,Behrouz Biryani,157.45,DEBIT,Take-out
2024-07-01,Mumbai Metro recharge,293.79,DEBIT,Transport
2024-07-01,Water tax payment,252.91,DEBIT,Utilities
2024-07-02,More Supermarket,251.73,DEBIT,Groceries
2024-07-02,Fresh Fruits & Veg Co.,393.03,DEBIT,Groceries
2024-07-02,Croma Electronics,2667.10,DEBIT,Shopping
2024-07-02,Swiggy order,512.64,DEBIT,Take-out
2024-07-02,MSEB electricity bill,734.73,DEBIT,Utilities
2024-07-03,Nature's Basket,304.35,DEBIT,Groceries
2024-07-03,BigBasket order,277.21,DEBIT,Groceries
2024-07-03,IKEA Navi Mumbai,1996.45,DEBIT,Shopping
2024-07-03,Cafe Coffee Day,313.19,DEBIT,Take-out
2024-07-03,MSEB electricity bill,649.94,DEBIT,Utilities
2024-07-03,MSEB electricity bill,316.73,DEBIT,Utilities
2024-07-04,PVR Cinemas,348.91,DEBIT,Entertainment
2024-07-04,Netflix subscription,593.18,DEBIT,Entertainment
2024-07-04,BigBasket order,432.27,DEBIT,Groceries
2024-07-04,CityFlo monthly pass,134.25,DEBIT,Transport
2024-07-04,Mumbai Metro recharge,189.95,DEBIT,Transport
2024-07-04,Jio postpaid bill,509.09,DEBIT,Utilities
2024-07-05,HDFC Home Loan EMI,12500.00,DEBIT,Loan-Payments
2024-07-05,Amazon.in order,1364.04,DEBIT,Shopping
2024-07-05,IKEA Navi Mumbai,609.92,DEBIT,Shopping
2024-07-05,Behrouz Biryani,444.46,DEBIT,Take-out
2024-07-05,Cafe Coffee Day,492.72,DEBIT,Take-out
2024-07-05,Swiggy order,212.88,DEBIT,Take-out
2024-07-05,CityFlo monthly pass,155.11,DEBIT,Transport
2024-07-05,Ola Cabs,393.96,DEBIT,Transport
2024-07-05,Airtel Fibre broadband,466.34,DEBIT,Utilities
2024-07-05,MSEB electricity bill,659.07,DEBIT,Utilities
2024-07-06,More Supermarket,210.66,DEBIT,Groceries
2024-07-06,Nature's Basket,1006.27,DEBIT,Groceries
2024-07-06,Starbucks Powai,590.25,DEBIT,Take-out
2024-07-06,CityFlo monthly pass,372.21,DEBIT,Transport
2024-07-06,Airtel Fibre broadband,416.47,DEBIT,Utilities
2024-07-06,MSEB electricity bill,684.22,DEBIT,Utilities
2024-07-06,Airtel Fibre broadband,595.14,DEBIT,Utilities
2024-07-07,Nature's Basket,719.68,DEBIT,Groceries
2024-07-07,Nature's Basket,275.66,DEBIT,Groceries
2024-07-07,More Supermarket,766.22,DEBIT,Groceries
2024-07-07,Credit Card bill payment,6800.00,DEBIT,Loan-Payments
2024-07-07,Zomato order,422.22,DEBIT,Take-out
2024-07-07,Zomato order,323.32,DEBIT,Take-out
2024-07-07,Uber ride,261.05,DEBIT,Transport
2024-07-07,Ola Cabs,149.99,DEBIT,Transport
2024-07-08,PVR Cinemas,855.63,DEBIT,Entertainment
2024-07-08,Nature's Basket,533.28,DEBIT,Groceries
2024-07-08,BigBasket order,302.88,DEBIT,Groceries
2024-07-08,Myntra order,2199.95,DEBIT,Shopping
2024-07-08,Cafe Coffee Day,174.68,DEBIT,Take-out
2024-07-08,Dominos Pizza,362.53,DEBIT,Take-out
2024-07-08,Zomato order,221.65,DEBIT,Take-out
2024-07-08,Dominos Pizza,181.75,DEBIT,Take-out
2024-07-08,Mahanagar Gas bill,417.93,DEBIT,Utilities
2024-07-09,PVR Cinemas,493.20,DEBIT,Entertainment
2024-07-09,BigBasket order,470.32,DEBIT,Groceries
2024-07-09,Nature's Basket,560.53,DEBIT,Groceries
2024-07-09,Flipkart order,1117.54,DEBIT,Shopping
2024-07-09,Starbucks Powai,428.81,DEBIT,Take-out
2024-07-09,HP Petrol Pump,232.84,DEBIT,Transport
2024-07-09,Indian Oil fuel,56.28,DEBIT,Transport
2024-07-09,Jio postpaid bill,320.45,DEBIT,Utilities
2024-07-10,PVR Cinemas,675.32,DEBIT,Entertainment
2024-07-10,BookMyShow tickets,200.71,DEBIT,Entertainment
2024-07-10,BigBasket order,705.34,DEBIT,Groceries
2024-07-10,Flipkart order,2650.30,DEBIT,Shopping
2024-07-10,Myntra order,1091.14,DEBIT,Shopping
2024-07-10,Behrouz Biryani,287.47,DEBIT,Take-out
2024-07-10,Dominos Pizza,284.48,DEBIT,Take-out
2024-07-10,Dominos Pizza,450.04,DEBIT,Take-out
2024-07-10,Jio postpaid bill,633.59,DEBIT,Utilities
2024-07-11,Decathlon Powai,817.84,DEBIT,Shopping
2024-07-11,Swiggy order,211.87,DEBIT,Take-out
2024-07-11,Zomato order,141.41,DEBIT,Take-out
2024-07-11,Ola Cabs,127.45,DEBIT,Transport
2024-07-11,Jio postpaid bill,972.77,DEBIT,Utilities
2024-07-12,More Supermarket,452.12,DEBIT,Groceries
2024-07-12,IKEA Navi Mumbai,638.84,DEBIT,Shopping
2024-07-12,IKEA Navi Mumbai,1448.89,DEBIT,Shopping
2024-07-12,Starbucks Powai,508.14,DEBIT,Take-out
2024-07-12,Ola Cabs,264.15,DEBIT,Transport
2024-07-12,MSEB electricity bill,445.11,DEBIT,Utilities
2024-07-13,Spotify Premium,783.69,DEBIT,Entertainment
2024-07-13,Steam games purchase,464.57,DEBIT,Entertainment
2024-07-13,More Supermarket,570.40,DEBIT,Groceries
2024-07-13,Cafe Coffee Day,544.29,DEBIT,Take-out
2024-07-13,Behrouz Biryani,384.22,DEBIT,Take-out
2024-07-13,Behrouz Biryani,327.04,DEBIT,Take-out
2024-07-13,Indian Oil fuel,320.86,DEBIT,Transport
2024-07-13,Airtel Fibre broadband,784.27,DEBIT,Utilities
2024-07-13,MSEB electricity bill,511.83,DEBIT,Utilities
2024-07-14,BigBasket order,283.29,DEBIT,Groceries
2024-07-14,DMart Andheri West,456.07,DEBIT,Groceries
2024-07-14,DMart Andheri West,813.91,DEBIT,Groceries
2024-07-14,Starbucks Powai,490.00,DEBIT,Take-out
2024-07-14,Dominos Pizza,519.70,DEBIT,Take-out
2024-07-14,CityFlo monthly pass,416.10,DEBIT,Transport
2024-07-14,CityFlo monthly pass,202.32,DEBIT,Transport
2024-07-14,Airtel Fibre broadband,437.38,DEBIT,Utilities
2024-07-14,Mahanagar Gas bill,291.03,DEBIT,Utilities
2024-07-15,Spotify Premium,489.52,DEBIT,Entertainment
2024-07-15,Steam games purchase,244.01,DEBIT,Entertainment
2024-07-15,Reliance Fresh,594.52,DEBIT,Groceries
2024-07-15,Reliance Fresh,481.43,DEBIT,Groceries
2024-07-15,Flipkart order,615.19,DEBIT,Shopping
2024-07-15,Amazon.in order,2154.61,DEBIT,Shopping
2024-07-15,Behrouz Biryani,247.92,DEBIT,Take-out
2024-07-16,BigBasket order,689.43,DEBIT,Groceries
2024-07-16,More Supermarket,288.78,DEBIT,Groceries
2024-07-16,More Supermarket,554.72,DEBIT,Groceries
2024-07-16,Starbucks Powai,190.89,DEBIT,Take-out
2024-07-16,Behrouz Biryani,422.08,DEBIT,Take-out
2024-07-17,BookMyShow tickets,458.86,DEBIT,Entertainment
2024-07-17,Nature's Basket,364.15,DEBIT,Groceries
2024-07-17,Reliance Fresh,611.41,DEBIT,Groceries
2024-07-17,Flipkart order,1036.96,DEBIT,Shopping
2024-07-17,CityFlo monthly pass,210.00,DEBIT,Transport
2024-07-17,Indian Oil fuel,311.91,DEBIT,Transport
2024-07-17,HP Petrol Pump,312.94,DEBIT,Transport
2024-07-17,Jio postpaid bill,269.11,DEBIT,Utilities
2024-07-18,Fresh Fruits & Veg Co.,385.42,DEBIT,Groceries
2024-07-18,More Supermarket,814.57,DEBIT,Groceries
2024-07-18,More Supermarket,442.63,DEBIT,Groceries
2024-07-18,Croma Electronics,2734.08,DEBIT,Shopping
2024-07-18,Amazon.in order,459.16,DEBIT,Shopping
2024-07-18,Swiggy order,216.56,DEBIT,Take-out
2024-07-18,Ola Cabs,210.49,DEBIT,Transport
2024-07-19,BookMyShow tickets,474.67,DEBIT,Entertainment
2024-07-19,DMart Andheri West,824.65,DEBIT,Groceries
2024-07-19,Zomato order,433.65,DEBIT,Take-out
2024-07-19,CityFlo monthly pass,252.93,DEBIT,Transport
2024-07-19,Mumbai Metro recharge,182.16,DEBIT,Transport
2024-07-19,Water tax payment,474.39,DEBIT,Utilities
2024-07-19,Water tax payment,330.58,DEBIT,Utilities
2024-07-19,Mahanagar Gas bill,198.42,DEBIT,Utilities
2024-07-20,BigBasket order,399.77,DEBIT,Groceries
2024-07-20,Fresh Fruits & Veg Co.,234.45,DEBIT,Groceries
2024-07-20,Zomato order,89.83,DEBIT,Take-out
2024-07-20,Zomato order,382.96,DEBIT,Take-out
2024-07-20,Behrouz Biryani,521.60,DEBIT,Take-out
2024-07-20,Jio postpaid bill,857.96,DEBIT,Utilities
2024-07-20,Jio postpaid bill,410.46,DEBIT,Utilities
2024-07-21,Amazon.in order,1346.01,DEBIT,Shopping
2024-07-21,Flipkart order,577.87,DEBIT,Shopping
2024-07-21,Ola Cabs,198.21,DEBIT,Transport
2024-07-21,Mumbai Metro recharge,329.31,DEBIT,Transport
2024-07-21,CityFlo monthly pass,193.52,DEBIT,Transport
2024-07-21,MSEB electricity bill,284.87,DEBIT,Utilities
2024-07-22,Nature's Basket,867.34,DEBIT,Groceries
2024-07-22,Fresh Fruits & Veg Co.,696.46,DEBIT,Groceries
2024-07-22,Amazon.in order,2529.71,DEBIT,Shopping
2024-07-22,Behrouz Biryani,389.05,DEBIT,Take-out
2024-07-22,Cafe Coffee Day,149.27,DEBIT,Take-out
2024-07-22,Ola Cabs,178.44,DEBIT,Transport
2024-07-22,Uber ride,191.88,DEBIT,Transport
2024-07-22,Ola Cabs,310.08,DEBIT,Transport
2024-07-23,BookMyShow tickets,576.62,DEBIT,Entertainment
2024-07-23,DMart Andheri West,414.19,DEBIT,Groceries
2024-07-23,More Supermarket,483.65,DEBIT,Groceries
2024-07-23,More Supermarket,732.40,DEBIT,Groceries
2024-07-23,Myntra order,619.36,DEBIT,Shopping
2024-07-23,CityFlo monthly pass,256.55,DEBIT,Transport
2024-07-23,Mumbai Metro recharge,254.32,DEBIT,Transport
2024-07-23,Water tax payment,264.98,DEBIT,Utilities
2024-07-24,Steam games purchase,223.44,DEBIT,Entertainment
2024-07-24,Fresh Fruits & Veg Co.,468.53,DEBIT,Groceries
2024-07-24,Swiggy order,174.98,DEBIT,Take-out
2024-07-24,Mahanagar Gas bill,799.98,DEBIT,Utilities
2024-07-24,Water tax payment,389.50,DEBIT,Utilities
2024-07-25,Nature's Basket,690.62,DEBIT,Groceries
2024-07-25,More Supermarket,422.51,DEBIT,Groceries
2024-07-25,Flipkart order,832.77,DEBIT,Shopping
2024-07-25,Dominos Pizza,138.82,DEBIT,Take-out
2024-07-25,Swiggy order,148.47,DEBIT,Take-out
2024-07-25,Uber ride,124.10,DEBIT,Transport
2024-07-26,Steam games purchase,204.21,DEBIT,Entertainment
2024-07-26,DMart Andheri West,657.65,DEBIT,Groceries
2024-07-26,Reliance Fresh,388.53,DEBIT,Groceries
2024-07-26,IKEA Navi Mumbai,1675.95,DEBIT,Shopping
2024-07-26,Mahanagar Gas bill,747.95,DEBIT,Utilities
2024-07-27,DMart Andheri West,311.57,DEBIT,Groceries
2024-07-27,DMart Andheri West,395.13,DEBIT,Groceries
2024-07-27,Fresh Fruits & Veg Co.,940.23,DEBIT,Groceries
2024-07-27,Croma Electronics,1066.55,DEBIT,Shopping
2024-07-27,HP Petrol Pump,133.83,DEBIT,Transport
2024-07-27,Ola Cabs,303.71,DEBIT,Transport
2024-07-28,Reliance Fresh,240.43,DEBIT,Groceries
2024-07-28,Myntra order,751.19,DEBIT,Shopping
2024-07-28,Behrouz Biryani,346.84,DEBIT,Take-out
2024-07-28,Mumbai Metro recharge,168.97,DEBIT,Transport
2024-07-28,Mumbai Metro recharge,453.15,DEBIT,Transport
2024-07-28,HP Petrol Pump,234.49,DEBIT,Transport
2024-07-28,Mumbai Metro recharge,211.03,DEBIT,Transport
2024-07-28,Airtel Fibre broadband,302.18,DEBIT,Utilities
2024-07-29,Steam games purchase,306.27,DEBIT,Entertainment
2024-07-29,BigBasket order,579.89,DEBIT,Groceries
2024-07-29,Nature's Basket,628.26,DEBIT,Groceries
2024-07-29,DMart Andheri West,398.46,DEBIT,Groceries
2024-07-29,Fresh Fruits & Veg Co.,795.86,DEBIT,Groceries
2024-07-29,Zomato order,516.45,DEBIT,Take-out
2024-07-29,Behrouz Biryani,347.89,DEBIT,Take-out
2024-07-29,Ola Cabs,331.79,DEBIT,Transport
2024-07-29,HP Petrol Pump,167.93,DEBIT,Transport
2024-07-30,More Supermarket,400.01,DEBIT,Groceries
2024-07-30,DMart Andheri West,632.68,DEBIT,Groceries
2024-07-30,Swiggy order,331.33,DEBIT,Take-out
2024-07-30,Starbucks Powai,345.13,DEBIT,Take-out
2024-07-30,Behrouz Biryani,240.76,DEBIT,Take-out
2024-07-30,Mahanagar Gas bill,635.27,DEBIT,Utilities
2024-07-31,Netflix subscription,398.50,DEBIT,Entertainment
2024-07-31,BigBasket order,519.99,DEBIT,Groceries
2024-07-31,BigBasket order,308.20,DEBIT,Groceries
2024-07-31,Salary credited from Cyphersol Technologies,172000.00,CREDIT,Salary
2024-07-31,Flipkart order,533.32,DEBIT,Shopping
2024-07-31,Ola Cabs,180.14,DEBIT,Transport
2024-07-31,MSEB electricity bill,931.07,DEBIT,Utilities
2024-07-31,MSEB electricity bill,318.87,DEBIT,Utilities
2024-08-01,Netflix subscription,588.75,DEBIT,Entertainment
2024-08-01,Fresh Fruits & Veg Co.,570.24,DEBIT,Groceries
2024-08-01,Fresh Fruits & Veg Co.,434.31,DEBIT,Groceries
2024-08-01,Fresh Fruits & Veg Co.,325.42,DEBIT,Groceries
2024-08-01,Nature's Basket,666.02,DEBIT,Groceries
2024-08-01,House rent transfer to landlord,24000.00,DEBIT,Rent
2024-08-01,Croma Electronics,962.12,DEBIT,Shopping
2024-08-01,Croma Electronics,880.08,DEBIT,Shopping
2024-08-01,Decathlon Powai,1064.24,DEBIT,Shopping
2024-08-02,Fresh Fruits & Veg Co.,352.51,DEBIT,Groceries
2024-08-02,Fresh Fruits & Veg Co.,364.50,DEBIT,Groceries
2024-08-02,IKEA Navi Mumbai,1815.48,DEBIT,Shopping
2024-08-02,Dominos Pizza,268.35,DEBIT,Take-out
2024-08-02,Water tax payment,428.62,DEBIT,Utilities
2024-08-03,Nature's Basket,802.01,DEBIT,Groceries
2024-08-03,BigBasket order,521.93,DEBIT,Groceries
2024-08-03,Reliance Fresh,378.81,DEBIT,Groceries
2024-08-03,Dominos Pizza,94.48,DEBIT,Take-out
2024-08-03,Cafe Coffee Day,263.19,DEBIT,Take-out
2024-08-03,Mumbai Metro recharge,171.11,DEBIT,Transport
2024-08-03,Mumbai Metro recharge,305.13,DEBIT,Transport
2024-08-03,Airtel Fibre broadband,623.26,DEBIT,Utilities
2024-08-03,Water tax payment,567.16,DEBIT,Utilities
2024-08-04,Steam games purchase,548.29,DEBIT,Entertainment
2024-08-04,BigBasket order,406.51,DEBIT,Groceries
2024-08-04,Fresh Fruits & Veg Co.,620.15,DEBIT,Groceries
2024-08-04,Cafe Coffee Day,166.53,DEBIT,Take-out
2024-08-04,Zomato order,322.04,DEBIT,Take-out
2024-08-04,Swiggy order,291.82,DEBIT,Take-out
2024-08-04,Indian Oil fuel,219.33,DEBIT,Transport
2024-08-04,Mumbai Metro recharge,74.66,DEBIT,Transport
2024-08-04,Airtel Fibre broadband,871.38,DEBIT,Utilities
2024-08-05,DMart Andheri West,640.00,DEBIT,Groceries
2024-08-05,DMart Andheri West,740.33,DEBIT,Groceries
2024-08-05,BigBasket order,746.07,DEBIT,Groceries
2024-08-05,HDFC Home Loan EMI,12500.00,DEBIT,Loan-Payments
2024-08-05,Swiggy order,341.72,DEBIT,Take-out
2024-08-05,Starbucks Powai,297.01,DEBIT,Take-out
2024-08-05,Starbucks Powai,221.15,DEBIT,Take-out
2024-08-05,Uber ride,433.93,DEBIT,Transport
2024-08-05,MSEB electricity bill,656.59,DEBIT,Utilities
2024-08-05,Mahanagar Gas bill,378.27,DEBIT,Utilities
2024-08-06,More Supermarket,393.15,DEBIT,Groceries
2024-08-06,BigBasket order,725.94,DEBIT,Groceries
2024-08-06,Myntra order,574.55,DEBIT,Shopping
2024-08-06,Cafe Coffee Day,342.27,DEBIT,Take-out
2024-08-06,Ola Cabs,91.09,DEBIT,Transport
2024-08-07,Spotify Premium,72.21,DEBIT,Entertainment
2024-08-07,DMart Andheri West,956.70,DEBIT,Groceries
2024-08-07,BigBasket order,718.98,DEBIT,Groceries
2024-08-07,Credit Card bill payment,6800.00,DEBIT,Loan-Payments
2024-08-07,Myntra order,762.67,DEBIT,Shopping
2024-08-07,Cafe Coffee Day,185.44,DEBIT,Take-out
2024-08-07,Dominos Pizza,374.89,DEBIT,Take-out
2024-08-07,Mumbai Metro recharge,160.60,DEBIT,Transport
2024-08-07,MSEB electricity bill,493.03,DEBIT,Utilities
2024-08-07,Water tax payment,490.17,DEBIT,Utilities
2024-08-08,BigBasket order,458.01,DEBIT,Groceries
2024-08-08,More Supermarket,887.96,DEBIT,Groceries
2024-08-08,Refund from Amazon.in,2587.00,CREDIT,Refund
2024-08-08,CityFlo monthly pass,171.51,DEBIT,Transport
2024-08-08,Indian Oil fuel,132.01,DEBIT,Transport
2024-08-08,Mumbai Metro recharge,342.59,DEBIT,Transport
2024-08-08,Water tax payment,810.51,DEBIT,Utilities
2024-08-08,Airtel Fibre broadband,410.29,DEBIT,Utilities
2024-08-09,PVR Cinemas,179.37,DEBIT,Entertainment
2024-08-09,Fresh Fruits & Veg Co.,168.30,DEBIT,Groceries
2024-08-09,Reliance Fresh,1004.00,DEBIT,Groceries
2024-08-09,More Supermarket,532.36,DEBIT,Groceries
2024-08-09,Decathlon Powai,1139.92,DEBIT,Shopping
2024-08-09,Behrouz Biryani,180.35,DEBIT,Take-out
2024-08-09,Water tax payment,457.20,DEBIT,Utilities
2024-08-10,BookMyShow tickets,214.09,DEBIT,Entertainment
2024-08-10,DMart Andheri West,711.95,DEBIT,Groceries
2024-08-10,IKEA Navi Mumbai,863.25,DEBIT,Shopping
2024-08-10,IKEA Navi Mumbai,639.30,DEBIT,Shopping
2024-08-10,Zomato order,326.65,DEBIT,Take-out
2024-08-10,Ola Cabs,93.55,DEBIT,Transport
2024-08-10,HP Petrol Pump,310.53,DEBIT,Transport
2024-08-10,Jio postpaid bill,865.94,DEBIT,Utilities
2024-08-11,Fresh Fruits & Veg Co.,524.99,DEBIT,Groceries
2024-08-11,Dominos Pizza,561.27,DEBIT,Take-out
2024-08-11,Uber ride,274.93,DEBIT,Transport
2024-08-11,HP Petrol Pump,492.70,DEBIT,Transport
2024-08-11,Mahanagar Gas bill,614.38,DEBIT,Utilities
2024-08-12,Fresh Fruits & Veg Co.,599.03,DEBIT,Groceries
2024-08-12,Reliance Fresh,810.53,DEBIT,Groceries
2024-08-12,Cafe Coffee Day,288.74,DEBIT,Take-out
2024-08-12,Starbucks Powai,160.89,DEBIT,Take-out
2024-08-12,Uber ride,307.92,DEBIT,Transport
2024-08-12,Airtel Fibre broadband,415.05,DEBIT,Utilities
2024-08-13,BigBasket order,517.13,DEBIT,Groceries
2024-08-13,Nature's Basket,363.73,DEBIT,Groceries
2024-08-13,Nature's Basket,839.23,DEBIT,Groceries
2024-08-13,Croma Electronics,1226.33,DEBIT,Shopping
2024-08-13,HP Petrol Pump,438.63,DEBIT,Transport
2024-08-14,BookMyShow tickets,216.60,DEBIT,Entertainment
2024-08-14,IKEA Navi Mumbai,541.83,DEBIT,Shopping
2024-08-14,IKEA Navi Mumbai,2006.52,DEBIT,Shopping
2024-08-14,Cafe Coffee Day,211.88,DEBIT,Take-out
2024-08-14,Zomato order,130.67,DEBIT,Take-out
2024-08-14,CityFlo monthly pass,128.42,DEBIT,Transport
2024-08-15,Nature's Basket,417.94,DEBIT,Groceries
2024-08-15,Nature's Basket,819.34,DEBIT,Groceries
2024-08-15,Dominos Pizza,355.24,DEBIT,Take-out
2024-08-15,Dominos Pizza,478.88,DEBIT,Take-out
2024-08-15,Jio postpaid bill,753.64,DEBIT,Utilities
2024-08-16,Reliance Fresh,581.19,DEBIT,Groceries
2024-08-16,Cafe Coffee Day,404.38,DEBIT,Take-out
2024-08-16,Zomato order,568.42,DEBIT,Take-out
2024-08-16,Ola Cabs,337.20,DEBIT,Transport
2024-08-16,CityFlo monthly pass,374.60,DEBIT,Transport
2024-08-16,Mahanagar Gas bill,487.60,DEBIT,Utilities
2024-08-17,PVR Cinemas,291.01,DEBIT,Entertainment
2024-08-17,Netflix subscription,159.45,DEBIT,Entertainment
2024-08-17,Reliance Fresh,349.99,DEBIT,Groceries
2024-08-17,Reliance Fresh,482.14,DEBIT,Groceries
2024-08-17,Dominos Pizza,229.90,DEBIT,Take-out
2024-08-17,Cafe Coffee Day,90.30,DEBIT,Take-out
2024-08-17,Zomato order,600.01,DEBIT,Take-out
2024-08-17,Indian Oil fuel,272.75,DEBIT,Transport
2024-08-18,IKEA Navi Mumbai,678.77,DEBIT,Shopping
2024-08-18,Mumbai Metro recharge,193.02,DEBIT,Transport
2024-08-18,CityFlo monthly pass,150.63,DEBIT,Transport
2024-08-18,Water tax payment,420.02,DEBIT,Utilities
2024-08-18,MSEB electricity bill,526.82,DEBIT,Utilities
2024-08-19,BigBasket order,736.77,DEBIT,Groceries
2024-08-19,IKEA Navi Mumbai,1182.08,DEBIT,Shopping
2024-08-19,Myntra order,857.69,DEBIT,Shopping
2024-08-19,Behrouz Biryani,419.37,DEBIT,Take-out
2024-08-19,Jio postpaid bill,375.22,DEBIT,Utilities
2024-08-20,BookMyShow tickets,289.21,DEBIT,Entertainment
2024-08-20,Spotify Premium,950.98,DEBIT,Entertainment
2024-08-20,Fresh Fruits & Veg Co.,434.01,DEBIT,Groceries
2024-08-20,Nature's Basket,662.01,DEBIT,Groceries
2024-08-20,Reliance Fresh,473.82,DEBIT,Groceries
2024-08-20,Flipkart order,1188.21,DEBIT,Shopping
2024-08-20,Zomato order,226.75,DEBIT,Take-out
2024-08-20,Behrouz Biryani,248.44,DEBIT,Take-out
2024-08-20,CityFlo monthly pass,110.31,DEBIT,Transport
2024-08-21,PVR Cinemas,459.75,DEBIT,Entertainment
2024-08-21,More Supermarket,538.41,DEBIT,Groceries
2024-08-21,Fresh Fruits & Veg Co.,331.46,DEBIT,Groceries
2024-08-21,Reliance Fresh,367.31,DEBIT,Groceries
2024-08-21,Indian Oil fuel,233.14,DEBIT,Transport
2024-08-21,Airtel Fibre broadband,377.52,DEBIT,Utilities
2024-08-22,Netflix subscription,252.85,DEBIT,Entertainment
2024-08-22,DMart Andheri West,218.92,DEBIT,Groceries
2024-08-22,Myntra order,1507.32,DEBIT,Shopping
2024-08-22,Mumbai Metro recharge,240.99,DEBIT,Transport
2024-08-22,HP Petrol Pump,176.40,DEBIT,Transport
2024-08-22,Airtel Fibre broadband,841.62,DEBIT,Utilities
2024-08-23,Spotify Premium,259.14,DEBIT,Entertainment
2024-08-23,DMart Andheri West,285.66,DEBIT,Groceries
2024-08-23,More Supermarket,763.57,DEBIT,Groceries
2024-08-23,CityFlo monthly pass,90.57,DEBIT,Transport
2024-08-23,Indian Oil fuel,324.84,DEBIT,Transport
2024-08-24,PVR Cinemas,280.44,DEBIT,Entertainment
2024-08-24,BigBasket order,467.38,DEBIT,Groceries
2024-08-24,BigBasket order,429.93,DEBIT,Groceries
2024-08-24,More Supermarket,580.67,DEBIT,Groceries
2024-08-24,Flipkart order,1251.71,DEBIT,Shopping
2024-08-24,Decathlon Powai,2230.32,DEBIT,Shopping
2024-08-24,Indian Oil fuel,423.86,DEBIT,Transport
2024-08-24,Mumbai Metro recharge,381.15,DEBIT,Transport
2024-08-24,CityFlo monthly pass,112.76,DEBIT,Transport
2024-08-25,Spotify Premium,520.09,DEBIT,Entertainment
2024-08-25,Nature's Basket,487.88,DEBIT,Groceries
2024-08-25,Dominos Pizza,181.97,DEBIT,Take-out
2024-08-25,Ola Cabs,506.10,DEBIT,Transport
2024-08-25,Ola Cabs,128.93,DEBIT,Transport
2024-08-25,Uber ride,209.39,DEBIT,Transport
2024-08-26,Steam games purchase,263.84,DEBIT,Entertainment
2024-08-26,Reliance Fresh,516.13,DEBIT,Groceries
2024-08-26,Croma Electronics,1046.18,DEBIT,Shopping
2024-08-26,Swiggy order,232.78,DEBIT,Take-out
2024-08-26,Cafe Coffee Day,335.29,DEBIT,Take-out
2024-08-26,Airtel Fibre broadband,708.11,DEBIT,Utilities
2024-08-27,BookMyShow tickets,518.72,DEBIT,Entertainment
2024-08-27,Flipkart order,1717.72,DEBIT,Shopping
2024-08-27,Flipkart order,1726.60,DEBIT,Shopping
2024-08-27,Myntra order,1499.87,DEBIT,Shopping
2024-08-27,Zomato order,450.27,DEBIT,Take-out
2024-08-27,Behrouz Biryani,321.76,DEBIT,Take-out
2024-08-27,HP Petrol Pump,275.21,DEBIT,Transport
2024-08-28,More Supermarket,156.18,DEBIT,Groceries
2024-08-28,Croma Electronics,1213.86,DEBIT,Shopping
2024-08-28,Behrouz Biryani,259.55,DEBIT,Take-out
2024-08-28,Starbucks Powai,370.33,DEBIT,Take-out
2024-08-28,Ola Cabs,217.67,DEBIT,Transport
2024-08-28,HP Petrol Pump,168.23,DEBIT,Transport
2024-08-28,Uber ride,85.67,DEBIT,Transport
2024-08-28,Mahanagar Gas bill,411.26,DEBIT,Utilities
2024-08-29,BigBasket order,204.41,DEBIT,Groceries
2024-08-29,Nature's Basket,339.04,DEBIT,Groceries
2024-08-29,Nature's Basket,411.64,DEBIT,Groceries
2024-08-29,Nature's Basket,835.20,DEBIT,Groceries
2024-08-29,Behrouz Biryani,550.77,DEBIT,Take-out
2024-08-29,Ola Cabs,106.03,DEBIT,Transport
2024-08-29,Uber ride,433.57,DEBIT,Transport
2024-08-29,Jio postpaid bill,557.25,DEBIT,Utilities
2024-08-29,Jio postpaid bill,646.03,DEBIT,Utilities
2024-08-30,Netflix subscription,260.87,DEBIT,Entertainment
2024-08-30,PVR Cinemas,712.23,DEBIT,Entertainment
2024-08-30,PVR Cinemas,161.41,DEBIT,Entertainment
2024-08-30,BookMyShow tickets,566.71,DEBIT,Entertainment
2024-08-30,Reliance Fresh,881.99,DEBIT,Groceries
2024-08-30,Flipkart order,664.97,DEBIT,Shopping
2024-08-30,Starbucks Powai,106.09,DEBIT,Take-out
2024-08-30,HP Petrol Pump,155.79,DEBIT,Transport
2024-08-30,CityFlo monthly pass,311.47,DEBIT,Transport
2024-08-31,PVR Cinemas,234.95,DEBIT,Entertainment
2024-08-31,Fresh Fruits & Veg Co.,950.50,DEBIT,Groceries
2024-08-31,DMart Andheri West,596.76,DEBIT,Groceries
2024-08-31,Salary credited from Cyphersol Technologies,172000.00,CREDIT,Salary
2024-08-31,Cafe Coffee Day,369.10,DEBIT,Take-out
2024-08-31,Swiggy order,612.31,DEBIT,Take-out
2024-08-31,Zomato order,346.69,DEBIT,Take-out
2024-08-31,MSEB electricity bill,762.69,DEBIT,Utilities
2024-08-31,Water tax payment,542.63,DEBIT,Utilities
2024-09-01,Spotify Premium,683.20,DEBIT,Entertainment
2024-09-01,Netflix subscription,158.17,DEBIT,Entertainment
2024-09-01,House rent transfer to landlord,24000.00,DEBIT,Rent
2024-09-01,Myntra order,948.75,DEBIT,Shopping
2024-09-01,IKEA Navi Mumbai,1068.54,DEBIT,Shopping
2024-09-01,Decathlon Powai,1023.36,DEBIT,Shopping
2024-09-01,CityFlo monthly pass,515.85,DEBIT,Transport
2024-09-02,Steam games purchase,203.42,DEBIT,Entertainment
2024-09-02,BookMyShow tickets,423.83,DEBIT,Entertainment
2024-09-02,BigBasket order,314.20,DEBIT,Groceries
2024-09-02,Amazon.in order,657.93,DEBIT,Shopping
2024-09-02,Behrouz Biryani,271.09,DEBIT,Take-out
2024-09-02,Indian Oil fuel,429.76,DEBIT,Transport
2024-09-02,Mumbai Metro recharge,264.57,DEBIT,Transport
2024-09-02,Jio postpaid bill,530.47,DEBIT,Utilities
2024-09-02,Mahanagar Gas bill,277.89,DEBIT,Utilities
2024-09-03,PVR Cinemas,409.38,DEBIT,Entertainment
2024-09-03,BigBasket order,531.43,DEBIT,Groceries
2024-09-03,Myntra order,800.47,DEBIT,Shopping
2024-09-03,Zomato order,365.54,DEBIT,Take-out
2024-09-03,Cafe Coffee Day,322.13,DEBIT,Take-out
2024-09-04,Fresh Fruits & Veg Co.,497.49,DEBIT,Groceries
2024-09-04,Flipkart order,1212.51,DEBIT,Shopping
2024-09-04,Decathlon Powai,1265.93,DEBIT,Shopping
2024-09-04,Swiggy order,193.07,DEBIT,Take-out
2024-09-04,Starbucks Powai,316.87,DEBIT,Take-out
2024-09-04,MSEB electricity bill,801.55,DEBIT,Utilities
2024-09-05,Steam games purchase,868.31,DEBIT,Entertainment
2024-09-05,More Supermarket,186.44,DEBIT,Groceries
2024-09-05,Reliance Fresh,845.69,DEBIT,Groceries
2024-09-05,HDFC Home Loan EMI,12500.00,DEBIT,Loan-Payments
2024-09-05,Indian Oil fuel,359.05,DEBIT,Transport
2024-09-05,Airtel Fibre broadband,298.62,DEBIT,Utilities
2024-09-06,Fresh Fruits & Veg Co.,1084.06,DEBIT,Groceries
2024-09-06,Decathlon Powai,1030.27,DEBIT,Shopping
2024-09-06,Zomato order,156.29,DEBIT,Take-out
2024-09-06,Starbucks Powai,148.44,DEBIT,Take-out
2024-09-06,Starbucks Powai,375.47,DEBIT,Take-out
2024-09-06,HP Petrol Pump,153.86,DEBIT,Transport
2024-09-06,Airtel Fibre broadband,680.76,DEBIT,Utilities
2024-09-06,Airtel Fibre broadband,721.05,DEBIT,Utilities
2024-09-07,Reliance Fresh,608.68,DEBIT,Groceries
2024-09-07,BigBasket order,702.10,DEBIT,Groceries
2024-09-07,Credit Card bill payment,6800.00,DEBIT,Loan-Payments
2024-09-07,Myntra order,2426.36,DEBIT,Shopping
2024-09-07,Cafe Coffee Day,189.15,DEBIT,Take-out
2024-09-07,Starbucks Powai,243.81,DEBIT,Take-out
2024-09-07,Uber ride,245.32,DEBIT,Transport
2024-09-07,CityFlo monthly pass,421.76,DEBIT,Transport
2024-09-07,Airtel Fibre broadband,198.51,DEBIT,Utilities
2024-09-08,More Supermarket,537.21,DEBIT,Groceries
2024-09-08,DMart Andheri West,682.82,DEBIT,Groceries
2024-09-08,Reliance Fresh,227.40,DEBIT,Groceries
2024-09-08,Cafe Coffee Day,315.65,DEBIT,Take-out
2024-09-08,Dominos Pizza,280.80,DEBIT,Take-out
2024-09-09,IKEA Navi Mumbai,1376.42,DEBIT,Shopping
2024-09-09,Decathlon Powai,956.58,DEBIT,Shopping
2024-09-09,Dominos Pizza,511.63,DEBIT,Take-out
2024-09-09,Starbucks Powai,455.28,DEBIT,Take-out
2024-09-09,Ola Cabs,173.40,DEBIT,Transport
2024-09-09,Mahanagar Gas bill,748.63,DEBIT,Utilities
2024-09-10,Nature's Basket,317.04,DEBIT,Groceries
2024-09-10,BigBasket order,338.62,DEBIT,Groceries
2024-09-10,Flipkart order,444.77,DEBIT,Shopping
2024-09-10,Zomato order,178.80,DEBIT,Take-out
2024-09-10,Mahanagar Gas bill,372.28,DEBIT,Utilities
2024-09-11,Reliance Fresh,216.67,DEBIT,Groceries
2024-09-11,Fresh Fruits & Veg Co.,708.84,DEBIT,Groceries
2024-09-11,Reliance Fresh,882.78,DEBIT,Groceries
2024-09-11,Starbucks Powai,313.32,DEBIT,Take-out
2024-09-11,Swiggy order,327.16,DEBIT,Take-out
2024-09-11,Mumbai Metro recharge,253.81,DEBIT,Transport
2024-09-12,DMart Andheri West,488.16,DEBIT,Groceries
2024-09-12,Nature's Basket,350.79,DEBIT,Groceries
2024-09-12,Flipkart order,2140.40,DEBIT,Shopping
2024-09-12,Cafe Coffee Day,112.69,DEBIT,Take-out
2024-09-12,Uber ride,249.71,DEBIT,Transport
2024-09-13,Steam games purchase,403.12,DEBIT,Entertainment
2024-09-13,DMart Andheri West,658.13,DEBIT,Groceries
2024-09-13,Reliance Fresh,871.24,DEBIT,Groceries
2024-09-13,Reliance Fresh,593.14,DEBIT,Groceries
2024-09-13,Croma Electronics,703.75,DEBIT,Shopping
2024-09-13,Zomato order,343.11,DEBIT,Take-out
2024-09-13,Swiggy order,78.27,DEBIT,Take-out
2024-09-13,CityFlo monthly pass,269.59,DEBIT,Transport
2024-09-13,MSEB electricity bill,513.69,DEBIT,Utilities
2024-09-14,Reliance Fresh,394.65,DEBIT,Groceries
2024-09-14,Reliance Fresh,529.53,DEBIT,Groceries
2024-09-14,More Supermarket,547.43,DEBIT,Groceries
2024-09-14,Myntra order,715.50,DEBIT,Shopping
2024-09-14,Mahanagar Gas bill,973.12,DEBIT,Utilities
2024-09-14,Jio postpaid bill,794.45,DEBIT,Utilities
2024-09-15,DMart Andheri West,629.03,DEBIT,Groceries
2024-09-15,BigBasket order,984.86,DEBIT,Groceries
2024-09-15,Flipkart order,1242.78,DEBIT,Shopping
2024-09-15,Dominos Pizza,202.65,DEBIT,Take-out
2024-09-15,Cafe Coffee Day,153.28,DEBIT,Take-out
2024-09-15,Ola Cabs,307.41,DEBIT,Transport
2024-09-15,Ola Cabs,110.92,DEBIT,Transport
2024-09-15,Indian Oil fuel,209.58,DEBIT,Transport
2024-09-16,Netflix subscription,127.32,DEBIT,Entertainment
2024-09-16,BigBasket order,732.63,DEBIT,Groceries
2024-09-16,More Supermarket,295.11,DEBIT,Groceries
2024-09-16,Nature's Basket,499.26,DEBIT,Groceries
2024-09-16,Fresh Fruits & Veg Co.,343.09,DEBIT,Groceries
2024-09-16,Mumbai Metro recharge,373.43,DEBIT,Transport
2024-09-16,Indian Oil fuel,216.39,DEBIT,Transport
2024-09-16,Indian Oil fuel,341.74,DEBIT,Transport
2024-09-17,BigBasket order,790.48,DEBIT,Groceries
2024-09-17,DMart Andheri West,758.34,DEBIT,Groceries
2024-09-17,More Supermarket,631.47,DEBIT,Groceries
2024-09-17,Croma Electronics,1212.70,DEBIT,Shopping
2024-09-17,IKEA Navi Mumbai,1391.55,DEBIT,Shopping
2024-09-17,Decathlon Powai,575.10,DEBIT,Shopping
2024-09-17,Behrouz Biryani,301.10,DEBIT,Take-out
2024-09-17,Swiggy order,222.95,DEBIT,Take-out
2024-09-17,Mahanagar Gas bill,228.20,DEBIT,Utilities
2024-09-18,More Supermarket,883.98,DEBIT,Groceries
2024-09-18,Reliance Fresh,505.89,DEBIT,Groceries
2024-09-18,Reliance Fresh,785.66,DEBIT,Groceries
2024-09-18,Decathlon Powai,2780.07,DEBIT,Shopping
2024-09-18,Decathlon Powai,937.03,DEBIT,Shopping
2024-09-18,Flipkart order,874.47,DEBIT,Shopping
2024-09-18,Jio postpaid bill,582.54,DEBIT,Utilities
2024-09-18,Airtel Fibre broadband,274.20,DEBIT,Utilities
2024-09-19,Spotify Premium,637.51,DEBIT,Entertainment
2024-09-19,Nature's Basket,573.67,DEBIT,Groceries
2024-09-19,More Supermarket,826.22,DEBIT,Groceries
2024-09-19,Amazon.in order,493.89,DEBIT,Shopping
2024-09-19,Decathlon Powai,1301.59,DEBIT,Shopping
2024-09-19,Myntra order,2210.94,DEBIT,Shopping
2024-09-19,CityFlo monthly pass,399.39,DEBIT,Transport
2024-09-19,CityFlo monthly pass,331.79,DEBIT,Transport
2024-09-19,Indian Oil fuel,287.58,DEBIT,Transport
2024-09-20,Swiggy order,234.62,DEBIT,Take-out
2024-09-20,Swiggy order,195.54,DEBIT,Take-out
2024-09-20,CityFlo monthly pass,56.34,DEBIT,Transport
2024-09-20,HP Petrol Pump,207.15,DEBIT,Transport
2024-09-20,CityFlo monthly pass,79.98,DEBIT,Transport
2024-09-20,HP Petrol Pump,210.57,DEBIT,Transport
2024-09-20,Uber ride,252.78,DEBIT,Transport
2024-09-20,Jio postpaid bill,385.35,DEBIT,Utilities
2024-09-21,DMart Andheri West,915.57,DEBIT,Groceries
2024-09-21,More Supermarket,568.66,DEBIT,Groceries
2024-09-21,More Supermarket,777.99,DEBIT,Groceries
2024-09-21,Amazon.in order,579.70,DEBIT,Shopping
2024-09-21,Behrouz Biryani,405.43,DEBIT,Take-out
2024-09-21,Starbucks Powai,351.99,DEBIT,Take-out
2024-09-21,Ola Cabs,146.47,DEBIT,Transport
2024-09-21,Jio postpaid bill,598.80,DEBIT,Utilities
2024-09-22,Fresh Fruits & Veg Co.,107.73,DEBIT,Groceries
2024-09-22,Fresh Fruits & Veg Co.,363.80,DEBIT,Groceries
2024-09-22,Cashback from Swiggy,2051.48,CREDIT,Refund
2024-09-22,Croma Electronics,676.19,DEBIT,Shopping
2024-09-22,Starbucks Powai,128.68,DEBIT,Take-out
2024-09-22,Jio postpaid bill,611.34,DEBIT,Utilities
2024-09-23,Netflix subscription,326.03,DEBIT,Entertainment
2024-09-23,DMart Andheri West,196.82,DEBIT,Groceries
2024-09-23,BigBasket order,408.94,DEBIT,Groceries
2024-09-23,BigBasket order,506.23,DEBIT,Groceries
2024-09-23,DMart Andheri West,360.92,DEBIT,Groceries
2024-09-23,Starbucks Powai,467.72,DEBIT,Take-out
2024-09-23,CityFlo monthly pass,129.71,DEBIT,Transport
2024-09-23,Uber ride,218.30,DEBIT,Transport
2024-09-24,Fresh Fruits & Veg Co.,311.24,DEBIT,Groceries
2024-09-24,Nature's Basket,295.81,DEBIT,Groceries
2024-09-24,Fresh Fruits & Veg Co.,581.89,DEBIT,Groceries
2024-09-24,BigBasket order,382.57,DEBIT,Groceries
2024-09-24,Dominos Pizza,508.08,DEBIT,Take-out
2024-09-24,Swiggy order,290.76,DEBIT,Take-out
2024-09-24,Dominos Pizza,274.70,DEBIT,Take-out
2024-09-24,Indian Oil fuel,264.93,DEBIT,Transport
2024-09-24,Water tax payment,632.00,DEBIT,Utilities
2024-09-25,PVR Cinemas,415.12,DEBIT,Entertainment
2024-09-25,Fresh Fruits & Veg Co.,692.11,DEBIT,Groceries
2024-09-25,BigBasket order,415.55,DEBIT,Groceries
2024-09-25,Amazon.in order,678.02,DEBIT,Shopping
2024-09-25,Zomato order,563.14,DEBIT,Take-out
2024-09-25,Swiggy order,98.45,DEBIT,Take-out
2024-09-25,Zomato order,179.85,DEBIT,Take-out
2024-09-25,Dominos Pizza,192.35,DEBIT,Take-out
2024-09-26,IKEA Navi Mumbai,1392.32,DEBIT,Shopping
2024-09-26,IKEA Navi Mumbai,2089.47,DEBIT,Shopping
2024-09-26,Amazon.in order,1423.28,DEBIT,Shopping
2024-09-26,Starbucks Powai,189.38,DEBIT,Take-out
2024-09-26,Water tax payment,709.05,DEBIT,Utilities
2024-09-27,BigBasket order,339.90,DEBIT,Groceries
2024-09-27,Nature's Basket,342.04,DEBIT,Groceries
2024-09-27,Fresh Fruits & Veg Co.,257.46,DEBIT,Groceries
2024-09-27,Behrouz Biryani,184.58,DEBIT,Take-out
2024-09-27,Swiggy order,218.11,DEBIT,Take-out
2024-09-27,HP Petrol Pump,170.86,DEBIT,Transport
2024-09-27,Ola Cabs,376.48,DEBIT,Transport
2024-09-27,Mahanagar Gas bill,688.54,DEBIT,Utilities
2024-09-27,Jio postpaid bill,655.99,DEBIT,Utilities
2024-09-28,Fresh Fruits & Veg Co.,398.36,DEBIT,Groceries
2024-09-28,BigBasket order,399.87,DEBIT,Groceries
2024-09-28,DMart Andheri West,529.45,DEBIT,Groceries
2024-09-28,HP Petrol Pump,368.50,DEBIT,Transport
2024-09-28,Indian Oil fuel,321.84,DEBIT,Transport
2024-09-28,HP Petrol Pump,227.94,DEBIT,Transport
2024-09-29,BigBasket order,433.89,DEBIT,Groceries
2024-09-29,Behrouz Biryani,281.51,DEBIT,Take-out
2024-09-29,Zomato order,445.59,DEBIT,Take-out
2024-09-29,Behrouz Biryani,253.50,DEBIT,Take-out
2024-09-29,Indian Oil fuel,368.02,DEBIT,Transport
2024-09-29,CityFlo monthly pass,330.75,DEBIT,Transport
2024-09-29,Jio postpaid bill,870.45,DEBIT,Utilities
2024-09-30,DMart Andheri West,471.48,DEBIT,Groceries
2024-09-30,BigBasket order,337.08,DEBIT,Groceries
2024-09-30,Salary credited from Cyphersol Technologies,172000.00,CREDIT,Salary
2024-09-30,Decathlon Powai,652.21,DEBIT,Shopping
2024-09-30,Amazon.in order,933.05,DEBIT,Shopping
2024-09-30,Cafe Coffee Day,405.17,DEBIT,Take-out
2024-09-30,Behrouz Biryani,336.56,DEBIT,Take-out
2024-10-01,BigBasket order,736.04,DEBIT,Groceries
2024-10-01,BigBasket order,138.82,DEBIT,Groceries
2024-10-01,Reliance Fresh,422.82,DEBIT,Groceries
2024-10-01,Cashback from Swiggy,1862.97,CREDIT,Refund
2024-10-01,House rent transfer to landlord,24000.00,DEBIT,Rent
2024-10-01,Zomato order,447.52,DEBIT,Take-out
2024-10-01,Starbucks Powai,296.71,DEBIT,Take-out
2024-10-01,Zomato order,177.34,DEBIT,Take-out
2024-10-01,Mumbai Metro recharge,140.40,DEBIT,Transport
2024-10-01,HP Petrol Pump,239.38,DEBIT,Transport
2024-10-01,Jio postpaid bill,636.98,DEBIT,Utilities
2024-10-02,More Supermarket,633.77,DEBIT,Groceries
2024-10-02,Myntra order,1424.84,DEBIT,Shopping
2024-10-02,Zomato order,269.88,DEBIT,Take-out
2024-10-02,Uber ride,93.04,DEBIT,Transport
2024-10-02,Mumbai Metro recharge,241.19,DEBIT,Transport
2024-10-03,IKEA Navi Mumbai,833.02,DEBIT,Shopping
2024-10-03,IKEA Navi Mumbai,1280.78,DEBIT,Shopping
2024-10-03,Dominos Pizza,87.28,DEBIT,Take-out
2024-10-03,Swiggy order,93.75,DEBIT,Take-out
2024-10-03,Indian Oil fuel,396.47,DEBIT,Transport
2024-10-04,Nature's Basket,185.73,DEBIT,Groceries
2024-10-04,Fresh Fruits & Veg Co.,378.51,DEBIT,Groceries
2024-10-04,BigBasket order,426.29,DEBIT,Groceries
2024-10-04,Croma Electronics,1815.39,DEBIT,Shopping
2024-10-04,Myntra order,603.65,DEBIT,Shopping
2024-10-04,Swiggy order,236.68,DEBIT,Take-out
2024-10-04,HP Petrol Pump,187.18,DEBIT,Transport
2024-10-05,Nature's Basket,710.54,DEBIT,Groceries
2024-10-05,Reliance Fresh,548.17,DEBIT,Groceries
2024-10-05,HDFC Home Loan EMI,12500.00,DEBIT,Loan-Payments
2024-10-05,Dominos Pizza,313.18,DEBIT,Take-out
2024-10-05,Dominos Pizza,190.89,DEBIT,Take-out
2024-10-05,Starbucks Powai,410.37,DEBIT,Take-out
2024-10-05,Dominos Pizza,477.53,DEBIT,Take-out
2024-10-05,HP Petrol Pump,206.88,DEBIT,Transport
2024-10-05,HP Petrol Pump,207.73,DEBIT,Transport
2024-10-05,Jio postpaid bill,718.57,DEBIT,Utilities
2024-10-06,BookMyShow tickets,358.07,DEBIT,Entertainment
2024-10-06,Croma Electronics,2042.38,DEBIT,Shopping
2024-10-06,Flipkart order,824.26,DEBIT,Shopping
2024-10-06,Starbucks Powai,307.44,DEBIT,Take-out
2024-10-06,Cafe Coffee Day,216.36,DEBIT,Take-out
2024-10-06,Starbucks Powai,123.71,DEBIT,Take-out
2024-10-06,Uber ride,165.38,DEBIT,Transport
2024-10-06,Indian Oil fuel,238.24,DEBIT,Transport
2024-10-06,Airtel Fibre broadband,594.46,DEBIT,Utilities
2024-10-07,Netflix subscription,294.36,DEBIT,Entertainment
2024-10-07,More Supermarket,458.33,DEBIT,Groceries
2024-10-07,More Supermarket,279.34,DEBIT,Groceries
2024-10-07,Credit Card bill payment,6800.00,DEBIT,Loan-Payments
2024-10-07,Decathlon Powai,1649.23,DEBIT,Shopping
2024-10-07,Croma Electronics,1110.31,DEBIT,Shopping
2024-10-07,HP Petrol Pump,143.77,DEBIT,Transport
2024-10-07,Mahanagar Gas bill,332.72,DEBIT,Utilities
2024-10-08,PVR Cinemas,810.10,DEBIT,Entertainment
2024-10-08,More Supermarket,672.45,DEBIT,Groceries
2024-10-08,Amazon.in order,2618.37,DEBIT,Shopping
2024-10-08,Decathlon Powai,1571.36,DEBIT,Shopping
2024-10-08,Swiggy order,179.22,DEBIT,Take-out
2024-10-08,Cafe Coffee Day,300.14,DEBIT,Take-out
2024-10-08,Dominos Pizza,334.89,DEBIT,Take-out
2024-10-08,CityFlo monthly pass,248.42,DEBIT,Transport
2024-10-08,Mumbai Metro recharge,266.79,DEBIT,Transport
2024-10-09,Reliance Fresh,518.35,DEBIT,Groceries
2024-10-09,Reliance Fresh,324.99,DEBIT,Groceries
2024-10-09,Zomato order,362.60,DEBIT,Take-out
2024-10-09,Uber ride,362.61,DEBIT,Transport
2024-10-09,Jio postpaid bill,349.75,DEBIT,Utilities
2024-10-10,Steam games purchase,226.05,DEBIT,Entertainment
2024-10-10,BigBasket order,467.59,DEBIT,Groceries
2024-10-10,Ola Cabs,275.10,DEBIT,Transport
2024-10-10,Uber ride,167.90,DEBIT,Transport
2024-10-10,Airtel Fibre broadband,250.46,DEBIT,Utilities
2024-10-11,BookMyShow tickets,332.81,DEBIT,Entertainment
2024-10-11,PVR Cinemas,131.08,DEBIT,Entertainment
2024-10-11,BigBasket order,699.54,DEBIT,Groceries
2024-10-11,Fresh Fruits & Veg Co.,380.64,DEBIT,Groceries
2024-10-11,BigBasket order,383.36,DEBIT,Groceries
2024-10-11,Nature's Basket,398.03,DEBIT,Groceries
2024-10-11,Zomato order,124.73,DEBIT,Take-out
2024-10-11,Dominos Pizza,294.60,DEBIT,Take-out
2024-10-11,Jio postpaid bill,558.13,DEBIT,Utilities
2024-10-12,More Supermarket,100.24,DEBIT,Groceries
2024-10-12,Reliance Fresh,583.79,DEBIT,Groceries
2024-10-12,Nature's Basket,774.56,DEBIT,Groceries
2024-10-12,Decathlon Powai,1465.36,DEBIT,Shopping
2024-10-12,Starbucks Powai,445.16,DEBIT,Take-out
2024-10-12,Cafe Coffee Day,290.55,DEBIT,Take-out
2024-10-12,Behrouz Biryani,447.94,DEBIT,Take-out
2024-10-13,BookMyShow tickets,119.44,DEBIT,Entertainment
2024-10-13,Reliance Fresh,767.58,DEBIT,Groceries
2024-10-13,Swiggy order,435.24,DEBIT,Take-out
2024-10-13,Cafe Coffee Day,160.07,DEBIT,Take-out
2024-10-13,Zomato order,312.67,DEBIT,Take-out
2024-10-13,Jio postpaid bill,492.61,DEBIT,Utilities
2024-10-14,Flipkart order,1743.87,DEBIT,Shopping
2024-10-14,Decathlon Powai,2631.05,DEBIT,Shopping
2024-10-14,Zomato order,168.40,DEBIT,Take-out
2024-10-14,Starbucks Powai,145.75,DEBIT,Take-out
2024-10-14,Starbucks Powai,275.94,DEBIT,Take-out
2024-10-14,Cafe Coffee Day,295.45,DEBIT,Take-out
2024-10-14,HP Petrol Pump,249.40,DEBIT,Transport
2024-10-15,Reliance Fresh,408.82,DEBIT,Groceries
2024-10-15,Nature's Basket,477.42,DEBIT,Groceries
2024-10-15,Amazon.in order,1529.10,DEBIT,Shopping
2024-10-15,Zomato order,292.69,DEBIT,Take-out
2024-10-15,Indian Oil fuel,375.28,DEBIT,Transport
2024-10-15,Uber ride,411.21,DEBIT,Transport
2024-10-15,Water tax payment,502.91,DEBIT,Utilities
2024-10-16,PVR Cinemas,433.27,DEBIT,Entertainment
2024-10-16,More Supermarket,1030.41,DEBIT,Groceries
2024-10-16,Nature's Basket,230.61,DEBIT,Groceries
2024-10-16,Decathlon Powai,1121.08,DEBIT,Shopping
2024-10-16,Cafe Coffee Day,361.77,DEBIT,Take-out
2024-10-16,Zomato order,315.71,DEBIT,Take-out
2024-10-17,Swiggy order,141.26,DEBIT,Take-out
2024-10-17,Swiggy order,365.27,DEBIT,Take-out
2024-10-17,Mumbai Metro recharge,179.90,DEBIT,Transport
2024-10-17,CityFlo monthly pass,316.62,DEBIT,Transport
2024-10-17,Indian Oil fuel,214.06,DEBIT,Transport
2024-10-17,MSEB electricity bill,780.93,DEBIT,Utilities
2024-10-17,Airtel Fibre broadband,758.85,DEBIT,Utilities
2024-10-17,Water tax payment,823.02,DEBIT,Utilities
2024-10-18,Reliance Fresh,170.89,DEBIT,Groceries
2024-10-18,More Supermarket,506.37,DEBIT,Groceries
2024-10-18,Decathlon Powai,858.30,DEBIT,Shopping
2024-10-18,Starbucks Powai,523.49,DEBIT,Take-out
2024-10-18,Behrouz Biryani,429.66,DEBIT,Take-out
2024-10-18,Cafe Coffee Day,317.46,DEBIT,Take-out
2024-10-18,Mumbai Metro recharge,275.88,DEBIT,Transport
2024-10-18,Airtel Fibre broadband,470.57,DEBIT,Utilities
2024-10-19,BookMyShow tickets,281.31,DEBIT,Entertainment
2024-10-19,PVR Cinemas,145.11,DEBIT,Entertainment
2024-10-19,DMart Andheri West,648.02,DEBIT,Groceries
2024-10-19,Swiggy order,367.94,DEBIT,Take-out
2024-10-19,Cafe Coffee Day,343.13,DEBIT,Take-out
2024-10-20,Netflix subscription,261.50,DEBIT,Entertainment
2024-10-20,Nature's Basket,362.28,DEBIT,Groceries
2024-10-20,Nature's Basket,222.22,DEBIT,Groceries
2024-10-20,Flipkart order,1979.02,DEBIT,Shopping
2024-10-20,Croma Electronics,2495.11,DEBIT,Shopping
2024-10-20,Behrouz Biryani,132.31,DEBIT,Take-out
2024-10-20,Dominos Pizza,172.72,DEBIT,Take-out
2024-10-20,HP Petrol Pump,239.61,DEBIT,Transport
2024-10-21,Reliance Fresh,652.66,DEBIT,Groceries
2024-10-21,Nature's Basket,225.64,DEBIT,Groceries
2024-10-21,Fresh Fruits & Veg Co.,987.99,DEBIT,Groceries
2024-10-21,Reliance Fresh,735.67,DEBIT,Groceries
2024-10-21,Nature's Basket,478.49,DEBIT,Groceries
2024-10-21,Zomato order,486.65,DEBIT,Take-out
2024-10-21,Behrouz Biryani,155.69,DEBIT,Take-out
2024-10-21,Starbucks Powai,370.80,DEBIT,Take-out
2024-10-21,Uber ride,132.01,DEBIT,Transport
2024-10-22,Nature's Basket,951.07,DEBIT,Groceries
2024-10-22,Zomato order,256.72,DEBIT,Take-out
2024-10-22,Starbucks Powai,147.23,DEBIT,Take-out
2024-10-22,HP Petrol Pump,138.34,DEBIT,Transport
2024-10-22,Mahanagar Gas bill,576.84,DEBIT,Utilities
2024-10-22,Jio postpaid bill,715.59,DEBIT,Utilities
2024-10-22,Jio postpaid bill,596.67,DEBIT,Utilities
2024-10-23,DMart Andheri West,516.75,DEBIT,Groceries
2024-10-23,IKEA Navi Mumbai,1919.37,DEBIT,Shopping
2024-10-23,Dominos Pizza,120.87,DEBIT,Take-out
2024-10-23,Behrouz Biryani,470.14,DEBIT,Take-out
2024-10-23,Jio postpaid bill,383.68,DEBIT,Utilities
2024-10-23,Water tax payment,278.33,DEBIT,Utilities
2024-10-23,MSEB electricity bill,363.95,DEBIT,Utilities
2024-10-24,Spotify Premium,291.81,DEBIT,Entertainment
2024-10-24,Reliance Fresh,355.90,DEBIT,Groceries
2024-10-24,Croma Electronics,1178.83,DEBIT,Shopping
2024-10-24,Behrouz Biryani,220.17,DEBIT,Take-out
2024-10-24,Water tax payment,780.05,DEBIT,Utilities
2024-10-24,Mahanagar Gas bill,400.01,DEBIT,Utilities
2024-10-25,BigBasket order,290.97,DEBIT,Groceries
2024-10-25,Cafe Coffee Day,194.07,DEBIT,Take-out
2024-10-25,Zomato order,176.23,DEBIT,Take-out
2024-10-25,Dominos Pizza,187.02,DEBIT,Take-out
2024-10-25,Mumbai Metro recharge,199.20,DEBIT,Transport
2024-10-25,Mumbai Metro recharge,451.64,DEBIT,Transport
2024-10-25,Mumbai Metro recharge,141.59,DEBIT,Transport
2024-10-25,Water tax payment,266.41,DEBIT,Utilities
2024-10-26,Netflix subscription,265.62,DEBIT,Entertainment
2024-10-26,BookMyShow tickets,621.86,DEBIT,Entertainment
2024-10-26,Indian Oil fuel,99.36,DEBIT,Transport
2024-10-26,Ola Cabs,178.55,DEBIT,Transport
2024-10-26,HP Petrol Pump,162.06,DEBIT,Transport
2024-10-26,Airtel Fibre broadband,499.06,DEBIT,Utilities
2024-10-27,BookMyShow tickets,459.49,DEBIT,Entertainment
2024-10-27,Fresh Fruits & Veg Co.,938.00,DEBIT,Groceries
2024-10-27,BigBasket order,525.82,DEBIT,Groceries
2024-10-27,Amazon.in order,1066.65,DEBIT,Shopping
2024-10-27,MSEB electricity bill,427.49,DEBIT,Utilities
2024-10-28,More Supermarket,425.33,DEBIT,Groceries
2024-10-28,Nature's Basket,589.25,DEBIT,Groceries
2024-10-28,Reliance Fresh,793.81,DEBIT,Groceries
2024-10-28,IKEA Navi Mumbai,831.63,DEBIT,Shopping
2024-10-28,Zomato order,361.97,DEBIT,Take-out
2024-10-28,Ola Cabs,145.29,DEBIT,Transport
2024-10-29,Reliance Fresh,290.21,DEBIT,Groceries
2024-10-29,Decathlon Powai,1803.59,DEBIT,Shopping
2024-10-29,Starbucks Powai,105.17,DEBIT,Take-out
2024-10-29,Cafe Coffee Day,242.19,DEBIT,Take-out
2024-10-29,Ola Cabs,228.26,DEBIT,Transport
2024-10-29,Ola Cabs,391.19,DEBIT,Transport
2024-10-29,Ola Cabs,122.44,DEBIT,Transport
2024-10-30,Fresh Fruits & Veg Co.,418.06,DEBIT,Groceries
2024-10-30,Fresh Fruits & Veg Co.,381.68,DEBIT,Groceries
2024-10-30,BigBasket order,507.49,DEBIT,Groceries
2024-10-30,Reliance Fresh,898.56,DEBIT,Groceries
2024-10-30,Fresh Fruits & Veg Co.,481.87,DEBIT,Groceries
2024-10-30,Myntra order,1524.67,DEBIT,Shopping
2024-10-30,Swiggy order,213.08,DEBIT,Take-out
2024-10-30,Zomato order,148.36,DEBIT,Take-out
2024-10-30,CityFlo monthly pass,397.40,DEBIT,Transport
2024-10-31,PVR Cinemas,469.66,DEBIT,Entertainment
2024-10-31,Fresh Fruits & Veg Co.,591.66,DEBIT,Groceries
2024-10-31,Reliance Fresh,683.45,DEBIT,Groceries
2024-10-31,Salary credited from Cyphersol Technologies,172000.00,CREDIT,Salary
2024-10-31,Decathlon Powai,1585.15,DEBIT,Shopping
2024-10-31,Behrouz Biryani,254.00,DEBIT,Take-out
2024-10-31,Ola Cabs,144.36,DEBIT,Transport
2024-10-31,Uber ride,264.48,DEBIT,Transport
2024-10-31,Indian Oil fuel,336.13,DEBIT,Transport
2024-10-31,Jio postpaid bill,303.89,DEBIT,Utilities
2024-11-01,Steam games purchase,336.35,DEBIT,Entertainment
2024-11-01,BigBasket order,870.35,DEBIT,Groceries
2024-11-01,House rent transfer to landlord,24000.00,DEBIT,Rent
2024-11-01,Behrouz Biryani,254.04,DEBIT,Take-out
2024-11-01,Starbucks Powai,291.07,DEBIT,Take-out
2024-11-01,Mumbai Metro recharge,241.32,DEBIT,Transport
2024-11-01,CityFlo monthly pass,288.50,DEBIT,Transport
2024-11-01,Mahanagar Gas bill,776.70,DEBIT,Utilities
2024-11-02,Steam games purchase,367.92,DEBIT,Entertainment
2024-11-02,BigBasket order,892.74,DEBIT,Groceries
2024-11-02,Starbucks Powai,220.25,DEBIT,Take-out
2024-11-02,Behrouz Biryani,230.65,DEBIT,Take-out
2024-11-02,Behrouz Biryani,466.15,DEBIT,Take-out
2024-11-02,HP Petrol Pump,216.93,DEBIT,Transport
2024-11-02,Uber ride,219.46,DEBIT,Transport
2024-11-02,Jio postpaid bill,728.58,DEBIT,Utilities
2024-11-03,BigBasket order,440.43,DEBIT,Groceries
2024-11-03,Reliance Fresh,567.48,DEBIT,Groceries
2024-11-03,Croma Electronics,1963.82,DEBIT,Shopping
2024-11-03,Starbucks Powai,400.44,DEBIT,Take-out
2024-11-03,Behrouz Biryani,559.44,DEBIT,Take-out
2024-11-03,Zomato order,355.87,DEBIT,Take-out
2024-11-03,HP Petrol Pump,243.31,DEBIT,Transport
2024-11-03,Mahanagar Gas bill,1053.07,DEBIT,Utilities
2024-11-03,Water tax payment,502.50,DEBIT,Utilities
2024-11-04,Steam games purchase,705.25,DEBIT,Entertainment
2024-11-04,Netflix subscription,455.47,DEBIT,Entertainment
2024-11-04,BigBasket order,345.81,DEBIT,Groceries
2024-11-04,Nature's Basket,647.62,DEBIT,Groceries
2024-11-04,Cafe Coffee Day,193.15,DEBIT,Take-out
2024-11-04,Indian Oil fuel,180.57,DEBIT,Transport
2024-11-04,CityFlo monthly pass,105.37,DEBIT,Transport
2024-11-04,Jio postpaid bill,883.96,DEBIT,Utilities
2024-11-05,Spotify Premium,218.64,DEBIT,Entertainment
2024-11-05,BigBasket order,365.19,DEBIT,Groceries
2024-11-05,Fresh Fruits & Veg Co.,1063.20,DEBIT,Groceries
2024-11-05,HDFC Home Loan EMI,12500.00,DEBIT,Loan-Payments
2024-11-05,Behrouz Biryani,425.26,DEBIT,Take-out
2024-11-05,Cafe Coffee Day,243.01,DEBIT,Take-out
2024-11-05,CityFlo monthly pass,416.66,DEBIT,Transport
2024-11-05,Uber ride,331.91,DEBIT,Transport
2024-11-06,DMart Andheri West,805.04,DEBIT,Groceries
2024-11-06,Reliance Fresh,555.81,DEBIT,Groceries
2024-11-06,Nature's Basket,729.82,DEBIT,Groceries
2024-11-06,HP Petrol Pump,334.57,DEBIT,Transport
2024-11-06,Mahanagar Gas bill,495.14,DEBIT,Utilities
2024-11-06,Water tax payment,477.41,DEBIT,Utilities
2024-11-06,Airtel Fibre broadband,625.74,DEBIT,Utilities
2024-11-07,Steam games purchase,739.04,DEBIT,Entertainment
2024-11-07,DMart Andheri West,543.57,DEBIT,Groceries
2024-11-07,Credit Card bill payment,6800.00,DEBIT,Loan-Payments
2024-11-07,Zomato order,333.91,DEBIT,Take-out
2024-11-07,Swiggy order,382.83,DEBIT,Take-out
2024-11-07,Mumbai Metro recharge,310.94,DEBIT,Transport
2024-11-08,Croma Electronics,2351.68,DEBIT,Shopping
2024-11-08,Amazon.in order,1256.24,DEBIT,Shopping
2024-11-08,Croma Electronics,1370.42,DEBIT,Shopping
2024-11-08,Flipkart order,995.93,DEBIT,Shopping
2024-11-08,Starbucks Powai,154.94,DEBIT,Take-out
2024-11-08,Dominos Pizza,330.93,DEBIT,Take-out
2024-11-08,CityFlo monthly pass,346.00,DEBIT,Transport
2024-11-08,HP Petrol Pump,184.24,DEBIT,Transport
2024-11-08,Mahanagar Gas bill,658.22,DEBIT,Utilities
2024-11-09,DMart Andheri West,261.03,DEBIT,Groceries
2024-11-09,DMart Andheri West,441.00,DEBIT,Groceries
2024-11-09,Reliance Fresh,798.16,DEBIT,Groceries
2024-11-09,More Supermarket,248.29,DEBIT,Groceries
2024-11-09,BigBasket order,290.59,DEBIT,Groceries
2024-11-09,Decathlon Powai,960.85,DEBIT,Shopping
2024-11-09,Cafe Coffee Day,184.84,DEBIT,Take-out
2024-11-09,HP Petrol Pump,238.86,DEBIT,Transport
2024-11-09,CityFlo monthly pass,174.79,DEBIT,Transport
2024-11-10,DMart Andheri West,480.16,DEBIT,Groceries
2024-11-10,Reliance Fresh,359.83,DEBIT,Groceries
2024-11-10,BigBasket order,436.43,DEBIT,Groceries
2024-11-10,IKEA Navi Mumbai,2154.99,DEBIT,Shopping
2024-11-10,Swiggy order,208.30,DEBIT,Take-out
2024-11-10,Behrouz Biryani,219.56,DEBIT,Take-out
2024-11-10,HP Petrol Pump,137.05,DEBIT,Transport
2024-11-11,More Supermarket,454.13,DEBIT,Groceries
2024-11-11,Nature's Basket,326.50,DEBIT,Groceries
2024-11-11,Zomato order,165.73,DEBIT,Take-out
2024-11-11,Indian Oil fuel,312.12,DEBIT,Transport
2024-11-11,HP Petrol Pump,171.92,DEBIT,Transport
2024-11-12,Fresh Fruits & Veg Co.,764.68,DEBIT,Groceries
2024-11-12,IKEA Navi Mumbai,1854.26,DEBIT,Shopping
2024-11-12,Behrouz Biryani,572.17,DEBIT,Take-out
2024-11-12,Mumbai Metro recharge,172.89,DEBIT,Transport
2024-11-12,Jio postpaid bill,1009.42,DEBIT,Utilities
2024-11-12,Water tax payment,521.89,DEBIT,Utilities
2024-11-12,MSEB electricity bill,460.47,DEBIT,Utilities
2024-11-12,Airtel Fibre broadband,325.84,DEBIT,Utilities
2024-11-13,Steam games purchase,417.78,DEBIT,Entertainment
2024-11-13,More Supermarket,606.11,DEBIT,Groceries
2024-11-13,Reliance Fresh,916.25,DEBIT,Groceries
2024-11-13,Flipkart order,280.46,DEBIT,Shopping
2024-11-13,Flipkart order,1017.62,DEBIT,Shopping
2024-11-13,Croma Electronics,1302.80,DEBIT,Shopping
2024-11-13,Behrouz Biryani,207.79,DEBIT,Take-out
2024-11-14,Spotify Premium,314.01,DEBIT,Entertainment
2024-11-14,Nature's Basket,286.13,DEBIT,Groceries
2024-11-14,Croma Electronics,1214.83,DEBIT,Shopping
2024-11-14,Behrouz Biryani,331.15,DEBIT,Take-out
2024-11-14,Uber ride,370.67,DEBIT,Transport
2024-11-14,CityFlo monthly pass,269.83,DEBIT,Transport
2024-11-15,Netflix subscription,126.84,DEBIT,Entertainment
2024-11-15,Steam games purchase,699.26,DEBIT,Entertainment
2024-11-15,Reliance Fresh,492.79,DEBIT,Groceries
2024-11-15,More Supermarket,829.61,DEBIT,Groceries
2024-11-15,Croma Electronics,748.61,DEBIT,Shopping
2024-11-15,Zomato order,255.85,DEBIT,Take-out
2024-11-15,Zomato order,101.92,DEBIT,Take-out
2024-11-15,Uber ride,425.97,DEBIT,Transport
2024-11-16,Reliance Fresh,148.09,DEBIT,Groceries
2024-11-16,Nature's Basket,584.14,DEBIT,Groceries
2024-11-16,Reliance Fresh,754.02,DEBIT,Groceries
2024-11-16,More Supermarket,522.55,DEBIT,Groceries
2024-11-16,Decathlon Powai,977.83,DEBIT,Shopping
2024-11-16,Decathlon Powai,682.19,DEBIT,Shopping
2024-11-16,Starbucks Powai,299.55,DEBIT,Take-out
2024-11-16,Swiggy order,310.85,DEBIT,Take-out
2024-11-16,Indian Oil fuel,289.50,DEBIT,Transport
2024-11-17,More Supermarket,572.06,DEBIT,Groceries
2024-11-17,Reliance Fresh,429.64,DEBIT,Groceries
2024-11-17,IKEA Navi Mumbai,1381.44,DEBIT,Shopping
2024-11-17,Dominos Pizza,141.03,DEBIT,Take-out
2024-11-17,Water tax payment,538.31,DEBIT,Utilities
2024-11-18,BigBasket order,681.59,DEBIT,Groceries
2024-11-18,Nature's Basket,585.04,DEBIT,Groceries
2024-11-18,Nature's Basket,238.71,DEBIT,Groceries
2024-11-18,BigBasket order,375.08,DEBIT,Groceries
2024-11-18,IKEA Navi Mumbai,2326.24,DEBIT,Shopping
2024-11-18,Starbucks Powai,582.53,DEBIT,Take-out
2024-11-18,Ola Cabs,258.92,DEBIT,Transport
2024-11-18,Indian Oil fuel,76.55,DEBIT,Transport
2024-11-18,MSEB electricity bill,804.57,DEBIT,Utilities
2024-11-19,Reliance Fresh,444.29,DEBIT,Groceries
2024-11-19,DMart Andheri West,590.58,DEBIT,Groceries
2024-11-19,Flipkart order,1670.04,DEBIT,Shopping
2024-11-19,Cafe Coffee Day,395.90,DEBIT,Take-out
2024-11-19,Zomato order,563.05,DEBIT,Take-out
2024-11-19,Uber ride,212.05,DEBIT,Transport
2024-11-20,Netflix subscription,580.27,DEBIT,Entertainment
2024-11-20,More Supermarket,330.45,DEBIT,Groceries
2024-11-20,DMart Andheri West,499.11,DEBIT,Groceries
2024-11-20,Dominos Pizza,196.53,DEBIT,Take-out
2024-11-20,Swiggy order,78.46,DEBIT,Take-out
2024-11-21,Dominos Pizza,471.46,DEBIT,Take-out
2024-11-21,Starbucks Powai,521.15,DEBIT,Take-out
2024-11-21,Behrouz Biryani,230.25,DEBIT,Take-out
2024-11-21,Mumbai Metro recharge,292.71,DEBIT,Transport
2024-11-21,Airtel Fibre broadband,363.76,DEBIT,Utilities
2024-11-22,BookMyShow tickets,636.38,DEBIT,Entertainment
2024-11-22,More Supermarket,651.44,DEBIT,Groceries
2024-11-22,Fresh Fruits & Veg Co.,588.59,DEBIT,Groceries
2024-11-22,More Supermarket,610.29,DEBIT,Groceries
2024-11-22,Dominos Pizza,438.19,DEBIT,Take-out
2024-11-22,HP Petrol Pump,435.62,DEBIT,Transport
2024-11-22,MSEB electricity bill,484.01,DEBIT,Utilities
2024-11-23,Steam games purchase,269.73,DEBIT,Entertainment
2024-11-23,DMart Andheri West,611.37,DEBIT,Groceries
2024-11-23,Starbucks Powai,210.39,DEBIT,Take-out
2024-11-23,HP Petrol Pump,257.30,DEBIT,Transport
2024-11-23,Airtel Fibre broadband,651.46,DEBIT,Utilities
2024-11-24,BigBasket order,257.85,DEBIT,Groceries
2024-11-24,Reliance Fresh,824.55,DEBIT,Groceries
2024-11-24,HP Petrol Pump,112.70,DEBIT,Transport
2024-11-24,Airtel Fibre broadband,207.84,DEBIT,Utilities
2024-11-24,Jio postpaid bill,585.71,DEBIT,Utilities
2024-11-25,Reliance Fresh,637.19,DEBIT,Groceries
2024-11-25,Nature's Basket,1112.92,DEBIT,Groceries
2024-11-25,Reliance Fresh,539.78,DEBIT,Groceries
2024-11-25,Myntra order,1040.99,DEBIT,Shopping
2024-11-25,Swiggy order,431.31,DEBIT,Take-out
2024-11-25,Starbucks Powai,204.25,DEBIT,Take-out
2024-11-25,CityFlo monthly pass,346.17,DEBIT,Transport
2024-11-25,Jio postpaid bill,451.59,DEBIT,Utilities
2024-11-26,Netflix subscription,880.98,DEBIT,Entertainment
2024-11-26,BigBasket order,649.91,DEBIT,Groceries
2024-11-26,DMart Andheri West,1032.06,DEBIT,Groceries
2024-11-26,Nature's Basket,522.01,DEBIT,Groceries
2024-11-26,Nature's Basket,489.50,DEBIT,Groceries
2024-11-26,DMart Andheri West,396.77,DEBIT,Groceries
2024-11-26,Croma Electronics,737.31,DEBIT,Shopping
2024-11-26,Decathlon Powai,2203.38,DEBIT,Shopping
2024-11-26,Zomato order,224.50,DEBIT,Take-out
2024-11-27,Steam games purchase,153.58,DEBIT,Entertainment
2024-11-27,Croma Electronics,702.76,DEBIT,Shopping
2024-11-27,Cafe Coffee Day,271.87,DEBIT,Take-out
2024-11-27,Cafe Coffee Day,261.41,DEBIT,Take-out
2024-11-27,Dominos Pizza,297.19,DEBIT,Take-out
2024-11-28,PVR Cinemas,451.93,DEBIT,Entertainment
2024-11-28,Nature's Basket,718.94,DEBIT,Groceries
2024-11-28,DMart Andheri West,349.36,DEBIT,Groceries
2024-11-28,More Supermarket,820.67,DEBIT,Groceries
2024-11-28,Starbucks Powai,69.58,DEBIT,Take-out
2024-11-28,Starbucks Powai,602.17,DEBIT,Take-out
2024-11-28,Uber ride,142.35,DEBIT,Transport
2024-11-28,Mahanagar Gas bill,160.63,DEBIT,Utilities
2024-11-28,Water tax payment,458.88,DEBIT,Utilities
2024-11-29,Spotify Premium,588.36,DEBIT,Entertainment
2024-11-29,More Supermarket,124.61,DEBIT,Groceries
2024-11-29,Nature's Basket,262.63,DEBIT,Groceries
2024-11-29,More Supermarket,696.39,DEBIT,Groceries
2024-11-29,Reliance Fresh,829.55,DEBIT,Groceries
2024-11-29,Ola Cabs,451.25,DEBIT,Transport
2024-11-29,CityFlo monthly pass,204.60,DEBIT,Transport
2024-11-29,Mumbai Metro recharge,282.72,DEBIT,Transport
2024-11-30,Salary credited from Cyphersol Technologies,172000.00,CREDIT,Salary
2024-11-30,Flipkart order,220.07,DEBIT,Shopping
2024-11-30,Amazon.in order,869.71,DEBIT,Shopping
2024-11-30,IKEA Navi Mumbai,1721.70,DEBIT,Shopping
2024-11-30,Dominos Pizza,450.12,DEBIT,Take-out
2024-11-30,Zomato order,343.24,DEBIT,Take-out
2024-11-30,Starbucks Powai,145.16,DEBIT,Take-out
2024-11-30,Indian Oil fuel,426.86,DEBIT,Transport
2024-12-01,Nature's Basket,465.29,DEBIT,Groceries
2024-12-01,BigBasket order,437.47,DEBIT,Groceries
2024-12-01,Fresh Fruits & Veg Co.,584.01,DEBIT,Groceries
2024-12-01,House rent transfer to landlord,24000.00,DEBIT,Rent
2024-12-01,Decathlon Powai,696.65,DEBIT,Shopping
2024-12-01,CityFlo monthly pass,320.94,DEBIT,Transport
2024-12-02,DMart Andheri West,1035.37,DEBIT,Groceries
2024-12-02,Reliance Fresh,180.94,DEBIT,Groceries
2024-12-02,IKEA Navi Mumbai,1300.31,DEBIT,Shopping
2024-12-02,Starbucks Powai,212.91,DEBIT,Take-out
2024-12-02,Zomato order,363.81,DEBIT,Take-out
2024-12-02,Indian Oil fuel,107.39,DEBIT,Transport
2024-12-03,Spotify Premium,492.95,DEBIT,Entertainment
2024-12-03,BigBasket order,713.83,DEBIT,Groceries
2024-12-03,BigBasket order,241.10,DEBIT,Groceries
2024-12-03,Fresh Fruits & Veg Co.,398.46,DEBIT,Groceries
2024-12-03,Myntra order,756.31,DEBIT,Shopping
2024-12-03,MSEB electricity bill,405.10,DEBIT,Utilities
2024-12-03,Airtel Fibre broadband,933.36,DEBIT,Utilities
2024-12-03,Airtel Fibre broadband,412.61,DEBIT,Utilities
2024-12-04,Reliance Fresh,1024.22,DEBIT,Groceries
2024-12-04,Reliance Fresh,919.11,DEBIT,Groceries
2024-12-04,DMart Andheri West,210.06,DEBIT,Groceries
2024-12-04,Decathlon Powai,1486.56,DEBIT,Shopping
2024-12-04,CityFlo monthly pass,253.47,DEBIT,Transport
2024-12-04,Uber ride,173.86,DEBIT,Transport
2024-12-04,CityFlo monthly pass,260.38,DEBIT,Transport
2024-12-04,Uber ride,114.27,DEBIT,Transport
2024-12-04,MSEB electricity bill,389.93,DEBIT,Utilities
2024-12-05,PVR Cinemas,390.62,DEBIT,Entertainment
2024-12-05,Spotify Premium,209.62,DEBIT,Entertainment
2024-12-05,Nature's Basket,254.71,DEBIT,Groceries
2024-12-05,Nature's Basket,707.84,DEBIT,Groceries
2024-12-05,HDFC Home Loan EMI,12500.00,DEBIT,Loan-Payments
2024-12-05,IKEA Navi Mumbai,1279.35,DEBIT,Shopping
2024-12-05,Indian Oil fuel,162.36,DEBIT,Transport
2024-12-05,Uber ride,355.50,DEBIT,Transport
2024-12-05,Mumbai Metro recharge,289.96,DEBIT,Transport
2024-12-05,Mumbai Metro recharge,251.68,DEBIT,Transport
2024-12-06,Reliance Fresh,591.10,DEBIT,Groceries
2024-12-06,Nature's Basket,979.64,DEBIT,Groceries
2024-12-06,IKEA Navi Mumbai,1715.10,DEBIT,Shopping
2024-12-06,Behrouz Biryani,253.06,DEBIT,Take-out
2024-12-06,Cafe Coffee Day,424.24,DEBIT,Take-out
2024-12-06,Uber ride,417.18,DEBIT,Transport
2024-12-06,Mumbai Metro recharge,381.05,DEBIT,Transport
2024-12-06,CityFlo monthly pass,246.80,DEBIT,Transport
2024-12-06,Water tax payment,818.34,DEBIT,Utilities
2024-12-07,Steam games purchase,321.30,DEBIT,Entertainment
2024-12-07,Nature's Basket,951.63,DEBIT,Groceries
2024-12-07,Credit Card bill payment,6800.00,DEBIT,Loan-Payments
2024-12-07,Behrouz Biryani,571.72,DEBIT,Take-out
2024-12-07,Uber ride,229.45,DEBIT,Transport
2024-12-07,Indian Oil fuel,465.61,DEBIT,Transport
2024-12-07,Indian Oil fuel,175.49,DEBIT,Transport
2024-12-07,HP Petrol Pump,70.46,DEBIT,Transport
2024-12-07,CityFlo monthly pass,239.25,DEBIT,Transport
2024-12-08,Netflix subscription,594.34,DEBIT,Entertainment
2024-12-08,Fresh Fruits & Veg Co.,831.49,DEBIT,Groceries
2024-12-08,DMart Andheri West,333.52,DEBIT,Groceries
2024-12-08,DMart Andheri West,785.44,DEBIT,Groceries
2024-12-08,Fresh Fruits & Veg Co.,622.86,DEBIT,Groceries
2024-12-08,HP Petrol Pump,97.74,DEBIT,Transport
2024-12-09,More Supermarket,765.80,DEBIT,Groceries
2024-12-09,DMart Andheri West,710.65,DEBIT,Groceries
2024-12-09,Fresh Fruits & Veg Co.,260.51,DEBIT,Groceries
2024-12-09,More Supermarket,335.51,DEBIT,Groceries
2024-12-09,IKEA Navi Mumbai,1776.16,DEBIT,Shopping
2024-12-09,Dominos Pizza,257.55,DEBIT,Take-out
2024-12-09,Mumbai Metro recharge,285.83,DEBIT,Transport
2024-12-09,Uber ride,278.94,DEBIT,Transport
2024-12-10,More Supermarket,775.51,DEBIT,Groceries
2024-12-10,Fresh Fruits & Veg Co.,278.18,DEBIT,Groceries
2024-12-10,Amazon.in order,2473.10,DEBIT,Shopping
2024-12-10,Amazon.in order,1338.03,DEBIT,Shopping
2024-12-10,Decathlon Powai,634.35,DEBIT,Shopping
2024-12-10,Zomato order,188.90,DEBIT,Take-out
2024-12-10,Indian Oil fuel,364.82,DEBIT,Transport
2024-12-11,BookMyShow tickets,103.65,DEBIT,Entertainment
2024-12-11,BookMyShow tickets,303.08,DEBIT,Entertainment
2024-12-11,IKEA Navi Mumbai,637.62,DEBIT,Shopping
2024-12-11,Cafe Coffee Day,237.66,DEBIT,Take-out
2024-12-11,Dominos Pizza,146.64,DEBIT,Take-out
2024-12-11,CityFlo monthly pass,147.70,DEBIT,Transport
2024-12-11,MSEB electricity bill,428.35,DEBIT,Utilities
2024-12-12,BookMyShow tickets,161.07,DEBIT,Entertainment
2024-12-12,Fresh Fruits & Veg Co.,606.16,DEBIT,Groceries
2024-12-12,Reliance Fresh,1017.01,DEBIT,Groceries
2024-12-12,More Supermarket,245.12,DEBIT,Groceries
2024-12-12,Starbucks Powai,218.61,DEBIT,Take-out
2024-12-12,Dominos Pizza,321.75,DEBIT,Take-out
2024-12-12,Indian Oil fuel,216.78,DEBIT,Transport
2024-12-12,Indian Oil fuel,167.56,DEBIT,Transport
2024-12-12,Water tax payment,738.89,DEBIT,Utilities
2024-12-13,Spotify Premium,268.96,DEBIT,Entertainment
2024-12-13,Myntra order,922.74,DEBIT,Shopping
2024-12-13,IKEA Navi Mumbai,1887.00,DEBIT,Shopping
2024-12-13,Cafe Coffee Day,119.76,DEBIT,Take-out
2024-12-13,Cafe Coffee Day,422.00,DEBIT,Take-out
2024-12-13,Mumbai Metro recharge,428.74,DEBIT,Transport
2024-12-13,Airtel Fibre broadband,630.67,DEBIT,Utilities
2024-12-14,Spotify Premium,718.78,DEBIT,Entertainment
2024-12-14,Fresh Fruits & Veg Co.,227.06,DEBIT,Groceries
2024-12-14,Indian Oil fuel,131.12,DEBIT,Transport
2024-12-14,HP Petrol Pump,277.01,DEBIT,Transport
2024-12-14,Ola Cabs,233.37,DEBIT,Transport
2024-12-15,PVR Cinemas,260.87,DEBIT,Entertainment
2024-12-15,Fresh Fruits & Veg Co.,357.38,DEBIT,Groceries
2024-12-15,Starbucks Powai,311.03,DEBIT,Take-out
2024-12-15,Swiggy order,309.97,DEBIT,Take-out
2024-12-15,Mumbai Metro recharge,197.93,DEBIT,Transport
2024-12-15,MSEB electricity bill,265.17,DEBIT,Utilities
2024-12-16,Nature's Basket,775.30,DEBIT,Groceries
2024-12-16,Ola Cabs,317.32,DEBIT,Transport
2024-12-16,Indian Oil fuel,176.84,DEBIT,Transport
2024-12-16,HP Petrol Pump,140.44,DEBIT,Transport
2024-12-16,Water tax payment,701.21,DEBIT,Utilities
2024-12-17,DMart Andheri West,398.07,DEBIT,Groceries
2024-12-17,Nature's Basket,244.73,DEBIT,Groceries
2024-12-17,Myntra order,1660.83,DEBIT,Shopping
2024-12-17,Swiggy order,238.67,DEBIT,Take-out
2024-12-17,Behrouz Biryani,80.46,DEBIT,Take-out
2024-12-17,Cafe Coffee Day,240.60,DEBIT,Take-out
2024-12-17,Ola Cabs,284.50,DEBIT,Transport
2024-12-17,MSEB electricity bill,444.96,DEBIT,Utilities
2024-12-18,Swiggy order,400.20,DEBIT,Take-out
2024-12-18,Swiggy order,264.64,DEBIT,Take-out
2024-12-18,Starbucks Powai,448.88,DEBIT,Take-out
2024-12-18,CityFlo monthly pass,125.46,DEBIT,Transport
2024-12-18,Mumbai Metro recharge,177.44,DEBIT,Transport
2024-12-18,Jio postpaid bill,526.21,DEBIT,Utilities
2024-12-19,More Supermarket,478.90,DEBIT,Groceries
2024-12-19,Nature's Basket,967.35,DEBIT,Groceries
2024-12-19,Swiggy order,282.66,DEBIT,Take-out
2024-12-19,Swiggy order,130.27,DEBIT,Take-out
2024-12-19,Uber ride,345.29,DEBIT,Transport
2024-12-19,CityFlo monthly pass,325.16,DEBIT,Transport
2024-12-19,Water tax payment,336.60,DEBIT,Utilities
2024-12-19,Jio postpaid bill,422.94,DEBIT,Utilities
2024-12-20,BookMyShow tickets,416.45,DEBIT,Entertainment
2024-12-20,Spotify Premium,104.86,DEBIT,Entertainment
2024-12-20,BigBasket order,232.56,DEBIT,Groceries
2024-12-20,Myntra order,974.64,DEBIT,Shopping
2024-12-20,Cafe Coffee Day,340.17,DEBIT,Take-out
2024-12-20,Zomato order,92.80,DEBIT,Take-out
2024-12-21,Steam games purchase,640.44,DEBIT,Entertainment
2024-12-21,Nature's Basket,868.31,DEBIT,Groceries
2024-12-21,More Supermarket,148.31,DEBIT,Groceries
2024-12-21,Amazon.in order,693.45,DEBIT,Shopping
2024-12-21,Zomato order,159.54,DEBIT,Take-out
2024-12-21,Mumbai Metro recharge,141.78,DEBIT,Transport
2024-12-22,BigBasket order,388.93,DEBIT,Groceries
2024-12-22,DMart Andheri West,681.44,DEBIT,Groceries
2024-12-22,Fresh Fruits & Veg Co.,535.51,DEBIT,Groceries
2024-12-22,Reliance Fresh,584.48,DEBIT,Groceries
2024-12-22,Behrouz Biryani,294.46,DEBIT,Take-out
2024-12-22,Zomato order,221.19,DEBIT,Take-out
2024-12-22,CityFlo monthly pass,221.25,DEBIT,Transport
2024-12-23,Netflix subscription,347.15,DEBIT,Entertainment
2024-12-23,BigBasket order,350.34,DEBIT,Groceries
2024-12-23,Croma Electronics,1716.18,DEBIT,Shopping
2024-12-23,Flipkart order,1943.16,DEBIT,Shopping
2024-12-23,Myntra order,1318.08,DEBIT,Shopping
2024-12-23,Starbucks Powai,203.23,DEBIT,Take-out
2024-12-23,Jio postpaid bill,563.47,DEBIT,Utilities
2024-12-24,Netflix subscription,177.14,DEBIT,Entertainment
2024-12-24,Steam games purchase,305.40,DEBIT,Entertainment
2024-12-24,More Supermarket,437.29,DEBIT,Groceries
2024-12-24,More Supermarket,240.39,DEBIT,Groceries
2024-12-24,Myntra order,887.53,DEBIT,Shopping
2024-12-24,Dominos Pizza,199.82,DEBIT,Take-out
2024-12-24,Behrouz Biryani,260.08,DEBIT,Take-out
2024-12-24,Indian Oil fuel,436.80,DEBIT,Transport
2024-12-25,Zomato order,149.35,DEBIT,Take-out
2024-12-25,Dominos Pizza,191.75,DEBIT,Take-out
2024-12-25,Dominos Pizza,511.47,DEBIT,Take-out
2024-12-25,Mumbai Metro recharge,401.55,DEBIT,Transport
2024-12-25,CityFlo monthly pass,240.62,DEBIT,Transport
2024-12-25,Jio postpaid bill,489.39,DEBIT,Utilities
2024-12-26,Netflix subscription,284.11,DEBIT,Entertainment
2024-12-26,Myntra order,367.30,DEBIT,Shopping
2024-12-26,Decathlon Powai,1009.92,DEBIT,Shopping
2024-12-26,Zomato order,335.14,DEBIT,Take-out
2024-12-26,Zomato order,220.84,DEBIT,Take-out
2024-12-26,Indian Oil fuel,262.68,DEBIT,Transport
2024-12-26,Ola Cabs,335.24,DEBIT,Transport
2024-12-26,HP Petrol Pump,466.71,DEBIT,Transport
2024-12-26,Mahanagar Gas bill,792.62,DEBIT,Utilities
2024-12-27,BigBasket order,865.88,DEBIT,Groceries
2024-12-27,Decathlon Powai,1682.44,DEBIT,Shopping
2024-12-27,Swiggy order,243.34,DEBIT,Take-out
2024-12-27,Uber ride,286.77,DEBIT,Transport
2024-12-27,Ola Cabs,479.95,DEBIT,Transport
2024-12-27,Ola Cabs,92.29,DEBIT,Transport
2024-12-27,Jio postpaid bill,323.41,DEBIT,Utilities
2024-12-28,Reliance Fresh,660.31,DEBIT,Groceries
2024-12-28,Reliance Fresh,403.54,DEBIT,Groceries
2024-12-28,Croma Electronics,1459.34,DEBIT,Shopping
2024-12-28,Swiggy order,396.10,DEBIT,Take-out
2024-12-28,Starbucks Powai,160.40,DEBIT,Take-out
2024-12-28,Ola Cabs,310.58,DEBIT,Transport
2024-12-29,PVR Cinemas,281.39,DEBIT,Entertainment
2024-12-29,Reliance Fresh,581.16,DEBIT,Groceries
2024-12-29,More Supermarket,357.11,DEBIT,Groceries
2024-12-29,Flipkart order,1883.29,DEBIT,Shopping
2024-12-29,Dominos Pizza,284.62,DEBIT,Take-out
2024-12-30,PVR Cinemas,155.47,DEBIT,Entertainment
2024-12-30,PVR Cinemas,215.58,DEBIT,Entertainment
2024-12-30,More Supermarket,432.89,DEBIT,Groceries
2024-12-30,Amazon.in order,1169.26,DEBIT,Shopping
2024-12-30,Flipkart order,559.17,DEBIT,Shopping
2024-12-30,Behrouz Biryani,413.96,DEBIT,Take-out
2024-12-30,Uber ride,216.41,DEBIT,Transport
2024-12-30,Jio postpaid bill,881.79,DEBIT,Utilities
2024-12-31,Steam games purchase,381.21,DEBIT,Entertainment
2024-12-31,Fresh Fruits & Veg Co.,301.57,DEBIT,Groceries
2024-12-31,BigBasket order,313.74,DEBIT,Groceries
2024-12-31,Salary credited from Cyphersol Technologies,172000.00,CREDIT,Salary
2024-12-31,Amazon.in order,1806.14,DEBIT,Shopping
2024-12-31,Ola Cabs,189.70,DEBIT,Transport
2024-12-31,Jio postpaid bill,805.79,DEBIT,Utilities
2024-12-31,MSEB electricity bill,560.22,DEBIT,Utilities
2024-12-31,MSEB electricity bill,538.15,DEBIT,Utilities
2025-01-01,Nature's Basket,517.29,DEBIT,Groceries
2025-01-01,DMart Andheri West,410.30,DEBIT,Groceries
2025-01-01,House rent transfer to landlord,24000.00,DEBIT,Rent
2025-01-01,Cafe Coffee Day,250.48,DEBIT,Take-out
2025-01-01,Airtel Fibre broadband,538.83,DEBIT,Utilities
2025-01-01,Mahanagar Gas bill,429.30,DEBIT,Utilities
2025-01-02,BookMyShow tickets,457.51,DEBIT,Entertainment
2025-01-02,Fresh Fruits & Veg Co.,631.15,DEBIT,Groceries
2025-01-02,BigBasket order,212.23,DEBIT,Groceries
2025-01-02,IKEA Navi Mumbai,1482.79,DEBIT,Shopping
2025-01-02,Airtel Fibre broadband,294.22,DEBIT,Utilities
2025-01-03,More Supermarket,214.79,DEBIT,Groceries
2025-01-03,Fresh Fruits & Veg Co.,401.35,DEBIT,Groceries
2025-01-03,DMart Andheri West,574.54,DEBIT,Groceries
2025-01-03,Fresh Fruits & Veg Co.,755.32,DEBIT,Groceries
2025-01-03,Dominos Pizza,419.30,DEBIT,Take-out
2025-01-03,Mahanagar Gas bill,683.63,DEBIT,Utilities
2025-01-04,Reliance Fresh,864.88,DEBIT,Groceries
2025-01-04,Fresh Fruits & Veg Co.,434.78,DEBIT,Groceries
2025-01-04,Dominos Pizza,459.30,DEBIT,Take-out
2025-01-04,Mumbai Metro recharge,269.85,DEBIT,Transport
2025-01-04,MSEB electricity bill,469.02,DEBIT,Utilities
2025-01-05,More Supermarket,167.31,DEBIT,Groceries
2025-01-05,Fresh Fruits & Veg Co.,1010.84,DEBIT,Groceries
2025-01-05,HDFC Home Loan EMI,12500.00,DEBIT,Loan-Payments
2025-01-05,Starbucks Powai,185.65,DEBIT,Take-out
2025-01-05,Mumbai Metro recharge,123.17,DEBIT,Transport
2025-01-05,Jio postpaid bill,704.67,DEBIT,Utilities
2025-01-06,Reliance Fresh,388.81,DEBIT,Groceries
2025-01-06,Amazon.in order,292.68,DEBIT,Shopping
2025-01-06,Decathlon Powai,1777.59,DEBIT,Shopping
2025-01-06,Swiggy order,115.51,DEBIT,Take-out
2025-01-06,Uber ride,87.90,DEBIT,Transport
2025-01-06,Ola Cabs,222.06,DEBIT,Transport
2025-01-07,BookMyShow tickets,229.93,DEBIT,Entertainment
2025-01-07,Spotify Premium,466.02,DEBIT,Entertainment
2025-01-07,Steam games purchase,316.40,DEBIT,Entertainment
2025-01-07,Credit Card bill payment,6800.00,DEBIT,Loan-Payments
2025-01-07,Flipkart order,1131.37,DEBIT,Shopping
2025-01-07,Ola Cabs,319.27,DEBIT,Transport
2025-01-07,Airtel Fibre broadband,374.86,DEBIT,Utilities
2025-01-07,MSEB electricity bill,643.97,DEBIT,Utilities
2025-01-08,Reliance Fresh,311.18,DEBIT,Groceries
2025-01-08,Amazon.in order,1624.41,DEBIT,Shopping
2025-01-08,HP Petrol Pump,392.90,DEBIT,Transport
2025-01-08,Uber ride,157.04,DEBIT,Transport
2025-01-08,Indian Oil fuel,163.41,DEBIT,Transport
2025-01-08,Airtel Fibre broadband,407.59,DEBIT,Utilities
2025-01-08,Airtel Fibre broadband,803.90,DEBIT,Utilities
2025-01-08,Airtel Fibre broadband,264.96,DEBIT,Utilities
2025-01-09,Netflix subscription,382.43,DEBIT,Entertainment
2025-01-09,Nature's Basket,807.71,DEBIT,Groceries
2025-01-09,BigBasket order,228.45,DEBIT,Groceries
2025-01-09,Myntra order,676.59,DEBIT,Shopping
2025-01-09,Flipkart order,977.63,DEBIT,Shopping
2025-01-09,Mumbai Metro recharge,95.07,DEBIT,Transport
2025-01-10,Spotify Premium,333.07,DEBIT,Entertainment
2025-01-10,Spotify Premium,611.82,DEBIT,Entertainment
2025-01-10,PVR Cinemas,338.34,DEBIT,Entertainment
2025-01-10,Steam games purchase,185.23,DEBIT,Entertainment
2025-01-10,More Supermarket,809.27,DEBIT,Groceries
2025-01-10,Fresh Fruits & Veg Co.,213.24,DEBIT,Groceries
2025-01-10,Croma Electronics,1664.81,DEBIT,Shopping
2025-01-10,Mahanagar Gas bill,819.69,DEBIT,Utilities
2025-01-11,DMart Andheri West,676.86,DEBIT,Groceries
2025-01-11,BigBasket order,269.09,DEBIT,Groceries
2025-01-11,BigBasket order,713.20,DEBIT,Groceries
2025-01-11,DMart Andheri West,694.74,DEBIT,Groceries
2025-01-11,Myntra order,1259.16,DEBIT,Shopping
2025-01-11,Cafe Coffee Day,222.41,DEBIT,Take-out
2025-01-11,Indian Oil fuel,157.91,DEBIT,Transport
2025-01-12,BookMyShow tickets,280.84,DEBIT,Entertainment
2025-01-12,BigBasket order,517.72,DEBIT,Groceries
2025-01-12,DMart Andheri West,396.02,DEBIT,Groceries
2025-01-12,Swiggy order,461.86,DEBIT,Take-out
2025-01-12,Uber ride,183.30,DEBIT,Transport
2025-01-12,HP Petrol Pump,295.90,DEBIT,Transport
2025-01-12,CityFlo monthly pass,185.04,DEBIT,Transport
2025-01-12,MSEB electricity bill,303.15,DEBIT,Utilities
2025-01-13,Nature's Basket,194.36,DEBIT,Groceries
2025-01-13,Swiggy order,557.99,DEBIT,Take-out
2025-01-13,Behrouz Biryani,308.43,DEBIT,Take-out
2025-01-13,Dominos Pizza,117.35,DEBIT,Take-out
2025-01-13,Cafe Coffee Day,371.57,DEBIT,Take-out
2025-01-13,HP Petrol Pump,116.49,DEBIT,Transport
2025-01-14,BigBasket order,754.07,DEBIT,Groceries
2025-01-14,Myntra order,1201.13,DEBIT,Shopping
2025-01-14,Dominos Pizza,490.72,DEBIT,Take-out
2025-01-14,Zomato order,153.47,DEBIT,Take-out
2025-01-14,Behrouz Biryani,423.36,DEBIT,Take-out
2025-01-14,HP Petrol Pump,313.57,DEBIT,Transport
2025-01-14,CityFlo monthly pass,141.54,DEBIT,Transport
2025-01-14,Mumbai Metro recharge,426.08,DEBIT,Transport
2025-01-15,Spotify Premium,500.52,DEBIT,Entertainment
2025-01-15,BigBasket order,449.38,DEBIT,Groceries
2025-01-15,BigBasket order,790.42,DEBIT,Groceries
2025-01-15,Nature's Basket,357.74,DEBIT,Groceries
2025-01-15,Zomato order,563.76,DEBIT,Take-out
2025-01-15,Indian Oil fuel,323.34,DEBIT,Transport
2025-01-15,Ola Cabs,271.12,DEBIT,Transport
2025-01-16,BigBasket order,446.05,DEBIT,Groceries
2025-01-16,Myntra order,379.54,DEBIT,Shopping
2025-01-16,Cafe Coffee Day,234.19,DEBIT,Take-out
2025-01-16,Starbucks Powai,422.95,DEBIT,Take-out
2025-01-16,Swiggy order,146.64,DEBIT,Take-out
2025-01-16,Cafe Coffee Day,212.44,DEBIT,Take-out
2025-01-17,Decathlon Powai,663.12,DEBIT,Shopping
2025-01-17,Croma Electronics,499.71,DEBIT,Shopping
2025-01-17,Cafe Coffee Day,348.10,DEBIT,Take-out
2025-01-17,Mumbai Metro recharge,476.79,DEBIT,Transport
2025-01-17,Indian Oil fuel,298.00,DEBIT,Transport
2025-01-17,Mumbai Metro recharge,207.98,DEBIT,Transport
2025-01-17,CityFlo monthly pass,277.11,DEBIT,Transport
2025-01-17,Airtel Fibre broadband,607.26,DEBIT,Utilities
2025-01-17,Water tax payment,286.49,DEBIT,Utilities
2025-01-18,BigBasket order,361.82,DEBIT,Groceries
2025-01-18,BigBasket order,567.11,DEBIT,Groceries
2025-01-18,Flipkart order,2453.41,DEBIT,Shopping
2025-01-18,Decathlon Powai,819.51,DEBIT,Shopping
2025-01-18,Zomato order,197.36,DEBIT,Take-out
2025-01-18,Zomato order,247.49,DEBIT,Take-out
2025-01-18,HP Petrol Pump,323.97,DEBIT,Transport
2025-01-19,More Supermarket,281.41,DEBIT,Groceries
2025-01-19,Fresh Fruits & Veg Co.,696.40,DEBIT,Groceries
2025-01-19,Reliance Fresh,340.67,DEBIT,Groceries
2025-01-19,Indian Oil fuel,153.66,DEBIT,Transport
2025-01-19,CityFlo monthly pass,221.07,DEBIT,Transport
2025-01-20,Reliance Fresh,603.27,DEBIT,Groceries
2025-01-20,More Supermarket,550.07,DEBIT,Groceries
2025-01-20,Cafe Coffee Day,239.30,DEBIT,Take-out
2025-01-20,Starbucks Powai,232.38,DEBIT,Take-out
2025-01-20,Ola Cabs,195.73,DEBIT,Transport
2025-01-20,Mahanagar Gas bill,456.60,DEBIT,Utilities
2025-01-20,Jio postpaid bill,435.81,DEBIT,Utilities
2025-01-21,Spotify Premium,584.27,DEBIT,Entertainment
2025-01-21,Steam games purchase,663.68,DEBIT,Entertainment
2025-01-21,Amazon.in order,328.59,DEBIT,Shopping
2025-01-21,Flipkart order,1291.74,DEBIT,Shopping
2025-01-21,IKEA Navi Mumbai,2010.16,DEBIT,Shopping
2025-01-21,Swiggy order,474.76,DEBIT,Take-out
2025-01-21,Cafe Coffee Day,470.08,DEBIT,Take-out
2025-01-21,Indian Oil fuel,189.49,DEBIT,Transport
2025-01-22,More Supermarket,549.03,DEBIT,Groceries
2025-01-22,More Supermarket,427.53,DEBIT,Groceries
2025-01-22,More Supermarket,719.41,DEBIT,Groceries
2025-01-22,BigBasket order,797.73,DEBIT,Groceries
2025-01-22,Myntra order,866.54,DEBIT,Shopping
2025-01-22,Dominos Pizza,466.76,DEBIT,Take-out
2025-01-22,Uber ride,422.93,DEBIT,Transport
2025-01-22,Mumbai Metro recharge,216.96,DEBIT,Transport
2025-01-22,Mahanagar Gas bill,261.53,DEBIT,Utilities
2025-01-23,BigBasket order,847.35,DEBIT,Groceries
2025-01-23,BigBasket order,209.32,DEBIT,Groceries
2025-01-23,Behrouz Biryani,240.95,DEBIT,Take-out
2025-01-23,Cafe Coffee Day,442.05,DEBIT,Take-out
2025-01-23,Uber ride,130.42,DEBIT,Transport
2025-01-23,Ola Cabs,144.21,DEBIT,Transport
2025-01-23,Uber ride,88.74,DEBIT,Transport
2025-01-23,Airtel Fibre broadband,600.68,DEBIT,Utilities
2025-01-23,Mahanagar Gas bill,771.91,DEBIT,Utilities
2025-01-24,PVR Cinemas,364.82,DEBIT,Entertainment
2025-01-24,BookMyShow tickets,201.96,DEBIT,Entertainment
2025-01-24,Netflix subscription,651.36,DEBIT,Entertainment
2025-01-24,Fresh Fruits & Veg Co.,821.37,DEBIT,Groceries
2025-01-24,Fresh Fruits & Veg Co.,523.98,DEBIT,Groceries
2025-01-24,Zomato order,254.51,DEBIT,Take-out
2025-01-24,Mahanagar Gas bill,697.12,DEBIT,Utilities
2025-01-25,Reliance Fresh,649.78,DEBIT,Groceries
2025-01-25,Reliance Fresh,948.79,DEBIT,Groceries
2025-01-25,BigBasket order,1090.88,DEBIT,Groceries
2025-01-25,BigBasket order,730.81,DEBIT,Groceries
2025-01-25,Indian Oil fuel,347.40,DEBIT,Transport
2025-01-25,HP Petrol Pump,185.40,DEBIT,Transport
2025-01-25,Water tax payment,532.58,DEBIT,Utilities
2025-01-26,Nature's Basket,548.27,DEBIT,Groceries
2025-01-26,Fresh Fruits & Veg Co.,898.89,DEBIT,Groceries
2025-01-26,Croma Electronics,1357.38,DEBIT,Shopping
2025-01-26,Starbucks Powai,207.92,DEBIT,Take-out
2025-01-26,Dominos Pizza,308.24,DEBIT,Take-out
2025-01-26,Cafe Coffee Day,125.06,DEBIT,Take-out
2025-01-26,Indian Oil fuel,415.02,DEBIT,Transport
2025-01-26,Jio postpaid bill,364.27,DEBIT,Utilities
2025-01-27,BookMyShow tickets,468.52,DEBIT,Entertainment
2025-01-27,Netflix subscription,152.53,DEBIT,Entertainment
2025-01-27,PVR Cinemas,414.29,DEBIT,Entertainment
2025-01-27,Croma Electronics,1191.38,DEBIT,Shopping
2025-01-27,Cafe Coffee Day,318.42,DEBIT,Take-out
2025-01-27,Starbucks Powai,344.54,DEBIT,Take-out
2025-01-27,CityFlo monthly pass,106.75,DEBIT,Transport
2025-01-28,Reliance Fresh,694.22,DEBIT,Groceries
2025-01-28,Decathlon Powai,890.77,DEBIT,Shopping
2025-01-28,Myntra order,1172.14,DEBIT,Shopping
2025-01-28,Cafe Coffee Day,270.88,DEBIT,Take-out
2025-01-28,Uber ride,167.27,DEBIT,Transport
2025-01-29,BigBasket order,363.32,DEBIT,Groceries
2025-01-29,IKEA Navi Mumbai,687.29,DEBIT,Shopping
2025-01-29,Flipkart order,1057.45,DEBIT,Shopping
2025-01-29,Uber ride,402.76,DEBIT,Transport
2025-01-29,Ola Cabs,458.68,DEBIT,Transport
2025-01-29,HP Petrol Pump,155.50,DEBIT,Transport
2025-01-29,Mahanagar Gas bill,255.59,DEBIT,Utilities
2025-01-30,PVR Cinemas,498.79,DEBIT,Entertainment
2025-01-30,Reliance Fresh,369.88,DEBIT,Groceries
2025-01-30,Nature's Basket,417.22,DEBIT,Groceries
2025-01-30,Flipkart order,1982.26,DEBIT,Shopping
2025-01-30,Dominos Pizza,319.30,DEBIT,Take-out
2025-01-30,Starbucks Powai,185.68,DEBIT,Take-out
2025-01-31,Netflix subscription,568.54,DEBIT,Entertainment
2025-01-31,BigBasket order,419.22,DEBIT,Groceries
2025-01-31,Reliance Fresh,611.61,DEBIT,Groceries
2025-01-31,Salary credited from Cyphersol Technologies,172000.00,CREDIT,Salary
2025-01-31,Myntra order,1584.61,DEBIT,Shopping
2025-01-31,Amazon.in order,1372.30,DEBIT,Shopping
2025-01-31,Behrouz Biryani,211.50,DEBIT,Take-out
2025-01-31,Zomato order,192.44,DEBIT,Take-out
2025-01-31,Uber ride,162.90,DEBIT,Transport
2025-02-01,Spotify Premium,232.59,DEBIT,Entertainment
2025-02-01,Reliance Fresh,634.50,DEBIT,Groceries
2025-02-01,House rent transfer to landlord,24000.00,DEBIT,Rent
2025-02-01,IKEA Navi Mumbai,2251.81,DEBIT,Shopping
2025-02-01,Flipkart order,1570.34,DEBIT,Shopping
2025-02-01,Cafe Coffee Day,363.28,DEBIT,Take-out
2025-02-01,Swiggy order,515.07,DEBIT,Take-out
2025-02-01,Swiggy order,219.97,DEBIT,Take-out
2025-02-02,Netflix subscription,625.62,DEBIT,Entertainment
2025-02-02,More Supermarket,504.45,DEBIT,Groceries
2025-02-02,Decathlon Powai,1654.79,DEBIT,Shopping
2025-02-02,Cafe Coffee Day,338.31,DEBIT,Take-out
2025-02-02,Cafe Coffee Day,388.29,DEBIT,Take-out
2025-02-02,Uber ride,216.74,DEBIT,Transport
2025-02-02,Jio postpaid bill,501.35,DEBIT,Utilities
2025-02-03,More Supermarket,805.83,DEBIT,Groceries
2025-02-03,BigBasket order,444.38,DEBIT,Groceries
2025-02-03,Cafe Coffee Day,338.42,DEBIT,Take-out
2025-02-03,Behrouz Biryani,287.29,DEBIT,Take-out
2025-02-03,Jio postpaid bill,284.84,DEBIT,Utilities
2025-02-03,Mahanagar Gas bill,491.13,DEBIT,Utilities
2025-02-03,Mahanagar Gas bill,142.22,DEBIT,Utilities
2025-02-03,Jio postpaid bill,613.25,DEBIT,Utilities
2025-02-04,Fresh Fruits & Veg Co.,684.89,DEBIT,Groceries
2025-02-04,Fresh Fruits & Veg Co.,449.67,DEBIT,Groceries
2025-02-04,Nature's Basket,533.19,DEBIT,Groceries
2025-02-04,More Supermarket,295.67,DEBIT,Groceries
2025-02-04,Starbucks Powai,298.45,DEBIT,Take-out
2025-02-04,Swiggy order,159.05,DEBIT,Take-out
2025-02-04,Behrouz Biryani,114.53,DEBIT,Take-out
2025-02-04,Starbucks Powai,177.67,DEBIT,Take-out
2025-02-04,Behrouz Biryani,494.99,DEBIT,Take-out
2025-02-05,Nature's Basket,262.14,DEBIT,Groceries
2025-02-05,HDFC Home Loan EMI,12500.00,DEBIT,Loan-Payments
2025-02-05,IKEA Navi Mumbai,1217.37,DEBIT,Shopping
2025-02-05,Zomato order,329.35,DEBIT,Take-out
2025-02-05,Cafe Coffee Day,316.82,DEBIT,Take-out
2025-02-05,Behrouz Biryani,294.46,DEBIT,Take-out
2025-02-05,Indian Oil fuel,149.43,DEBIT,Transport
2025-02-05,Uber ride,244.50,DEBIT,Transport
2025-02-05,Airtel Fibre broadband,609.80,DEBIT,Utilities
2025-02-06,PVR Cinemas,281.35,DEBIT,Entertainment
2025-02-06,Nature's Basket,500.89,DEBIT,Groceries
2025-02-06,Starbucks Powai,286.66,DEBIT,Take-out
2025-02-06,CityFlo monthly pass,389.38,DEBIT,Transport
2025-02-06,MSEB electricity bill,319.66,DEBIT,Utilities
2025-02-06,Jio postpaid bill,654.88,DEBIT,Utilities
2025-02-07,More Supermarket,691.62,DEBIT,Groceries
2025-02-07,Fresh Fruits & Veg Co.,838.88,DEBIT,Groceries
2025-02-07,BigBasket order,454.06,DEBIT,Groceries
2025-02-07,BigBasket order,511.48,DEBIT,Groceries
2025-02-07,Credit Card bill payment,6800.00,DEBIT,Loan-Payments
2025-02-07,Flipkart order,683.88,DEBIT,Shopping
2025-02-07,Uber ride,345.80,DEBIT,Transport
2025-02-07,Water tax payment,702.82,DEBIT,Utilities
2025-02-07,Water tax payment,986.55,DEBIT,Utilities
2025-02-08,BookMyShow tickets,463.62,DEBIT,Entertainment
2025-02-08,BigBasket order,645.55,DEBIT,Groceries
2025-02-08,More Supermarket,216.88,DEBIT,Groceries
2025-02-08,Nature's Basket,655.85,DEBIT,Groceries
2025-02-08,BigBasket order,530.22,DEBIT,Groceries
2025-02-08,Zomato order,432.34,DEBIT,Take-out
2025-02-08,Zomato order,160.63,DEBIT,Take-out
2025-02-08,Behrouz Biryani,262.89,DEBIT,Take-out
2025-02-08,CityFlo monthly pass,300.19,DEBIT,Transport
2025-02-09,Croma Electronics,976.99,DEBIT,Shopping
2025-02-09,Zomato order,334.21,DEBIT,Take-out
2025-02-09,Starbucks Powai,229.16,DEBIT,Take-out
2025-02-09,Starbucks Powai,484.26,DEBIT,Take-out
2025-02-09,Swiggy order,272.61,DEBIT,Take-out
2025-02-09,Water tax payment,848.17,DEBIT,Utilities
2025-02-10,Spotify Premium,299.27,DEBIT,Entertainment
2025-02-10,Spotify Premium,432.06,DEBIT,Entertainment
2025-02-10,Fresh Fruits & Veg Co.,508.52,DEBIT,Groceries
2025-02-10,Nature's Basket,1023.92,DEBIT,Groceries
2025-02-10,Decathlon Powai,1949.69,DEBIT,Shopping
2025-02-10,Amazon.in order,834.73,DEBIT,Shopping
2025-02-10,Starbucks Powai,439.11,DEBIT,Take-out
2025-02-11,Fresh Fruits & Veg Co.,233.29,DEBIT,Groceries
2025-02-11,Decathlon Powai,902.04,DEBIT,Shopping
2025-02-11,Starbucks Powai,455.20,DEBIT,Take-out
2025-02-11,Swiggy order,272.03,DEBIT,Take-out
2025-02-11,Uber ride,383.51,DEBIT,Transport
2025-02-11,HP Petrol Pump,171.06,DEBIT,Transport
2025-02-11,Water tax payment,521.43,DEBIT,Utilities
2025-02-12,BigBasket order,335.21,DEBIT,Groceries
2025-02-12,Nature's Basket,482.87,DEBIT,Groceries
2025-02-12,Myntra order,699.24,DEBIT,Shopping
2025-02-12,Flipkart order,1037.83,DEBIT,Shopping
2025-02-12,Cafe Coffee Day,149.70,DEBIT,Take-out
2025-02-12,Mumbai Metro recharge,160.25,DEBIT,Transport
2025-02-12,Airtel Fibre broadband,544.94,DEBIT,Utilities
2025-02-12,Airtel Fibre broadband,935.43,DEBIT,Utilities
2025-02-12,Airtel Fibre broadband,397.61,DEBIT,Utilities
2025-02-13,More Supermarket,642.73,DEBIT,Groceries
2025-02-13,More Supermarket,389.67,DEBIT,Groceries
2025-02-13,Dominos Pizza,545.04,DEBIT,Take-out
2025-02-13,Dominos Pizza,194.02,DEBIT,Take-out
2025-02-13,Dominos Pizza,264.84,DEBIT,Take-out
2025-02-13,Zomato order,125.47,DEBIT,Take-out
2025-02-13,Mumbai Metro recharge,404.30,DEBIT,Transport
2025-02-13,Uber ride,296.83,DEBIT,Transport
2025-02-14,BigBasket order,592.52,DEBIT,Groceries
2025-02-14,Ola Cabs,139.65,DEBIT,Transport
2025-02-14,HP Petrol Pump,97.25,DEBIT,Transport
2025-02-14,Uber ride,222.76,DEBIT,Transport
2025-02-14,Ola Cabs,139.60,DEBIT,Transport
2025-02-14,MSEB electricity bill,361.77,DEBIT,Utilities
2025-02-14,Airtel Fibre broadband,801.80,DEBIT,Utilities
2025-02-15,More Supermarket,828.85,DEBIT,Groceries
2025-02-15,Fresh Fruits & Veg Co.,366.27,DEBIT,Groceries
2025-02-15,Croma Electronics,2014.69,DEBIT,Shopping
2025-02-15,Starbucks Powai,172.89,DEBIT,Take-out
2025-02-15,Zomato order,331.81,DEBIT,Take-out
2025-02-15,Uber ride,182.55,DEBIT,Transport
2025-02-16,Nature's Basket,913.66,DEBIT,Groceries
2025-02-16,DMart Andheri West,363.74,DEBIT,Groceries
2025-02-16,More Supermarket,368.39,DEBIT,Groceries
2025-02-16,Zomato order,118.98,DEBIT,Take-out
2025-02-16,HP Petrol Pump,259.80,DEBIT,Transport
2025-02-16,Mahanagar Gas bill,534.61,DEBIT,Utilities
2025-02-16,Airtel Fibre broadband,269.55,DEBIT,Utilities
2025-02-17,Netflix subscription,537.82,DEBIT,Entertainment
2025-02-17,Reliance Fresh,247.87,DEBIT,Groceries
2025-02-17,Reliance Fresh,757.22,DEBIT,Groceries
2025-02-17,Croma Electronics,1239.71,DEBIT,Shopping
2025-02-17,Starbucks Powai,332.15,DEBIT,Take-out
2025-02-17,CityFlo monthly pass,197.05,DEBIT,Transport
2025-02-17,Mumbai Metro recharge,330.75,DEBIT,Transport
2025-02-17,Jio postpaid bill,589.37,DEBIT,Utilities
2025-02-17,MSEB electricity bill,989.63,DEBIT,Utilities
2025-02-18,BookMyShow tickets,134.51,DEBIT,Entertainment
2025-02-18,Reliance Fresh,696.67,DEBIT,Groceries
2025-02-18,IKEA Navi Mumbai,2308.83,DEBIT,Shopping
2025-02-18,Behrouz Biryani,325.77,DEBIT,Take-out
2025-02-18,Mahanagar Gas bill,395.33,DEBIT,Utilities
2025-02-19,More Supermarket,446.60,DEBIT,Groceries
2025-02-19,More Supermarket,974.32,DEBIT,Groceries
2025-02-19,Nature's Basket,761.91,DEBIT,Groceries
2025-02-19,Amazon.in order,1618.69,DEBIT,Shopping
2025-02-19,Starbucks Powai,528.17,DEBIT,Take-out
2025-02-19,Behrouz Biryani,263.51,DEBIT,Take-out
2025-02-19,Uber ride,220.65,DEBIT,Transport
2025-02-19,Jio postpaid bill,634.83,DEBIT,Utilities
2025-02-20,Spotify Premium,495.31,DEBIT,Entertainment
2025-02-20,Steam games purchase,797.48,DEBIT,Entertainment
2025-02-20,BigBasket order,260.54,DEBIT,Groceries
2025-02-20,Starbucks Powai,134.07,DEBIT,Take-out
2025-02-20,Behrouz Biryani,356.71,DEBIT,Take-out
2025-02-20,Jio postpaid bill,453.35,DEBIT,Utilities
2025-02-21,IKEA Navi Mumbai,1165.28,DEBIT,Shopping
2025-02-21,Zomato order,391.77,DEBIT,Take-out
2025-02-21,Mumbai Metro recharge,82.35,DEBIT,Transport
2025-02-21,Indian Oil fuel,327.33,DEBIT,Transport
2025-02-21,Mumbai Metro recharge,297.01,DEBIT,Transport
2025-02-21,Uber ride,357.23,DEBIT,Transport
2025-02-22,Nature's Basket,362.26,DEBIT,Groceries
2025-02-22,Nature's Basket,376.24,DEBIT,Groceries
2025-02-22,Starbucks Powai,553.50,DEBIT,Take-out
2025-02-22,Starbucks Powai,112.33,DEBIT,Take-out
2025-02-22,Behrouz Biryani,277.39,DEBIT,Take-out
2025-02-22,Uber ride,263.87,DEBIT,Transport
2025-02-22,Mumbai Metro recharge,213.10,DEBIT,Transport
2025-02-22,Uber ride,128.26,DEBIT,Transport
2025-02-22,Airtel Fibre broadband,509.95,DEBIT,Utilities
2025-02-23,More Supermarket,596.49,DEBIT,Groceries
2025-02-23,Fresh Fruits & Veg Co.,770.83,DEBIT,Groceries
2025-02-23,IKEA Navi Mumbai,829.10,DEBIT,Shopping
2025-02-23,Cafe Coffee Day,223.74,DEBIT,Take-out
2025-02-23,Behrouz Biryani,292.04,DEBIT,Take-out
2025-02-23,Uber ride,384.49,DEBIT,Transport
2025-02-23,Mumbai Metro recharge,230.79,DEBIT,Transport
2025-02-24,Spotify Premium,693.51,DEBIT,Entertainment
2025-02-24,Nature's Basket,896.31,DEBIT,Groceries
2025-02-24,Behrouz Biryani,456.45,DEBIT,Take-out
2025-02-24,Jio postpaid bill,787.75,DEBIT,Utilities
2025-02-24,Water tax payment,764.94,DEBIT,Utilities
2025-02-25,Nature's Basket,591.02,DEBIT,Groceries
2025-02-25,Nature's Basket,608.56,DEBIT,Groceries
2025-02-25,Decathlon Powai,690.60,DEBIT,Shopping
2025-02-25,Swiggy order,283.38,DEBIT,Take-out
2025-02-25,Uber ride,212.01,DEBIT,Transport
2025-02-25,Ola Cabs,318.96,DEBIT,Transport
2025-02-26,DMart Andheri West,304.02,DEBIT,Groceries
2025-02-26,Behrouz Biryani,573.00,DEBIT,Take-out
2025-02-26,Indian Oil fuel,364.36,DEBIT,Transport
2025-02-26,Water tax payment,355.08,DEBIT,Utilities
2025-02-26,Jio postpaid bill,592.00,DEBIT,Utilities
2025-02-27,Netflix subscription,649.93,DEBIT,Entertainment
2025-02-27,DMart Andheri West,381.70,DEBIT,Groceries
2025-02-27,Reliance Fresh,619.13,DEBIT,Groceries
2025-02-27,Amazon.in order,1763.51,DEBIT,Shopping
2025-02-27,MSEB electricity bill,420.03,DEBIT,Utilities
2025-02-28,Nature's Basket,666.35,DEBIT,Groceries
2025-02-28,Reliance Fresh,890.75,DEBIT,Groceries
2025-02-28,Salary credited from Cyphersol Technologies,172000.00,CREDIT,Salary
2025-02-28,Myntra order,1712.22,DEBIT,Shopping
2025-02-28,Dominos Pizza,466.18,DEBIT,Take-out
2025-02-28,Indian Oil fuel,90.82,DEBIT,Transport
2025-03-01,DMart Andheri West,365.80,DEBIT,Groceries
2025-03-01,Nature's Basket,983.86,DEBIT,Groceries
2025-03-01,House rent transfer to landlord,24000.00,DEBIT,Rent
2025-03-01,Swiggy order,441.71,DEBIT,Take-out
2025-03-01,Swiggy order,460.15,DEBIT,Take-out
2025-03-01,Starbucks Powai,287.05,DEBIT,Take-out
2025-03-01,Ola Cabs,105.51,DEBIT,Transport
2025-03-02,PVR Cinemas,530.94,DEBIT,Entertainment
2025-03-02,Fresh Fruits & Veg Co.,269.92,DEBIT,Groceries
2025-03-02,Amazon.in order,1560.64,DEBIT,Shopping
2025-03-02,Dominos Pizza,181.25,DEBIT,Take-out
2025-03-02,Dominos Pizza,89.20,DEBIT,Take-out
2025-03-02,Starbucks Powai,315.95,DEBIT,Take-out
2025-03-02,CityFlo monthly pass,317.91,DEBIT,Transport
2025-03-03,PVR Cinemas,391.46,DEBIT,Entertainment
2025-03-03,BookMyShow tickets,385.50,DEBIT,Entertainment
2025-03-03,Reliance Fresh,810.79,DEBIT,Groceries
2025-03-03,Reliance Fresh,388.32,DEBIT,Groceries
2025-03-03,Amazon.in order,2562.06,DEBIT,Shopping
2025-03-03,Croma Electronics,1639.59,DEBIT,Shopping
2025-03-03,Zomato order,210.52,DEBIT,Take-out
2025-03-03,Zomato order,268.38,DEBIT,Take-out
2025-03-03,HP Petrol Pump,143.27,DEBIT,Transport
2025-03-04,DMart Andheri West,309.08,DEBIT,Groceries
2025-03-04,Reliance Fresh,247.97,DEBIT,Groceries
2025-03-04,Myntra order,1029.61,DEBIT,Shopping
2025-03-04,Swiggy order,365.34,DEBIT,Take-out
2025-03-04,CityFlo monthly pass,246.44,DEBIT,Transport
2025-03-04,Ola Cabs,169.51,DEBIT,Transport
2025-03-04,Mahanagar Gas bill,667.06,DEBIT,Utilities
2025-03-05,Fresh Fruits & Veg Co.,558.68,DEBIT,Groceries
2025-03-05,More Supermarket,135.84,DEBIT,Groceries
2025-03-05,BigBasket order,283.78,DEBIT,Groceries
2025-03-05,Reliance Fresh,632.78,DEBIT,Groceries
2025-03-05,HDFC Home Loan EMI,12500.00,DEBIT,Loan-Payments
2025-03-05,Zomato order,195.75,DEBIT,Take-out
2025-03-05,Behrouz Biryani,152.59,DEBIT,Take-out
2025-03-05,Uber ride,338.27,DEBIT,Transport
2025-03-06,DMart Andheri West,627.48,DEBIT,Groceries
2025-03-06,More Supermarket,577.79,DEBIT,Groceries
2025-03-06,Fresh Fruits & Veg Co.,667.71,DEBIT,Groceries
2025-03-06,BigBasket order,574.62,DEBIT,Groceries
2025-03-06,Starbucks Powai,404.45,DEBIT,Take-out
2025-03-06,Zomato order,132.82,DEBIT,Take-out
2025-03-07,Netflix subscription,299.34,DEBIT,Entertainment
2025-03-07,Steam games purchase,740.76,DEBIT,Entertainment
2025-03-07,BigBasket order,367.33,DEBIT,Groceries
2025-03-07,Credit Card bill payment,6800.00,DEBIT,Loan-Payments
2025-03-07,Croma Electronics,430.85,DEBIT,Shopping
2025-03-07,Starbucks Powai,469.51,DEBIT,Take-out
2025-03-07,Uber ride,149.03,DEBIT,Transport
2025-03-07,Ola Cabs,208.40,DEBIT,Transport
2025-03-07,Water tax payment,729.88,DEBIT,Utilities
2025-03-08,Spotify Premium,773.91,DEBIT,Entertainment
2025-03-08,Steam games purchase,367.28,DEBIT,Entertainment
2025-03-08,BookMyShow tickets,426.83,DEBIT,Entertainment
2025-03-08,Fresh Fruits & Veg Co.,349.46,DEBIT,Groceries
2025-03-08,HP Petrol Pump,399.29,DEBIT,Transport
2025-03-08,Indian Oil fuel,229.53,DEBIT,Transport
2025-03-09,Fresh Fruits & Veg Co.,373.98,DEBIT,Groceries
2025-03-09,BigBasket order,618.61,DEBIT,Groceries
2025-03-09,DMart Andheri West,581.72,DEBIT,Groceries
2025-03-09,More Supermarket,582.74,DEBIT,Groceries
2025-03-09,Flipkart order,1696.67,DEBIT,Shopping
2025-03-09,Decathlon Powai,1491.33,DEBIT,Shopping
2025-03-09,Zomato order,228.97,DEBIT,Take-out
2025-03-09,Uber ride,388.48,DEBIT,Transport
2025-03-09,MSEB electricity bill,493.32,DEBIT,Utilities
2025-03-10,BigBasket order,487.65,DEBIT,Groceries
2025-03-10,Fresh Fruits & Veg Co.,441.78,DEBIT,Groceries
2025-03-10,More Supermarket,400.18,DEBIT,Groceries
2025-03-10,Croma Electronics,638.37,DEBIT,Shopping
2025-03-10,Dominos Pizza,372.72,DEBIT,Take-out
2025-03-10,Swiggy order,80.89,DEBIT,Take-out
2025-03-10,Ola Cabs,470.76,DEBIT,Transport
2025-03-10,HP Petrol Pump,458.93,DEBIT,Transport
2025-03-10,Mumbai Metro recharge,174.74,DEBIT,Transport
2025-03-11,BookMyShow tickets,731.45,DEBIT,Entertainment
2025-03-11,Nature's Basket,175.37,DEBIT,Groceries
2025-03-11,More Supermarket,482.44,DEBIT,Groceries
2025-03-11,Nature's Basket,189.30,DEBIT,Groceries
2025-03-11,Flipkart order,1986.87,DEBIT,Shopping
2025-03-11,Cafe Coffee Day,223.22,DEBIT,Take-out
2025-03-11,Dominos Pizza,380.71,DEBIT,Take-out
2025-03-11,Uber ride,426.69,DEBIT,Transport
2025-03-11,MSEB electricity bill,607.24,DEBIT,Utilities
2025-03-12,Netflix subscription,295.07,DEBIT,Entertainment
2025-03-12,Behrouz Biryani,164.06,DEBIT,Take-out
2025-03-12,Swiggy order,169.37,DEBIT,Take-out
2025-03-12,Indian Oil fuel,68.66,DEBIT,Transport
2025-03-12,MSEB electricity bill,654.30,DEBIT,Utilities
2025-03-13,More Supermarket,872.97,DEBIT,Groceries
2025-03-13,Myntra order,1009.91,DEBIT,Shopping
2025-03-13,Swiggy order,241.65,DEBIT,Take-out
2025-03-13,Indian Oil fuel,247.79,DEBIT,Transport
2025-03-13,MSEB electricity bill,311.84,DEBIT,Utilities
2025-03-14,DMart Andheri West,572.12,DEBIT,Groceries
2025-03-14,Reliance Fresh,570.66,DEBIT,Groceries
2025-03-14,Reliance Fresh,970.11,DEBIT,Groceries
2025-03-14,Decathlon Powai,609.59,DEBIT,Shopping
2025-03-14,Behrouz Biryani,386.42,DEBIT,Take-out
2025-03-14,Behrouz Biryani,507.03,DEBIT,Take-out
2025-03-15,Steam games purchase,686.56,DEBIT,Entertainment
2025-03-15,Reliance Fresh,706.83,DEBIT,Groceries
2025-03-15,Reliance Fresh,598.74,DEBIT,Groceries
2025-03-15,Flipkart order,874.46,DEBIT,Shopping
2025-03-15,Decathlon Powai,1210.60,DEBIT,Shopping
2025-03-15,CityFlo monthly pass,193.81,DEBIT,Transport
2025-03-16,PVR Cinemas,350.47,DEBIT,Entertainment
2025-03-16,Croma Electronics,1138.71,DEBIT,Shopping
2025-03-16,Swiggy order,178.20,DEBIT,Take-out
2025-03-16,Mumbai Metro recharge,109.97,DEBIT,Transport
2025-03-16,Mumbai Metro recharge,189.02,DEBIT,Transport
2025-03-16,HP Petrol Pump,420.81,DEBIT,Transport
2025-03-17,Netflix subscription,355.96,DEBIT,Entertainment
2025-03-17,Amazon.in order,2214.57,DEBIT,Shopping
2025-03-17,Behrouz Biryani,297.60,DEBIT,Take-out
2025-03-17,Starbucks Powai,84.06,DEBIT,Take-out
2025-03-17,Starbucks Powai,286.38,DEBIT,Take-out
2025-03-17,HP Petrol Pump,229.99,DEBIT,Transport
2025-03-18,BigBasket order,367.00,DEBIT,Groceries
2025-03-18,Nature's Basket,569.53,DEBIT,Groceries
2025-03-18,Nature's Basket,634.25,DEBIT,Groceries
2025-03-18,Dominos Pizza,295.59,DEBIT,Take-out
2025-03-18,CityFlo monthly pass,446.80,DEBIT,Transport
2025-03-18,Mumbai Metro recharge,430.38,DEBIT,Transport
2025-03-19,PVR Cinemas,568.73,DEBIT,Entertainment
2025-03-19,BigBasket order,767.80,DEBIT,Groceries
2025-03-19,DMart Andheri West,518.63,DEBIT,Groceries
2025-03-19,DMart Andheri West,275.03,DEBIT,Groceries
2025-03-19,HP Petrol Pump,183.73,DEBIT,Transport
2025-03-20,Netflix subscription,562.09,DEBIT,Entertainment
2025-03-20,Steam games purchase,691.74,DEBIT,Entertainment
2025-03-20,More Supermarket,386.92,DEBIT,Groceries
2025-03-20,Fresh Fruits & Veg Co.,225.90,DEBIT,Groceries
2025-03-20,Fresh Fruits & Veg Co.,311.75,DEBIT,Groceries
2025-03-20,Behrouz Biryani,101.65,DEBIT,Take-out
2025-03-20,Zomato order,391.09,DEBIT,Take-out
2025-03-20,Uber ride,165.32,DEBIT,Transport
2025-03-20,Mumbai Metro recharge,249.71,DEBIT,Transport
2025-03-21,Netflix subscription,308.80,DEBIT,Entertainment
2025-03-21,PVR Cinemas,480.24,DEBIT,Entertainment
2025-03-21,BigBasket order,364.01,DEBIT,Groceries
2025-03-21,Nature's Basket,430.52,DEBIT,Groceries
2025-03-21,Fresh Fruits & Veg Co.,448.46,DEBIT,Groceries
2025-03-21,DMart Andheri West,193.04,DEBIT,Groceries
2025-03-21,Behrouz Biryani,483.99,DEBIT,Take-out
2025-03-21,Uber ride,266.66,DEBIT,Transport
2025-03-22,BookMyShow tickets,171.95,DEBIT,Entertainment
2025-03-22,Fresh Fruits & Veg Co.,376.22,DEBIT,Groceries
2025-03-22,More Supermarket,700.59,DEBIT,Groceries
2025-03-22,Nature's Basket,554.99,DEBIT,Groceries
2025-03-22,Starbucks Powai,260.98,DEBIT,Take-out
2025-03-22,Uber ride,325.73,DEBIT,Transport
2025-03-23,Steam games purchase,603.23,DEBIT,Entertainment
2025-03-23,More Supermarket,459.93,DEBIT,Groceries
2025-03-23,Flipkart order,628.95,DEBIT,Shopping
2025-03-23,Starbucks Powai,104.88,DEBIT,Take-out
2025-03-23,CityFlo monthly pass,322.48,DEBIT,Transport
2025-03-23,Uber ride,259.63,DEBIT,Transport
2025-03-23,Jio postpaid bill,441.14,DEBIT,Utilities
2025-03-23,Airtel Fibre broadband,481.04,DEBIT,Utilities
2025-03-24,PVR Cinemas,575.44,DEBIT,Entertainment
2025-03-24,BigBasket order,508.88,DEBIT,Groceries
2025-03-24,DMart Andheri West,833.91,DEBIT,Groceries
2025-03-24,Starbucks Powai,246.12,DEBIT,Take-out
2025-03-24,Starbucks Powai,410.34,DEBIT,Take-out
2025-03-25,Spotify Premium,455.01,DEBIT,Entertainment
2025-03-25,Fresh Fruits & Veg Co.,102.52,DEBIT,Groceries
2025-03-25,Reliance Fresh,369.69,DEBIT,Groceries
2025-03-25,Mumbai Metro recharge,224.50,DEBIT,Transport
2025-03-25,Mumbai Metro recharge,450.93,DEBIT,Transport
2025-03-26,Spotify Premium,87.71,DEBIT,Entertainment
2025-03-26,Fresh Fruits & Veg Co.,313.44,DEBIT,Groceries
2025-03-26,Nature's Basket,313.92,DEBIT,Groceries
2025-03-26,More Supermarket,775.38,DEBIT,Groceries
2025-03-26,BigBasket order,609.91,DEBIT,Groceries
2025-03-26,Ola Cabs,172.36,DEBIT,Transport
2025-03-26,MSEB electricity bill,609.50,DEBIT,Utilities
2025-03-27,PVR Cinemas,376.87,DEBIT,Entertainment
2025-03-27,Nature's Basket,341.55,DEBIT,Groceries
2025-03-27,Nature's Basket,367.56,DEBIT,Groceries
2025-03-27,DMart Andheri West,566.89,DEBIT,Groceries
2025-03-27,Amazon.in order,1647.26,DEBIT,Shopping
2025-03-27,Croma Electronics,1880.85,DEBIT,Shopping
2025-03-27,Croma Electronics,1294.20,DEBIT,Shopping
2025-03-27,Dominos Pizza,334.83,DEBIT,Take-out
2025-03-27,Uber ride,126.75,DEBIT,Transport
2025-03-28,Reliance Fresh,209.82,DEBIT,Groceries
2025-03-28,More Supermarket,912.22,DEBIT,Groceries
2025-03-28,DMart Andheri West,999.20,DEBIT,Groceries
2025-03-28,Zomato order,234.52,DEBIT,Take-out
2025-03-28,Uber ride,391.86,DEBIT,Transport
2025-03-28,Jio postpaid bill,558.60,DEBIT,Utilities
2025-03-28,Jio postpaid bill,834.26,DEBIT,Utilities
2025-03-28,Water tax payment,371.82,DEBIT,Utilities
2025-03-28,Water tax payment,500.79,DEBIT,Utilities
2025-03-29,Netflix subscription,99.23,DEBIT,Entertainment
2025-03-29,DMart Andheri West,297.36,DEBIT,Groceries
2025-03-29,BigBasket order,745.06,DEBIT,Groceries
2025-03-29,Myntra order,1385.01,DEBIT,Shopping
2025-03-29,Dominos Pizza,377.79,DEBIT,Take-out
2025-03-29,Indian Oil fuel,406.45,DEBIT,Transport
2025-03-30,More Supermarket,352.12,DEBIT,Groceries
2025-03-30,Fresh Fruits & Veg Co.,258.35,DEBIT,Groceries
2025-03-30,Zomato order,91.22,DEBIT,Take-out
2025-03-30,Swiggy order,101.29,DEBIT,Take-out
2025-03-30,Uber ride,181.60,DEBIT,Transport
2025-03-30,Jio postpaid bill,293.47,DEBIT,Utilities
2025-03-31,Netflix subscription,452.27,DEBIT,Entertainment
2025-03-31,More Supermarket,282.55,DEBIT,Groceries
2025-03-31,DMart Andheri West,556.78,DEBIT,Groceries
2025-03-31,Nature's Basket,598.92,DEBIT,Groceries
2025-03-31,DMart Andheri West,529.13,DEBIT,Groceries
2025-03-31,Salary credited from Cyphersol Technologies,172000.00,CREDIT,Salary
2025-03-31,Zomato order,263.84,DEBIT,Take-out
2025-03-31,Starbucks Powai,491.26,DEBIT,Take-out
2025-03-31,MSEB electricity bill,712.65,DEBIT,Utilities
2025-04-01,House rent transfer to landlord,24000.00,DEBIT,Rent
2025-04-01,IKEA Navi Mumbai,658.58,DEBIT,Shopping
2025-04-01,Decathlon Powai,459.82,DEBIT,Shopping
2025-04-01,Zomato order,437.98,DEBIT,Take-out
2025-04-01,Ola Cabs,209.95,DEBIT,Transport
2025-04-01,Mumbai Metro recharge,301.85,DEBIT,Transport
2025-04-01,Mumbai Metro recharge,238.65,DEBIT,Transport
2025-04-02,Reliance Fresh,433.68,DEBIT,Groceries
2025-04-02,Nature's Basket,468.07,DEBIT,Groceries
2025-04-02,Dominos Pizza,382.75,DEBIT,Take-out
2025-04-02,Swiggy order,187.50,DEBIT,Take-out
2025-04-02,Cafe Coffee Day,342.05,DEBIT,Take-out
2025-04-03,Reliance Fresh,670.78,DEBIT,Groceries
2025-04-03,More Supermarket,387.91,DEBIT,Groceries
2025-04-03,More Supermarket,135.20,DEBIT,Groceries
2025-04-03,Flipkart order,1646.80,DEBIT,Shopping
2025-04-03,Starbucks Powai,288.11,DEBIT,Take-out
2025-04-03,Zomato order,227.05,DEBIT,Take-out
2025-04-03,Uber ride,277.65,DEBIT,Transport
2025-04-03,Jio postpaid bill,302.37,DEBIT,Utilities
2025-04-04,Reliance Fresh,371.35,DEBIT,Groceries
2025-04-04,BigBasket order,629.54,DEBIT,Groceries
2025-04-04,Myntra order,1378.68,DEBIT,Shopping
2025-04-04,Behrouz Biryani,135.95,DEBIT,Take-out
2025-04-04,Cafe Coffee Day,221.32,DEBIT,Take-out
2025-04-04,CityFlo monthly pass,134.00,DEBIT,Transport
2025-04-04,Jio postpaid bill,499.99,DEBIT,Utilities
2025-04-05,Reliance Fresh,748.37,DEBIT,Groceries
2025-04-05,Nature's Basket,756.37,DEBIT,Groceries
2025-04-05,HDFC Home Loan EMI,12500.00,DEBIT,Loan-Payments
2025-04-05,Dominos Pizza,356.28,DEBIT,Take-out
2025-04-05,Behrouz Biryani,407.18,DEBIT,Take-out
2025-04-05,Mumbai Metro recharge,100.88,DEBIT,Transport
2025-04-05,Mahanagar Gas bill,306.02,DEBIT,Utilities
2025-04-06,Netflix subscription,603.23,DEBIT,Entertainment
2025-04-06,BigBasket order,706.62,DEBIT,Groceries
2025-04-06,Croma Electronics,916.48,DEBIT,Shopping
2025-04-06,IKEA Navi Mumbai,374.54,DEBIT,Shopping
2025-04-06,Starbucks Powai,185.22,DEBIT,Take-out
2025-04-06,Ola Cabs,151.47,DEBIT,Transport
2025-04-06,Ola Cabs,365.02,DEBIT,Transport
2025-04-06,Jio postpaid bill,239.21,DEBIT,Utilities
2025-04-07,Steam games purchase,259.02,DEBIT,Entertainment
2025-04-07,Nature's Basket,455.89,DEBIT,Groceries
2025-04-07,Reliance Fresh,321.00,DEBIT,Groceries
2025-04-07,Fresh Fruits & Veg Co.,454.33,DEBIT,Groceries
2025-04-07,Nature's Basket,1004.04,DEBIT,Groceries
2025-04-07,Credit Card bill payment,6800.00,DEBIT,Loan-Payments
2025-04-07,Croma Electronics,1231.90,DEBIT,Shopping
2025-04-07,Dominos Pizza,216.85,DEBIT,Take-out
2025-04-08,DMart Andheri West,670.65,DEBIT,Groceries
2025-04-08,BigBasket order,922.17,DEBIT,Groceries
2025-04-08,Reliance Fresh,785.79,DEBIT,Groceries
2025-04-08,Nature's Basket,407.33,DEBIT,Groceries
2025-04-08,Croma Electronics,2278.28,DEBIT,Shopping
2025-04-08,Myntra order,1025.30,DEBIT,Shopping
2025-04-08,Uber ride,232.65,DEBIT,Transport
2025-04-08,Airtel Fibre broadband,471.24,DEBIT,Utilities
2025-04-09,DMart Andheri West,323.64,DEBIT,Groceries
2025-04-09,DMart Andheri West,424.17,DEBIT,Groceries
2025-04-09,Amazon.in order,1418.11,DEBIT,Shopping
2025-04-09,IKEA Navi Mumbai,2507.95,DEBIT,Shopping
2025-04-09,Indian Oil fuel,208.48,DEBIT,Transport
2025-04-09,HP Petrol Pump,228.36,DEBIT,Transport
2025-04-09,Airtel Fibre broadband,181.19,DEBIT,Utilities
2025-04-10,DMart Andheri West,342.41,DEBIT,Groceries
2025-04-10,BigBasket order,498.42,DEBIT,Groceries
2025-04-10,Fresh Fruits & Veg Co.,997.53,DEBIT,Groceries
2025-04-10,BigBasket order,459.20,DEBIT,Groceries
2025-04-10,Decathlon Powai,743.86,DEBIT,Shopping
2025-04-10,Cafe Coffee Day,440.72,DEBIT,Take-out
2025-04-10,Cafe Coffee Day,483.53,DEBIT,Take-out
2025-04-10,Swiggy order,318.19,DEBIT,Take-out
2025-04-10,Starbucks Powai,306.77,DEBIT,Take-out
2025-04-11,BookMyShow tickets,424.11,DEBIT,Entertainment
2025-04-11,Nature's Basket,803.36,DEBIT,Groceries
2025-04-11,Amazon.in order,979.21,DEBIT,Shopping
2025-04-11,Behrouz Biryani,224.75,DEBIT,Take-out
2025-04-11,Indian Oil fuel,85.37,DEBIT,Transport
2025-04-11,Uber ride,206.66,DEBIT,Transport
2025-04-12,PVR Cinemas,274.27,DEBIT,Entertainment
2025-04-12,BigBasket order,195.45,DEBIT,Groceries
2025-04-12,DMart Andheri West,402.80,DEBIT,Groceries
2025-04-12,Flipkart order,1400.46,DEBIT,Shopping
2025-04-12,Zomato order,198.23,DEBIT,Take-out
2025-04-12,CityFlo monthly pass,187.19,DEBIT,Transport
2025-04-12,Indian Oil fuel,288.82,DEBIT,Transport
2025-04-13,Fresh Fruits & Veg Co.,842.38,DEBIT,Groceries
2025-04-13,Reliance Fresh,731.04,DEBIT,Groceries
2025-04-13,Behrouz Biryani,252.90,DEBIT,Take-out
2025-04-13,Behrouz Biryani,93.83,DEBIT,Take-out
2025-04-13,Uber ride,414.10,DEBIT,Transport
2025-04-13,Mumbai Metro recharge,281.85,DEBIT,Transport
2025-04-14,Fresh Fruits & Veg Co.,872.36,DEBIT,Groceries
2025-04-14,CityFlo monthly pass,357.17,DEBIT,Transport
2025-04-14,CityFlo monthly pass,331.68,DEBIT,Transport
2025-04-14,CityFlo monthly pass,430.57,DEBIT,Transport
2025-04-14,Uber ride,332.76,DEBIT,Transport
2025-04-14,Mahanagar Gas bill,858.03,DEBIT,Utilities
2025-04-15,Reliance Fresh,935.38,DEBIT,Groceries
2025-04-15,Swiggy order,307.50,DEBIT,Take-out
2025-04-15,Cafe Coffee Day,337.63,DEBIT,Take-out
2025-04-15,Behrouz Biryani,183.26,DEBIT,Take-out
2025-04-15,Cafe Coffee Day,352.96,DEBIT,Take-out
2025-04-15,CityFlo monthly pass,179.37,DEBIT,Transport
2025-04-15,Ola Cabs,201.18,DEBIT,Transport
2025-04-15,Mumbai Metro recharge,301.37,DEBIT,Transport
2025-04-15,Airtel Fibre broadband,563.77,DEBIT,Utilities
2025-04-16,BigBasket order,912.71,DEBIT,Groceries
2025-04-16,IKEA Navi Mumbai,1200.41,DEBIT,Shopping
2025-04-16,Cafe Coffee Day,296.63,DEBIT,Take-out
2025-04-16,Mumbai Metro recharge,333.78,DEBIT,Transport
2025-04-16,Mumbai Metro recharge,512.64,DEBIT,Transport
2025-04-16,Uber ride,260.99,DEBIT,Transport
2025-04-16,Airtel Fibre broadband,537.04,DEBIT,Utilities
2025-04-17,PVR Cinemas,227.20,DEBIT,Entertainment
2025-04-17,Reliance Fresh,812.67,DEBIT,Groceries
2025-04-17,DMart Andheri West,314.86,DEBIT,Groceries
2025-04-17,Dominos Pizza,324.00,DEBIT,Take-out
2025-04-17,Cafe Coffee Day,319.18,DEBIT,Take-out
2025-04-17,Swiggy order,274.55,DEBIT,Take-out
2025-04-17,Behrouz Biryani,290.92,DEBIT,Take-out
2025-04-17,Ola Cabs,341.52,DEBIT,Transport
2025-04-17,Water tax payment,963.43,DEBIT,Utilities
2025-04-18,Steam games purchase,334.56,DEBIT,Entertainment
2025-04-18,DMart Andheri West,175.52,DEBIT,Groceries
2025-04-18,Cafe Coffee Day,443.57,DEBIT,Take-out
2025-04-18,Dominos Pizza,262.74,DEBIT,Take-out
2025-04-18,Uber ride,113.34,DEBIT,Transport
2025-04-18,Airtel Fibre broadband,402.32,DEBIT,Utilities
2025-04-19,PVR Cinemas,331.63,DEBIT,Entertainment
2025-04-19,Reliance Fresh,403.24,DEBIT,Groceries
2025-04-19,Starbucks Powai,391.70,DEBIT,Take-out
2025-04-19,Dominos Pizza,103.54,DEBIT,Take-out
2025-04-19,Indian Oil fuel,177.13,DEBIT,Transport
2025-04-20,DMart Andheri West,574.69,DEBIT,Groceries
2025-04-20,Fresh Fruits & Veg Co.,878.21,DEBIT,Groceries
2025-04-20,More Supermarket,609.60,DEBIT,Groceries
2025-04-20,Decathlon Powai,752.01,DEBIT,Shopping
2025-04-20,Starbucks Powai,247.46,DEBIT,Take-out
2025-04-20,Cafe Coffee Day,169.59,DEBIT,Take-out
2025-04-20,Dominos Pizza,225.97,DEBIT,Take-out
2025-04-21,BookMyShow tickets,436.59,DEBIT,Entertainment
2025-04-21,BigBasket order,429.32,DEBIT,Groceries
2025-04-21,Zomato order,160.15,DEBIT,Take-out
2025-04-21,Behrouz Biryani,523.84,DEBIT,Take-out
2025-04-21,Zomato order,127.19,DEBIT,Take-out
2025-04-21,Mumbai Metro recharge,91.33,DEBIT,Transport
2025-04-21,Mumbai Metro recharge,289.70,DEBIT,Transport
2025-04-21,MSEB electricity bill,277.64,DEBIT,Utilities
2025-04-22,Netflix subscription,379.97,DEBIT,Entertainment
2025-04-22,DMart Andheri West,710.42,DEBIT,Groceries
2025-04-22,Reliance Fresh,329.22,DEBIT,Groceries
2025-04-22,Zomato order,256.88,DEBIT,Take-out
2025-04-22,Behrouz Biryani,192.47,DEBIT,Take-out
2025-04-22,HP Petrol Pump,321.84,DEBIT,Transport
2025-04-22,HP Petrol Pump,275.20,DEBIT,Transport
2025-04-22,Jio postpaid bill,210.40,DEBIT,Utilities
2025-04-23,PVR Cinemas,491.62,DEBIT,Entertainment
2025-04-23,Reliance Fresh,1111.08,DEBIT,Groceries
2025-04-23,BigBasket order,264.90,DEBIT,Groceries
2025-04-23,Flipkart order,1731.54,DEBIT,Shopping
2025-04-23,Swiggy order,486.75,DEBIT,Take-out
2025-04-23,Behrouz Biryani,456.14,DEBIT,Take-out
2025-04-23,Starbucks Powai,502.14,DEBIT,Take-out
2025-04-23,Uber ride,445.92,DEBIT,Transport
2025-04-23,HP Petrol Pump,363.78,DEBIT,Transport
2025-04-24,BigBasket order,546.50,DEBIT,Groceries
2025-04-24,BigBasket order,946.93,DEBIT,Groceries
2025-04-24,Flipkart order,1848.02,DEBIT,Shopping
2025-04-24,Starbucks Powai,228.24,DEBIT,Take-out
2025-04-24,Dominos Pizza,432.47,DEBIT,Take-out
2025-04-24,Dominos Pizza,260.77,DEBIT,Take-out
2025-04-24,Ola Cabs,169.85,DEBIT,Transport
2025-04-24,Uber ride,237.23,DEBIT,Transport
2025-04-24,Airtel Fibre broadband,285.85,DEBIT,Utilities
2025-04-25,Netflix subscription,482.98,DEBIT,Entertainment
2025-04-25,Nature's Basket,600.96,DEBIT,Groceries
2025-04-25,Nature's Basket,642.38,DEBIT,Groceries
2025-04-25,BigBasket order,911.91,DEBIT,Groceries
2025-04-25,Nature's Basket,822.87,DEBIT,Groceries
2025-04-25,Decathlon Powai,420.04,DEBIT,Shopping
2025-04-25,Croma Electronics,1258.81,DEBIT,Shopping
2025-04-25,Dominos Pizza,351.34,DEBIT,Take-out
2025-04-25,HP Petrol Pump,76.47,DEBIT,Transport
2025-04-26,PVR Cinemas,309.21,DEBIT,Entertainment
2025-04-26,PVR Cinemas,768.83,DEBIT,Entertainment
2025-04-26,More Supermarket,285.64,DEBIT,Groceries
2025-04-26,BigBasket order,591.14,DEBIT,Groceries
2025-04-26,IKEA Navi Mumbai,549.69,DEBIT,Shopping
2025-04-26,IKEA Navi Mumbai,258.51,DEBIT,Shopping
2025-04-27,Spotify Premium,426.43,DEBIT,Entertainment
2025-04-27,BookMyShow tickets,585.17,DEBIT,Entertainment
2025-04-27,Nature's Basket,448.25,DEBIT,Groceries
2025-04-27,BigBasket order,155.21,DEBIT,Groceries
2025-04-27,Jio postpaid bill,292.40,DEBIT,Utilities
2025-04-28,Fresh Fruits & Veg Co.,448.59,DEBIT,Groceries
2025-04-28,Cafe Coffee Day,527.39,DEBIT,Take-out
2025-04-28,Dominos Pizza,511.76,DEBIT,Take-out
2025-04-28,Starbucks Powai,337.20,DEBIT,Take-out
2025-04-28,Starbucks Powai,405.52,DEBIT,Take-out
2025-04-28,Behrouz Biryani,372.89,DEBIT,Take-out
2025-04-28,Dominos Pizza,374.44,DEBIT,Take-out
2025-04-28,Uber ride,378.66,DEBIT,Transport
2025-04-28,Ola Cabs,413.56,DEBIT,Transport
2025-04-29,Netflix subscription,338.43,DEBIT,Entertainment
2025-04-29,Fresh Fruits & Veg Co.,852.93,DEBIT,Groceries
2025-04-29,Fresh Fruits & Veg Co.,258.40,DEBIT,Groceries
2025-04-29,Reversal of failed UPI payment,2315.26,CREDIT,Refund
2025-04-29,Flipkart order,2567.12,DEBIT,Shopping
2025-04-29,Dominos Pizza,160.64,DEBIT,Take-out
2025-04-29,HP Petrol Pump,203.38,DEBIT,Transport
2025-04-29,Ola Cabs,465.53,DEBIT,Transport
2025-04-29,Uber ride,345.63,DEBIT,Transport
2025-04-29,Water tax payment,265.26,DEBIT,Utilities
2025-04-30,Netflix subscription,410.13,DEBIT,Entertainment
2025-04-30,BookMyShow tickets,389.44,DEBIT,Entertainment
2025-04-30,Reliance Fresh,454.07,DEBIT,Groceries
2025-04-30,Salary credited from Cyphersol Technologies,172000.00,CREDIT,Salary
2025-04-30,Decathlon Powai,1033.93,DEBIT,Shopping
2025-04-30,Croma Electronics,322.97,DEBIT,Shopping
2025-04-30,Mumbai Metro recharge,302.02,DEBIT,Transport
2025-05-01,Fresh Fruits & Veg Co.,502.29,DEBIT,Groceries
2025-05-01,Fresh Fruits & Veg Co.,302.71,DEBIT,Groceries
2025-05-01,House rent transfer to landlord,24000.00,DEBIT,Rent
2025-05-01,Flipkart order,1428.58,DEBIT,Shopping
2025-05-01,IKEA Navi Mumbai,1736.79,DEBIT,Shopping
2025-05-01,Dominos Pizza,220.33,DEBIT,Take-out
2025-05-01,Dominos Pizza,208.03,DEBIT,Take-out
2025-05-01,CityFlo monthly pass,280.75,DEBIT,Transport
2025-05-02,Fresh Fruits & Veg Co.,682.77,DEBIT,Groceries
2025-05-02,Reliance Fresh,637.66,DEBIT,Groceries
2025-05-02,BigBasket order,502.46,DEBIT,Groceries
2025-05-02,HP Petrol Pump,298.60,DEBIT,Transport
2025-05-02,HP Petrol Pump,275.85,DEBIT,Transport
2025-05-02,MSEB electricity bill,302.72,DEBIT,Utilities
2025-05-03,Netflix subscription,131.59,DEBIT,Entertainment
2025-05-03,DMart Andheri West,589.19,DEBIT,Groceries
2025-05-03,BigBasket order,338.53,DEBIT,Groceries
2025-05-03,DMart Andheri West,698.98,DEBIT,Groceries
2025-05-03,Myntra order,2251.20,DEBIT,Shopping
2025-05-03,Cafe Coffee Day,399.68,DEBIT,Take-out
2025-05-03,Mumbai Metro recharge,305.33,DEBIT,Transport
2025-05-03,Water tax payment,714.55,DEBIT,Utilities
2025-05-03,MSEB electricity bill,472.40,DEBIT,Utilities
2025-05-04,Steam games purchase,537.38,DEBIT,Entertainment
2025-05-04,Croma Electronics,1040.61,DEBIT,Shopping
2025-05-04,Amazon.in order,2715.14,DEBIT,Shopping
2025-05-04,Swiggy order,542.93,DEBIT,Take-out
2025-05-04,Starbucks Powai,169.87,DEBIT,Take-out
2025-05-04,Dominos Pizza,540.50,DEBIT,Take-out
2025-05-04,Swiggy order,332.08,DEBIT,Take-out
2025-05-04,HP Petrol Pump,169.00,DEBIT,Transport
2025-05-04,HP Petrol Pump,149.10,DEBIT,Transport
2025-05-05,Reliance Fresh,471.28,DEBIT,Groceries
2025-05-05,DMart Andheri West,377.89,DEBIT,Groceries
2025-05-05,Reliance Fresh,1020.79,DEBIT,Groceries
2025-05-05,Nature's Basket,996.29,DEBIT,Groceries
2025-05-05,Nature's Basket,413.53,DEBIT,Groceries
2025-05-05,HDFC Home Loan EMI,12500.00,DEBIT,Loan-Payments
2025-05-05,Cafe Coffee Day,285.83,DEBIT,Take-out
2025-05-05,Ola Cabs,74.61,DEBIT,Transport
2025-05-05,Uber ride,292.61,DEBIT,Transport
2025-05-05,Jio postpaid bill,151.17,DEBIT,Utilities
2025-05-06,Nature's Basket,828.15,DEBIT,Groceries
2025-05-06,IKEA Navi Mumbai,1041.33,DEBIT,Shopping
2025-05-06,Zomato order,95.73,DEBIT,Take-out
2025-05-06,Behrouz Biryani,307.15,DEBIT,Take-out
2025-05-06,Indian Oil fuel,120.47,DEBIT,Transport
2025-05-06,Indian Oil fuel,235.28,DEBIT,Transport
2025-05-07,Spotify Premium,508.30,DEBIT,Entertainment
2025-05-07,Netflix subscription,548.54,DEBIT,Entertainment
2025-05-07,PVR Cinemas,786.93,DEBIT,Entertainment
2025-05-07,DMart Andheri West,613.76,DEBIT,Groceries
2025-05-07,Credit Card bill payment,6800.00,DEBIT,Loan-Payments
2025-05-07,Water tax payment,790.68,DEBIT,Utilities
2025-05-08,Cafe Coffee Day,383.42,DEBIT,Take-out
2025-05-08,Swiggy order,436.00,DEBIT,Take-out
2025-05-08,Behrouz Biryani,449.70,DEBIT,Take-out
2025-05-08,Indian Oil fuel,218.55,DEBIT,Transport
2025-05-08,Water tax payment,700.50,DEBIT,Utilities
2025-05-09,Steam games purchase,577.15,DEBIT,Entertainment
2025-05-09,Nature's Basket,600.68,DEBIT,Groceries
2025-05-09,DMart Andheri West,526.02,DEBIT,Groceries
2025-05-09,Nature's Basket,588.92,DEBIT,Groceries
2025-05-09,Myntra order,1581.39,DEBIT,Shopping
2025-05-09,Amazon.in order,1586.01,DEBIT,Shopping
2025-05-09,IKEA Navi Mumbai,482.89,DEBIT,Shopping
2025-05-09,Ola Cabs,189.31,DEBIT,Transport
2025-05-09,MSEB electricity bill,895.60,DEBIT,Utilities
2025-05-10,BigBasket order,770.92,DEBIT,Groceries
2025-05-10,BigBasket order,549.85,DEBIT,Groceries
2025-05-10,Swiggy order,326.88,DEBIT,Take-out
2025-05-10,HP Petrol Pump,204.29,DEBIT,Transport
2025-05-10,Indian Oil fuel,203.89,DEBIT,Transport
2025-05-10,Airtel Fibre broadband,385.62,DEBIT,Utilities
2025-05-11,Reliance Fresh,864.94,DEBIT,Groceries
2025-05-11,Nature's Basket,413.42,DEBIT,Groceries
2025-05-11,IKEA Navi Mumbai,1504.88,DEBIT,Shopping
2025-05-11,Decathlon Powai,1961.65,DEBIT,Shopping
2025-05-11,Swiggy order,96.18,DEBIT,Take-out
2025-05-11,Swiggy order,291.44,DEBIT,Take-out
2025-05-11,CityFlo monthly pass,199.33,DEBIT,Transport
2025-05-11,Mahanagar Gas bill,350.72,DEBIT,Utilities
2025-05-11,Mahanagar Gas bill,441.48,DEBIT,Utilities
2025-05-12,Spotify Premium,577.60,DEBIT,Entertainment
2025-05-12,Fresh Fruits & Veg Co.,560.54,DEBIT,Groceries
2025-05-12,DMart Andheri West,719.83,DEBIT,Groceries
2025-05-12,More Supermarket,441.25,DEBIT,Groceries
2025-05-12,Amazon.in order,1723.53,DEBIT,Shopping
2025-05-12,Cafe Coffee Day,400.99,DEBIT,Take-out
2025-05-12,Uber ride,130.58,DEBIT,Transport
2025-05-12,Uber ride,385.40,DEBIT,Transport
2025-05-12,Water tax payment,528.94,DEBIT,Utilities
2025-05-13,Nature's Basket,711.00,DEBIT,Groceries
2025-05-13,IKEA Navi Mumbai,362.46,DEBIT,Shopping
2025-05-13,Dominos Pizza,171.05,DEBIT,Take-out
2025-05-13,Mumbai Metro recharge,364.02,DEBIT,Transport
2025-05-13,MSEB electricity bill,528.60,DEBIT,Utilities
2025-05-14,PVR Cinemas,825.82,DEBIT,Entertainment
2025-05-14,Nature's Basket,327.50,DEBIT,Groceries
2025-05-14,Reliance Fresh,325.62,DEBIT,Groceries
2025-05-14,Swiggy order,372.55,DEBIT,Take-out
2025-05-14,Ola Cabs,183.61,DEBIT,Transport
2025-05-15,Reliance Fresh,258.36,DEBIT,Groceries
2025-05-15,DMart Andheri West,1064.88,DEBIT,Groceries
2025-05-15,Zomato order,338.69,DEBIT,Take-out
2025-05-15,Behrouz Biryani,177.28,DEBIT,Take-out
2025-05-15,Cafe Coffee Day,602.50,DEBIT,Take-out
2025-05-15,Zomato order,249.73,DEBIT,Take-out
2025-05-15,CityFlo monthly pass,183.93,DEBIT,Transport
2025-05-15,Indian Oil fuel,160.03,DEBIT,Transport
2025-05-16,Steam games purchase,289.55,DEBIT,Entertainment
2025-05-16,Nature's Basket,464.10,DEBIT,Groceries
2025-05-16,DMart Andheri West,124.16,DEBIT,Groceries
2025-05-16,Reliance Fresh,669.04,DEBIT,Groceries
2025-05-16,Dominos Pizza,397.29,DEBIT,Take-out
2025-05-16,Indian Oil fuel,414.53,DEBIT,Transport
2025-05-16,Uber ride,299.18,DEBIT,Transport
2025-05-17,Reliance Fresh,195.11,DEBIT,Groceries
2025-05-17,BigBasket order,377.14,DEBIT,Groceries
2025-05-17,Starbucks Powai,247.85,DEBIT,Take-out
2025-05-17,Cafe Coffee Day,201.48,DEBIT,Take-out
2025-05-17,Ola Cabs,225.99,DEBIT,Transport
2025-05-17,Mumbai Metro recharge,328.81,DEBIT,Transport
2025-05-17,HP Petrol Pump,401.40,DEBIT,Transport
2025-05-18,BigBasket order,780.18,DEBIT,Groceries
2025-05-18,Decathlon Powai,1650.03,DEBIT,Shopping
2025-05-18,Myntra order,754.01,DEBIT,Shopping
2025-05-18,Zomato order,547.20,DEBIT,Take-out
2025-05-18,Ola Cabs,260.99,DEBIT,Transport
2025-05-19,BigBasket order,709.71,DEBIT,Groceries
2025-05-19,Behrouz Biryani,442.70,DEBIT,Take-out
2025-05-19,Dominos Pizza,162.31,DEBIT,Take-out
2025-05-19,Behrouz Biryani,194.09,DEBIT,Take-out
2025-05-19,Uber ride,316.26,DEBIT,Transport
2025-05-19,Indian Oil fuel,181.55,DEBIT,Transport
2025-05-19,Indian Oil fuel,243.24,DEBIT,Transport
2025-05-20,IKEA Navi Mumbai,1174.61,DEBIT,Shopping
2025-05-20,Amazon.in order,1217.32,DEBIT,Shopping
2025-05-20,Flipkart order,1063.13,DEBIT,Shopping
2025-05-20,Decathlon Powai,1287.13,DEBIT,Shopping
2025-05-20,Myntra order,689.26,DEBIT,Shopping
2025-05-20,HP Petrol Pump,160.35,DEBIT,Transport
2025-05-20,Mumbai Metro recharge,333.50,DEBIT,Transport
2025-05-21,Spotify Premium,613.19,DEBIT,Entertainment
2025-05-21,Nature's Basket,495.19,DEBIT,Groceries
2025-05-21,Flipkart order,982.91,DEBIT,Shopping
2025-05-21,Mumbai Metro recharge,230.77,DEBIT,Transport
2025-05-21,Mahanagar Gas bill,265.96,DEBIT,Utilities
2025-05-21,Mahanagar Gas bill,439.59,DEBIT,Utilities
2025-05-21,Water tax payment,417.40,DEBIT,Utilities
2025-05-22,Amazon.in order,2504.37,DEBIT,Shopping
2025-05-22,Starbucks Powai,204.08,DEBIT,Take-out
2025-05-22,Starbucks Powai,440.75,DEBIT,Take-out
2025-05-22,Ola Cabs,179.62,DEBIT,Transport
2025-05-22,Indian Oil fuel,247.28,DEBIT,Transport
2025-05-22,HP Petrol Pump,143.51,DEBIT,Transport
2025-05-22,HP Petrol Pump,138.02,DEBIT,Transport
2025-05-23,DMart Andheri West,515.62,DEBIT,Groceries
2025-05-23,More Supermarket,489.25,DEBIT,Groceries
2025-05-23,Fresh Fruits & Veg Co.,362.66,DEBIT,Groceries
2025-05-23,Croma Electronics,2795.65,DEBIT,Shopping
2025-05-23,Croma Electronics,1278.70,DEBIT,Shopping
2025-05-23,Zomato order,503.45,DEBIT,Take-out
2025-05-23,Mahanagar Gas bill,502.57,DEBIT,Utilities
2025-05-23,Jio postpaid bill,487.22,DEBIT,Utilities
2025-05-24,Steam games purchase,759.76,DEBIT,Entertainment
2025-05-24,More Supermarket,494.93,DEBIT,Groceries
2025-05-24,Fresh Fruits & Veg Co.,312.74,DEBIT,Groceries
2025-05-24,Nature's Basket,371.63,DEBIT,Groceries
2025-05-24,DMart Andheri West,913.26,DEBIT,Groceries
2025-05-24,Decathlon Powai,875.39,DEBIT,Shopping
2025-05-24,Swiggy order,459.45,DEBIT,Take-out
2025-05-24,Cafe Coffee Day,430.86,DEBIT,Take-out
2025-05-24,HP Petrol Pump,315.78,DEBIT,Transport
2025-05-25,Fresh Fruits & Veg Co.,368.02,DEBIT,Groceries
2025-05-25,BigBasket order,667.91,DEBIT,Groceries
2025-05-25,BigBasket order,695.18,DEBIT,Groceries
2025-05-25,Decathlon Powai,2516.22,DEBIT,Shopping
2025-05-25,Amazon.in order,289.29,DEBIT,Shopping
2025-05-25,Mahanagar Gas bill,464.64,DEBIT,Utilities
2025-05-25,Airtel Fibre broadband,573.52,DEBIT,Utilities
2025-05-25,Mahanagar Gas bill,486.65,DEBIT,Utilities
2025-05-25,Jio postpaid bill,759.78,DEBIT,Utilities
2025-05-26,Nature's Basket,317.92,DEBIT,Groceries
2025-05-26,BigBasket order,749.07,DEBIT,Groceries
2025-05-26,Fresh Fruits & Veg Co.,367.82,DEBIT,Groceries
2025-05-26,BigBasket order,351.65,DEBIT,Groceries
2025-05-26,Dominos Pizza,203.85,DEBIT,Take-out
2025-05-26,Dominos Pizza,488.05,DEBIT,Take-out
2025-05-26,Cafe Coffee Day,201.97,DEBIT,Take-out
2025-05-26,Cafe Coffee Day,215.84,DEBIT,Take-out
2025-05-26,Mumbai Metro recharge,219.83,DEBIT,Transport
2025-05-27,Spotify Premium,294.76,DEBIT,Entertainment
2025-05-27,More Supermarket,537.22,DEBIT,Groceries
2025-05-27,Swiggy order,235.27,DEBIT,Take-out
2025-05-27,Indian Oil fuel,218.42,DEBIT,Transport
2025-05-27,MSEB electricity bill,617.01,DEBIT,Utilities
2025-05-28,Netflix subscription,783.88,DEBIT,Entertainment
2025-05-28,BigBasket order,578.13,DEBIT,Groceries
2025-05-28,Nature's Basket,563.07,DEBIT,Groceries
2025-05-28,Reliance Fresh,521.86,DEBIT,Groceries
2025-05-28,Cafe Coffee Day,371.91,DEBIT,Take-out
2025-05-29,DMart Andheri West,514.20,DEBIT,Groceries
2025-05-29,Flipkart order,806.48,DEBIT,Shopping
2025-05-29,Decathlon Powai,997.43,DEBIT,Shopping
2025-05-29,Decathlon Powai,716.93,DEBIT,Shopping
2025-05-29,Uber ride,109.73,DEBIT,Transport
2025-05-30,Spotify Premium,334.35,DEBIT,Entertainment
2025-05-30,Reliance Fresh,898.66,DEBIT,Groceries
2025-05-30,Amazon.in order,1455.98,DEBIT,Shopping
2025-05-30,Cafe Coffee Day,373.79,DEBIT,Take-out
2025-05-30,Swiggy order,193.09,DEBIT,Take-out
2025-05-30,Ola Cabs,107.16,DEBIT,Transport
2025-05-30,Mumbai Metro recharge,306.24,DEBIT,Transport
2025-05-31,Steam games purchase,128.86,DEBIT,Entertainment
2025-05-31,Nature's Basket,187.25,DEBIT,Groceries
2025-05-31,BigBasket order,402.33,DEBIT,Groceries
2025-05-31,Salary credited from Cyphersol Technologies,172000.00,CREDIT,Salary
2025-05-31,Decathlon Powai,2640.89,DEBIT,Shopping
2025-05-31,Mahanagar Gas bill,726.52,DEBIT,Utilities
2025-05-31,Mahanagar Gas bill,932.04,DEBIT,Utilities
2025-06-01,DMart Andheri West,590.94,DEBIT,Groceries
2025-06-01,Reliance Fresh,647.50,DEBIT,Groceries
2025-06-01,BigBasket order,636.26,DEBIT,Groceries
2025-06-01,House rent transfer to landlord,24000.00,DEBIT,Rent
2025-06-01,Starbucks Powai,216.71,DEBIT,Take-out
2025-06-01,Indian Oil fuel,331.66,DEBIT,Transport
2025-06-01,Jio postpaid bill,508.55,DEBIT,Utilities
2025-06-02,Steam games purchase,297.84,DEBIT,Entertainment
2025-06-02,More Supermarket,408.86,DEBIT,Groceries
2025-06-02,Myntra order,1145.59,DEBIT,Shopping
2025-06-02,Starbucks Powai,312.52,DEBIT,Take-out
2025-06-02,Mumbai Metro recharge,278.96,DEBIT,Transport
2025-06-02,Mumbai Metro recharge,130.77,DEBIT,Transport
2025-06-02,HP Petrol Pump,274.33,DEBIT,Transport
2025-06-02,Mahanagar Gas bill,613.22,DEBIT,Utilities
2025-06-03,PVR Cinemas,449.85,DEBIT,Entertainment
2025-06-03,BigBasket order,321.81,DEBIT,Groceries
2025-06-03,BigBasket order,299.59,DEBIT,Groceries
2025-06-03,Flipkart order,1307.35,DEBIT,Shopping
2025-06-03,Cafe Coffee Day,488.25,DEBIT,Take-out
2025-06-03,HP Petrol Pump,349.76,DEBIT,Transport
2025-06-03,HP Petrol Pump,264.66,DEBIT,Transport
2025-06-03,HP Petrol Pump,74.15,DEBIT,Transport
2025-06-04,More Supermarket,1103.17,DEBIT,Groceries
2025-06-04,BigBasket order,324.24,DEBIT,Groceries
2025-06-04,DMart Andheri West,774.45,DEBIT,Groceries
2025-06-04,Amazon.in order,2620.11,DEBIT,Shopping
2025-06-04,Flipkart order,1147.67,DEBIT,Shopping
2025-06-04,Myntra order,1117.71,DEBIT,Shopping
2025-06-04,Swiggy order,359.08,DEBIT,Take-out
2025-06-04,Dominos Pizza,181.21,DEBIT,Take-out
2025-06-05,Netflix subscription,222.97,DEBIT,Entertainment
2025-06-05,Nature's Basket,858.91,DEBIT,Groceries
2025-06-05,BigBasket order,561.95,DEBIT,Groceries
2025-06-05,HDFC Home Loan EMI,12500.00,DEBIT,Loan-Payments
2025-06-05,Behrouz Biryani,343.63,DEBIT,Take-out
2025-06-05,HP Petrol Pump,454.27,DEBIT,Transport
2025-06-05,Uber ride,249.30,DEBIT,Transport
2025-06-05,CityFlo monthly pass,108.73,DEBIT,Transport
2025-06-06,Fresh Fruits & Veg Co.,351.61,DEBIT,Groceries
2025-06-06,BigBasket order,143.32,DEBIT,Groceries
2025-06-06,DMart Andheri West,223.41,DEBIT,Groceries
2025-06-06,More Supermarket,595.25,DEBIT,Groceries
2025-06-06,Dominos Pizza,149.62,DEBIT,Take-out
2025-06-06,Mahanagar Gas bill,184.89,DEBIT,Utilities
2025-06-07,Spotify Premium,339.82,DEBIT,Entertainment
2025-06-07,Nature's Basket,569.08,DEBIT,Groceries
2025-06-07,Nature's Basket,379.13,DEBIT,Groceries
2025-06-07,Nature's Basket,513.17,DEBIT,Groceries
2025-06-07,BigBasket order,602.99,DEBIT,Groceries
2025-06-07,Nature's Basket,606.95,DEBIT,Groceries
2025-06-07,Credit Card bill payment,6800.00,DEBIT,Loan-Payments
2025-06-07,Decathlon Powai,2856.26,DEBIT,Shopping
2025-06-07,Uber ride,166.65,DEBIT,Transport
2025-06-08,Nature's Basket,620.76,DEBIT,Groceries
2025-06-08,DMart Andheri West,528.57,DEBIT,Groceries
2025-06-08,IKEA Navi Mumbai,2182.24,DEBIT,Shopping
2025-06-08,Behrouz Biryani,253.17,DEBIT,Take-out
2025-06-08,Behrouz Biryani,246.74,DEBIT,Take-out
2025-06-08,HP Petrol Pump,388.66,DEBIT,Transport
2025-06-08,Mumbai Metro recharge,265.23,DEBIT,Transport
2025-06-08,HP Petrol Pump,271.89,DEBIT,Transport
2025-06-08,Airtel Fibre broadband,850.45,DEBIT,Utilities
2025-06-09,More Supermarket,739.87,DEBIT,Groceries
2025-06-09,More Supermarket,733.11,DEBIT,Groceries
2025-06-09,IKEA Navi Mumbai,688.02,DEBIT,Shopping
2025-06-09,Starbucks Powai,547.97,DEBIT,Take-out
2025-06-09,Zomato order,420.56,DEBIT,Take-out
2025-06-09,Mahanagar Gas bill,380.16,DEBIT,Utilities
2025-06-10,Reliance Fresh,513.20,DEBIT,Groceries
2025-06-10,BigBasket order,771.36,DEBIT,Groceries
2025-06-10,Zomato order,174.24,DEBIT,Take-out
2025-06-10,Swiggy order,411.27,DEBIT,Take-out
2025-06-10,Mumbai Metro recharge,123.02,DEBIT,Transport
2025-06-10,Mahanagar Gas bill,998.47,DEBIT,Utilities
2025-06-10,Water tax payment,272.05,DEBIT,Utilities
2025-06-11,More Supermarket,709.34,DEBIT,Groceries
2025-06-11,Swiggy order,546.40,DEBIT,Take-out
2025-06-11,Ola Cabs,288.88,DEBIT,Transport
2025-06-11,Uber ride,341.65,DEBIT,Transport
2025-06-11,MSEB electricity bill,584.26,DEBIT,Utilities
2025-06-11,Airtel Fibre broadband,553.18,DEBIT,Utilities
2025-06-11,Airtel Fibre broadband,549.94,DEBIT,Utilities
2025-06-12,Reliance Fresh,168.69,DEBIT,Groceries
2025-06-12,Reliance Fresh,310.08,DEBIT,Groceries
2025-06-12,Amazon.in order,377.90,DEBIT,Shopping
2025-06-12,Swiggy order,167.82,DEBIT,Take-out
2025-06-12,Zomato order,363.62,DEBIT,Take-out
2025-06-12,Uber ride,167.33,DEBIT,Transport
2025-06-12,Jio postpaid bill,686.81,DEBIT,Utilities
2025-06-13,Reliance Fresh,488.41,DEBIT,Groceries
2025-06-13,More Supermarket,467.70,DEBIT,Groceries
2025-06-13,CityFlo monthly pass,126.31,DEBIT,Transport
2025-06-13,Ola Cabs,119.36,DEBIT,Transport
2025-06-13,Jio postpaid bill,248.53,DEBIT,Utilities
2025-06-14,Spotify Premium,320.78,DEBIT,Entertainment
2025-06-14,Nature's Basket,251.61,DEBIT,Groceries
2025-06-14,Fresh Fruits & Veg Co.,865.18,DEBIT,Groceries
2025-06-14,Swiggy order,110.38,DEBIT,Take-out
2025-06-14,MSEB electricity bill,827.35,DEBIT,Utilities
2025-06-15,More Supermarket,676.57,DEBIT,Groceries
2025-06-15,Cafe Coffee Day,187.94,DEBIT,Take-out
2025-06-15,Starbucks Powai,385.81,DEBIT,Take-out
2025-06-15,Starbucks Powai,204.84,DEBIT,Take-out
2025-06-15,Dominos Pizza,342.15,DEBIT,Take-out
2025-06-15,Ola Cabs,198.57,DEBIT,Transport
2025-06-16,DMart Andheri West,427.65,DEBIT,Groceries
2025-06-16,Nature's Basket,989.55,DEBIT,Groceries
2025-06-16,More Supermarket,851.58,DEBIT,Groceries
2025-06-16,Dominos Pizza,235.24,DEBIT,Take-out
2025-06-16,Ola Cabs,202.51,DEBIT,Transport
2025-06-16,Mumbai Metro recharge,332.98,DEBIT,Transport
2025-06-16,Water tax payment,398.93,DEBIT,Utilities
2025-06-16,MSEB electricity bill,491.11,DEBIT,Utilities
2025-06-17,PVR Cinemas,841.21,DEBIT,Entertainment
2025-06-17,Steam games purchase,348.91,DEBIT,Entertainment
2025-06-17,More Supermarket,313.20,DEBIT,Groceries
2025-06-17,More Supermarket,532.80,DEBIT,Groceries
2025-06-17,Reliance Fresh,455.05,DEBIT,Groceries
2025-06-17,Swiggy order,384.96,DEBIT,Take-out
2025-06-17,Zomato order,383.54,DEBIT,Take-out
2025-06-17,Uber ride,278.01,DEBIT,Transport
2025-06-17,Water tax payment,254.65,DEBIT,Utilities
2025-06-18,PVR Cinemas,225.02,DEBIT,Entertainment
2025-06-18,BigBasket order,978.62,DEBIT,Groceries
2025-06-18,Decathlon Powai,1236.42,DEBIT,Shopping
2025-06-18,Decathlon Powai,353.14,DEBIT,Shopping
2025-06-18,Cafe Coffee Day,140.84,DEBIT,Take-out
2025-06-18,CityFlo monthly pass,250.42,DEBIT,Transport
2025-06-18,Indian Oil fuel,415.78,DEBIT,Transport
2025-06-18,Airtel Fibre broadband,779.41,DEBIT,Utilities
2025-06-19,PVR Cinemas,815.87,DEBIT,Entertainment
2025-06-19,Nature's Basket,975.52,DEBIT,Groceries
2025-06-19,Fresh Fruits & Veg Co.,361.53,DEBIT,Groceries
2025-06-19,Dominos Pizza,292.01,DEBIT,Take-out
2025-06-19,Zomato order,136.89,DEBIT,Take-out
2025-06-19,Mahanagar Gas bill,362.59,DEBIT,Utilities
2025-06-20,PVR Cinemas,266.16,DEBIT,Entertainment
2025-06-20,More Supermarket,374.45,DEBIT,Groceries
2025-06-20,Reliance Fresh,169.82,DEBIT,Groceries
2025-06-20,Behrouz Biryani,345.55,DEBIT,Take-out
2025-06-20,Behrouz Biryani,226.03,DEBIT,Take-out
2025-06-20,Starbucks Powai,300.06,DEBIT,Take-out
2025-06-20,Zomato order,153.42,DEBIT,Take-out
2025-06-21,Fresh Fruits & Veg Co.,726.55,DEBIT,Groceries
2025-06-21,Fresh Fruits & Veg Co.,528.99,DEBIT,Groceries
2025-06-21,BigBasket order,841.99,DEBIT,Groceries
2025-06-21,Reliance Fresh,410.99,DEBIT,Groceries
2025-06-21,Flipkart order,1246.79,DEBIT,Shopping
2025-06-21,Behrouz Biryani,334.60,DEBIT,Take-out
2025-06-21,Zomato order,396.22,DEBIT,Take-out
2025-06-21,Jio postpaid bill,381.30,DEBIT,Utilities
2025-06-22,PVR Cinemas,782.71,DEBIT,Entertainment
2025-06-22,BookMyShow tickets,152.87,DEBIT,Entertainment
2025-06-22,Nature's Basket,773.80,DEBIT,Groceries
2025-06-22,Reliance Fresh,478.36,DEBIT,Groceries
2025-06-22,Dominos Pizza,262.53,DEBIT,Take-out
2025-06-22,Zomato order,112.75,DEBIT,Take-out
2025-06-23,PVR Cinemas,429.09,DEBIT,Entertainment
2025-06-23,More Supermarket,415.54,DEBIT,Groceries
2025-06-23,Nature's Basket,412.01,DEBIT,Groceries
2025-06-23,IKEA Navi Mumbai,906.70,DEBIT,Shopping
2025-06-23,Amazon.in order,2204.78,DEBIT,Shopping
2025-06-23,Swiggy order,251.37,DEBIT,Take-out
2025-06-23,Indian Oil fuel,305.23,DEBIT,Transport
2025-06-23,Mahanagar Gas bill,326.53,DEBIT,Utilities
2025-06-24,PVR Cinemas,690.06,DEBIT,Entertainment
2025-06-24,Netflix subscription,177.73,DEBIT,Entertainment
2025-06-24,Nature's Basket,802.28,DEBIT,Groceries
2025-06-24,IKEA Navi Mumbai,1697.27,DEBIT,Shopping
2025-06-24,Cafe Coffee Day,290.27,DEBIT,Take-out
2025-06-24,HP Petrol Pump,296.41,DEBIT,Transport
2025-06-24,Uber ride,145.80,DEBIT,Transport
2025-06-24,CityFlo monthly pass,208.62,DEBIT,Transport
2025-06-25,Netflix subscription,323.12,DEBIT,Entertainment
2025-06-25,DMart Andheri West,340.61,DEBIT,Groceries
2025-06-25,Nature's Basket,834.54,DEBIT,Groceries
2025-06-25,DMart Andheri West,156.03,DEBIT,Groceries
2025-06-25,More Supermarket,466.86,DEBIT,Groceries
2025-06-25,Behrouz Biryani,332.55,DEBIT,Take-out
2025-06-25,Water tax payment,519.31,DEBIT,Utilities
2025-06-26,BookMyShow tickets,646.91,DEBIT,Entertainment
2025-06-26,Nature's Basket,681.59,DEBIT,Groceries
2025-06-26,Fresh Fruits & Veg Co.,991.05,DEBIT,Groceries
2025-06-26,Flipkart order,959.70,DEBIT,Shopping
2025-06-26,Starbucks Powai,288.96,DEBIT,Take-out
2025-06-26,Zomato order,382.63,DEBIT,Take-out
2025-06-26,Zomato order,324.32,DEBIT,Take-out
2025-06-26,Mumbai Metro recharge,171.74,DEBIT,Transport
2025-06-27,More Supermarket,564.49,DEBIT,Groceries
2025-06-27,Dominos Pizza,395.53,DEBIT,Take-out
2025-06-27,CityFlo monthly pass,274.77,DEBIT,Transport
2025-06-27,Water tax payment,616.26,DEBIT,Utilities
2025-06-27,Jio postpaid bill,495.59,DEBIT,Utilities
2025-06-28,BigBasket order,383.91,DEBIT,Groceries
2025-06-28,Nature's Basket,953.86,DEBIT,Groceries
2025-06-28,BigBasket order,317.85,DEBIT,Groceries
2025-06-28,DMart Andheri West,781.93,DEBIT,Groceries
2025-06-28,IKEA Navi Mumbai,714.17,DEBIT,Shopping
2025-06-28,Behrouz Biryani,269.68,DEBIT,Take-out
2025-06-28,CityFlo monthly pass,167.74,DEBIT,Transport
2025-06-29,BookMyShow tickets,218.76,DEBIT,Entertainment
2025-06-29,Reliance Fresh,508.32,DEBIT,Groceries
2025-06-29,Fresh Fruits & Veg Co.,926.79,DEBIT,Groceries
2025-06-29,Reliance Fresh,807.59,DEBIT,Groceries
2025-06-29,Cafe Coffee Day,290.94,DEBIT,Take-out
2025-06-29,CityFlo monthly pass,193.86,DEBIT,Transport
2025-06-29,CityFlo monthly pass,229.05,DEBIT,Transport
2025-06-30,PVR Cinemas,416.96,DEBIT,Entertainment
2025-06-30,BigBasket order,280.46,DEBIT,Groceries
2025-06-30,More Supermarket,345.52,DEBIT,Groceries
2025-06-30,Salary credited from Cyphersol Technologies,172000.00,CREDIT,Salary
2025-06-30,Flipkart order,1261.38,DEBIT,Shopping
2025-06-30,IKEA Navi Mumbai,934.81,DEBIT,Shopping
2025-06-30,Cafe Coffee Day,134.55,DEBIT,Take-out
2025-06-30,MSEB electricity bill,715.58,DEBIT,Utilities
2025-07-01,More Supermarket,319.64,DEBIT,Groceries
2025-07-01,House rent transfer to landlord,24000.00,DEBIT,Rent
2025-07-01,Behrouz Biryani,189.44,DEBIT,Take-out
2025-07-01,Starbucks Powai,281.89,DEBIT,Take-out
2025-07-01,Indian Oil fuel,401.42,DEBIT,Transport
2025-07-01,CityFlo monthly pass,193.46,DEBIT,Transport
2025-07-01,Airtel Fibre broadband,451.28,DEBIT,Utilities
2025-07-02,Starbucks Powai,351.63,DEBIT,Take-out
2025-07-02,Swiggy order,490.27,DEBIT,Take-out
2025-07-02,Ola Cabs,93.88,DEBIT,Transport
2025-07-02,Mumbai Metro recharge,391.11,DEBIT,Transport
2025-07-02,CityFlo monthly pass,250.22,DEBIT,Transport
2025-07-02,MSEB electricity bill,492.62,DEBIT,Utilities
2025-07-03,Fresh Fruits & Veg Co.,415.76,DEBIT,Groceries
2025-07-03,Flipkart order,1822.95,DEBIT,Shopping
2025-07-03,Amazon.in order,773.47,DEBIT,Shopping
2025-07-03,Behrouz Biryani,497.34,DEBIT,Take-out
2025-07-03,Swiggy order,262.63,DEBIT,Take-out
2025-07-03,Starbucks Powai,321.74,DEBIT,Take-out
2025-07-03,Starbucks Powai,488.94,DEBIT,Take-out
2025-07-03,Water tax payment,725.11,DEBIT,Utilities
2025-07-03,Jio postpaid bill,338.25,DEBIT,Utilities
2025-07-04,Reliance Fresh,859.02,DEBIT,Groceries
2025-07-04,Decathlon Powai,828.63,DEBIT,Shopping
2025-07-04,Flipkart order,929.11,DEBIT,Shopping
2025-07-04,Croma Electronics,1077.99,DEBIT,Shopping
2025-07-04,Decathlon Powai,404.41,DEBIT,Shopping
2025-07-04,Uber ride,496.09,DEBIT,Transport
2025-07-04,CityFlo monthly pass,446.29,DEBIT,Transport
2025-07-05,PVR Cinemas,870.87,DEBIT,Entertainment
2025-07-05,Netflix subscription,303.59,DEBIT,Entertainment
2025-07-05,Reliance Fresh,428.72,DEBIT,Groceries
2025-07-05,Fresh Fruits & Veg Co.,718.08,DEBIT,Groceries
2025-07-05,Nature's Basket,150.91,DEBIT,Groceries
2025-07-05,HDFC Home Loan EMI,12500.00,DEBIT,Loan-Payments
2025-07-05,Behrouz Biryani,278.50,DEBIT,Take-out
2025-07-05,Swiggy order,394.78,DEBIT,Take-out
2025-07-05,Mumbai Metro recharge,229.50,DEBIT,Transport
2025-07-06,Spotify Premium,415.60,DEBIT,Entertainment
2025-07-06,BigBasket order,505.17,DEBIT,Groceries
2025-07-06,Nature's Basket,667.83,DEBIT,Groceries
2025-07-06,DMart Andheri West,517.12,DEBIT,Groceries
2025-07-06,More Supermarket,618.94,DEBIT,Groceries
2025-07-07,BigBasket order,732.65,DEBIT,Groceries
2025-07-07,Reliance Fresh,855.26,DEBIT,Groceries
2025-07-07,Reliance Fresh,1040.61,DEBIT,Groceries
2025-07-07,Credit Card bill payment,6800.00,DEBIT,Loan-Payments
2025-07-07,Croma Electronics,575.36,DEBIT,Shopping
2025-07-07,Swiggy order,326.91,DEBIT,Take-out
2025-07-07,CityFlo monthly pass,102.15,DEBIT,Transport
2025-07-08,Spotify Premium,436.75,DEBIT,Entertainment
2025-07-08,Myntra order,2544.30,DEBIT,Shopping
2025-07-08,Starbucks Powai,243.14,DEBIT,Take-out
2025-07-08,Swiggy order,99.54,DEBIT,Take-out
2025-07-08,Jio postpaid bill,727.67,DEBIT,Utilities
2025-07-09,Netflix subscription,121.63,DEBIT,Entertainment
2025-07-09,Netflix subscription,740.34,DEBIT,Entertainment
2025-07-09,DMart Andheri West,426.39,DEBIT,Groceries
2025-07-09,Fresh Fruits & Veg Co.,666.05,DEBIT,Groceries
2025-07-09,Water tax payment,372.11,DEBIT,Utilities
2025-07-10,Dominos Pizza,334.77,DEBIT,Take-out
2025-07-10,Starbucks Powai,152.80,DEBIT,Take-out
2025-07-10,Swiggy order,131.93,DEBIT,Take-out
2025-07-10,Starbucks Powai,345.76,DEBIT,Take-out
2025-07-10,Starbucks Powai,374.80,DEBIT,Take-out
2025-07-10,Ola Cabs,306.33,DEBIT,Transport
2025-07-10,Jio postpaid bill,393.24,DEBIT,Utilities
2025-07-10,Jio postpaid bill,271.25,DEBIT,Utilities
2025-07-11,DMart Andheri West,447.93,DEBIT,Groceries
2025-07-11,Flipkart order,1480.93,DEBIT,Shopping
2025-07-11,Swiggy order,467.80,DEBIT,Take-out
2025-07-11,Swiggy order,294.79,DEBIT,Take-out
2025-07-11,HP Petrol Pump,187.29,DEBIT,Transport
2025-07-12,Amazon.in order,1451.45,DEBIT,Shopping
2025-07-12,Zomato order,262.68,DEBIT,Take-out
2025-07-12,Starbucks Powai,339.85,DEBIT,Take-out
2025-07-12,Starbucks Powai,453.39,DEBIT,Take-out
2025-07-12,CityFlo monthly pass,259.95,DEBIT,Transport
2025-07-12,Uber ride,151.59,DEBIT,Transport
2025-07-13,Netflix subscription,619.24,DEBIT,Entertainment
2025-07-13,Nature's Basket,198.54,DEBIT,Groceries
2025-07-13,Ola Cabs,250.93,DEBIT,Transport
2025-07-13,Mumbai Metro recharge,430.17,DEBIT,Transport
2025-07-13,Jio postpaid bill,431.40,DEBIT,Utilities
2025-07-14,Fresh Fruits & Veg Co.,933.14,DEBIT,Groceries
2025-07-14,Amazon.in order,1051.93,DEBIT,Shopping
2025-07-14,Amazon.in order,980.99,DEBIT,Shopping
2025-07-14,Cafe Coffee Day,98.73,DEBIT,Take-out
2025-07-14,Behrouz Biryani,151.19,DEBIT,Take-out
2025-07-14,Mahanagar Gas bill,1008.75,DEBIT,Utilities
2025-07-15,Reliance Fresh,459.03,DEBIT,Groceries
2025-07-15,Behrouz Biryani,278.55,DEBIT,Take-out
2025-07-15,Swiggy order,345.48,DEBIT,Take-out
2025-07-15,HP Petrol Pump,433.31,DEBIT,Transport
2025-07-15,Mahanagar Gas bill,324.78,DEBIT,Utilities
2025-07-15,Mahanagar Gas bill,668.65,DEBIT,Utilities
2025-07-15,Water tax payment,743.14,DEBIT,Utilities
2025-07-15,Water tax payment,640.25,DEBIT,Utilities
2025-07-16,Spotify Premium,659.62,DEBIT,Entertainment
2025-07-16,Steam games purchase,249.00,DEBIT,Entertainment
2025-07-16,BigBasket order,546.07,DEBIT,Groceries
2025-07-16,Reliance Fresh,1094.95,DEBIT,Groceries
2025-07-16,Airtel Fibre broadband,655.35,DEBIT,Utilities
2025-07-17,Steam games purchase,272.80,DEBIT,Entertainment
2025-07-17,More Supermarket,591.09,DEBIT,Groceries
2025-07-17,Mumbai Metro recharge,165.98,DEBIT,Transport
2025-07-17,Mumbai Metro recharge,72.59,DEBIT,Transport
2025-07-17,Indian Oil fuel,372.23,DEBIT,Transport
2025-07-17,Jio postpaid bill,610.84,DEBIT,Utilities
2025-07-18,PVR Cinemas,271.38,DEBIT,Entertainment
2025-07-18,Steam games purchase,655.12,DEBIT,Entertainment
2025-07-18,Refund from Myntra,1329.20,CREDIT,Refund
2025-07-18,Behrouz Biryani,417.48,DEBIT,Take-out
2025-07-18,Behrouz Biryani,148.05,DEBIT,Take-out
2025-07-18,HP Petrol Pump,514.47,DEBIT,Transport
2025-07-18,Mahanagar Gas bill,778.81,DEBIT,Utilities
2025-07-19,Reliance Fresh,312.62,DEBIT,Groceries
2025-07-19,BigBasket order,915.36,DEBIT,Groceries
2025-07-19,IKEA Navi Mumbai,1704.49,DEBIT,Shopping
2025-07-19,IKEA Navi Mumbai,878.03,DEBIT,Shopping
2025-07-19,Starbucks Powai,334.25,DEBIT,Take-out
2025-07-19,Zomato order,318.86,DEBIT,Take-out
2025-07-19,Dominos Pizza,285.20,DEBIT,Take-out
2025-07-19,MSEB electricity bill,360.42,DEBIT,Utilities
2025-07-20,BookMyShow tickets,847.65,DEBIT,Entertainment
2025-07-20,DMart Andheri West,577.24,DEBIT,Groceries
2025-07-20,Dominos Pizza,193.68,DEBIT,Take-out
2025-07-20,Ola Cabs,169.84,DEBIT,Transport
2025-07-20,Airtel Fibre broadband,569.04,DEBIT,Utilities
2025-07-20,Jio postpaid bill,709.01,DEBIT,Utilities
2025-07-21,Nature's Basket,325.81,DEBIT,Groceries
2025-07-21,More Supermarket,268.03,DEBIT,Groceries
2025-07-21,IKEA Navi Mumbai,1571.23,DEBIT,Shopping
2025-07-21,Swiggy order,187.17,DEBIT,Take-out
2025-07-21,Behrouz Biryani,331.50,DEBIT,Take-out
2025-07-21,Dominos Pizza,305.14,DEBIT,Take-out
2025-07-21,CityFlo monthly pass,147.00,DEBIT,Transport
2025-07-21,Airtel Fibre broadband,448.20,DEBIT,Utilities
2025-07-21,MSEB electricity bill,820.53,DEBIT,Utilities
2025-07-22,Steam games purchase,645.56,DEBIT,Entertainment
2025-07-22,Reliance Fresh,343.83,DEBIT,Groceries
2025-07-22,Croma Electronics,1869.90,DEBIT,Shopping
2025-07-22,Croma Electronics,2212.87,DEBIT,Shopping
2025-07-22,Cafe Coffee Day,250.07,DEBIT,Take-out
2025-07-22,Cafe Coffee Day,277.02,DEBIT,Take-out
2025-07-22,Dominos Pizza,377.72,DEBIT,Take-out
2025-07-22,Mahanagar Gas bill,868.44,DEBIT,Utilities
2025-07-23,PVR Cinemas,312.95,DEBIT,Entertainment
2025-07-23,Fresh Fruits & Veg Co.,303.69,DEBIT,Groceries
2025-07-23,More Supermarket,401.27,DEBIT,Groceries
2025-07-23,DMart Andheri West,354.01,DEBIT,Groceries
2025-07-23,Swiggy order,309.16,DEBIT,Take-out
2025-07-23,Mumbai Metro recharge,162.59,DEBIT,Transport
2025-07-23,Indian Oil fuel,301.79,DEBIT,Transport
2025-07-23,Ola Cabs,383.13,DEBIT,Transport
2025-07-23,Jio postpaid bill,351.59,DEBIT,Utilities
2025-07-24,PVR Cinemas,436.73,DEBIT,Entertainment
2025-07-24,Reliance Fresh,590.25,DEBIT,Groceries
2025-07-24,More Supermarket,629.61,DEBIT,Groceries
2025-07-24,More Supermarket,184.94,DEBIT,Groceries
2025-07-24,Decathlon Powai,953.47,DEBIT,Shopping
2025-07-24,Flipkart order,1505.54,DEBIT,Shopping
2025-07-24,Cafe Coffee Day,267.28,DEBIT,Take-out
2025-07-24,Swiggy order,233.78,DEBIT,Take-out
2025-07-24,Water tax payment,373.08,DEBIT,Utilities
2025-07-25,DMart Andheri West,381.73,DEBIT,Groceries
2025-07-25,DMart Andheri West,900.93,DEBIT,Groceries
2025-07-25,DMart Andheri West,488.07,DEBIT,Groceries
2025-07-25,BigBasket order,364.79,DEBIT,Groceries
2025-07-25,Croma Electronics,2217.55,DEBIT,Shopping
2025-07-25,Dominos Pizza,394.11,DEBIT,Take-out
2025-07-25,HP Petrol Pump,184.34,DEBIT,Transport
2025-07-25,Uber ride,366.27,DEBIT,Transport
2025-07-26,DMart Andheri West,553.40,DEBIT,Groceries
2025-07-26,More Supermarket,1012.06,DEBIT,Groceries
2025-07-26,IKEA Navi Mumbai,1354.21,DEBIT,Shopping
2025-07-26,Swiggy order,164.67,DEBIT,Take-out
2025-07-26,Zomato order,512.45,DEBIT,Take-out
2025-07-26,Airtel Fibre broadband,377.18,DEBIT,Utilities
2025-07-26,Jio postpaid bill,422.60,DEBIT,Utilities
2025-07-27,PVR Cinemas,135.48,DEBIT,Entertainment
2025-07-27,Netflix subscription,318.52,DEBIT,Entertainment
2025-07-27,Reliance Fresh,903.71,DEBIT,Groceries
2025-07-27,DMart Andheri West,709.39,DEBIT,Groceries
2025-07-27,Behrouz Biryani,279.21,DEBIT,Take-out
2025-07-27,Airtel Fibre broadband,877.99,DEBIT,Utilities
2025-07-27,Airtel Fibre broadband,417.21,DEBIT,Utilities
2025-07-28,Steam games purchase,761.38,DEBIT,Entertainment
2025-07-28,Steam games purchase,209.60,DEBIT,Entertainment
2025-07-28,Croma Electronics,1817.64,DEBIT,Shopping
2025-07-28,Behrouz Biryani,296.49,DEBIT,Take-out
2025-07-28,Zomato order,139.04,DEBIT,Take-out
2025-07-28,Cafe Coffee Day,294.33,DEBIT,Take-out
2025-07-28,Behrouz Biryani,248.38,DEBIT,Take-out
2025-07-28,Mumbai Metro recharge,217.01,DEBIT,Transport
2025-07-29,Croma Electronics,1650.20,DEBIT,Shopping
2025-07-29,IKEA Navi Mumbai,2120.94,DEBIT,Shopping
2025-07-29,Starbucks Powai,351.60,DEBIT,Take-out
2025-07-29,Cafe Coffee Day,290.15,DEBIT,Take-out
2025-07-29,Mahanagar Gas bill,492.32,DEBIT,Utilities
2025-07-30,Spotify Premium,540.37,DEBIT,Entertainment
2025-07-30,DMart Andheri West,884.94,DEBIT,Groceries
2025-07-30,Myntra order,715.53,DEBIT,Shopping
2025-07-30,Starbucks Powai,102.81,DEBIT,Take-out
2025-07-30,CityFlo monthly pass,303.37,DEBIT,Transport
2025-07-30,CityFlo monthly pass,183.79,DEBIT,Transport
2025-07-30,Mahanagar Gas bill,377.42,DEBIT,Utilities
2025-07-30,MSEB electricity bill,533.65,DEBIT,Utilities
2025-07-31,Spotify Premium,464.35,DEBIT,Entertainment
2025-07-31,Salary credited from Cyphersol Technologies,172000.00,CREDIT,Salary
2025-07-31,Amazon.in order,1043.96,DEBIT,Shopping
2025-07-31,Starbucks Powai,137.87,DEBIT,Take-out
2025-07-31,Cafe Coffee Day,276.99,DEBIT,Take-out
2025-07-31,Starbucks Powai,303.13,DEBIT,Take-out
2025-07-31,Behrouz Biryani,365.80,DEBIT,Take-out
2025-07-31,Mumbai Metro recharge,205.98,DEBIT,Transport
2025-08-01,Netflix subscription,324.61,DEBIT,Entertainment
2025-08-01,House rent transfer to landlord,24000.00,DEBIT,Rent
2025-08-01,Decathlon Powai,692.62,DEBIT,Shopping
2025-08-01,Flipkart order,1080.74,DEBIT,Shopping
2025-08-01,Dominos Pizza,392.72,DEBIT,Take-out
2025-08-01,Zomato order,137.21,DEBIT,Take-out
2025-08-01,CityFlo monthly pass,270.05,DEBIT,Transport
2025-08-01,HP Petrol Pump,202.11,DEBIT,Transport
2025-08-02,Reliance Fresh,574.19,DEBIT,Groceries
2025-08-02,Myntra order,2240.04,DEBIT,Shopping
2025-08-02,Zomato order,389.36,DEBIT,Take-out
2025-08-02,Indian Oil fuel,440.69,DEBIT,Transport
2025-08-02,CityFlo monthly pass,230.21,DEBIT,Transport
2025-08-03,DMart Andheri West,467.78,DEBIT,Groceries
2025-08-03,Flipkart order,1495.01,DEBIT,Shopping
2025-08-03,Cafe Coffee Day,283.36,DEBIT,Take-out
2025-08-03,CityFlo monthly pass,185.24,DEBIT,Transport
2025-08-03,MSEB electricity bill,876.13,DEBIT,Utilities
2025-08-03,MSEB electricity bill,471.70,DEBIT,Utilities
2025-08-04,Steam games purchase,139.43,DEBIT,Entertainment
2025-08-04,BigBasket order,607.13,DEBIT,Groceries
2025-08-04,More Supermarket,391.18,DEBIT,Groceries
2025-08-04,BigBasket order,389.71,DEBIT,Groceries
2025-08-04,DMart Andheri West,456.14,DEBIT,Groceries
2025-08-04,Myntra order,972.82,DEBIT,Shopping
2025-08-04,Cafe Coffee Day,336.89,DEBIT,Take-out
2025-08-04,Cafe Coffee Day,258.75,DEBIT,Take-out
2025-08-05,Fresh Fruits & Veg Co.,321.01,DEBIT,Groceries
2025-08-05,DMart Andheri West,633.36,DEBIT,Groceries
2025-08-05,More Supermarket,592.40,DEBIT,Groceries
2025-08-05,Nature's Basket,382.60,DEBIT,Groceries
2025-08-05,HDFC Home Loan EMI,12500.00,DEBIT,Loan-Payments
2025-08-05,Behrouz Biryani,196.06,DEBIT,Take-out
2025-08-05,Starbucks Powai,173.89,DEBIT,Take-out
2025-08-05,Indian Oil fuel,343.69,DEBIT,Transport
2025-08-05,Mahanagar Gas bill,649.98,DEBIT,Utilities
2025-08-05,Mahanagar Gas bill,391.69,DEBIT,Utilities
2025-08-06,More Supermarket,939.27,DEBIT,Groceries
2025-08-06,Nature's Basket,222.37,DEBIT,Groceries
2025-08-06,DMart Andheri West,464.13,DEBIT,Groceries
2025-08-06,Reliance Fresh,633.21,DEBIT,Groceries
2025-08-06,Flipkart order,557.50,DEBIT,Shopping
2025-08-06,Swiggy order,187.27,DEBIT,Take-out
2025-08-06,Uber ride,338.08,DEBIT,Transport
2025-08-06,Airtel Fibre broadband,336.42,DEBIT,Utilities
2025-08-07,Spotify Premium,534.14,DEBIT,Entertainment
2025-08-07,DMart Andheri West,490.65,DEBIT,Groceries
2025-08-07,BigBasket order,578.17,DEBIT,Groceries
2025-08-07,Credit Card bill payment,6800.00,DEBIT,Loan-Payments
2025-08-07,Dominos Pizza,440.37,DEBIT,Take-out
2025-08-07,Behrouz Biryani,293.43,DEBIT,Take-out
2025-08-07,Indian Oil fuel,266.21,DEBIT,Transport
2025-08-08,BookMyShow tickets,600.13,DEBIT,Entertainment
2025-08-08,Croma Electronics,1369.45,DEBIT,Shopping
2025-08-08,Zomato order,202.68,DEBIT,Take-out
2025-08-08,MSEB electricity bill,789.28,DEBIT,Utilities
2025-08-08,Jio postpaid bill,566.64,DEBIT,Utilities
2025-08-09,Netflix subscription,144.48,DEBIT,Entertainment
2025-08-09,Spotify Premium,736.83,DEBIT,Entertainment
2025-08-09,Fresh Fruits & Veg Co.,346.22,DEBIT,Groceries
2025-08-09,Fresh Fruits & Veg Co.,605.12,DEBIT,Groceries
2025-08-09,Croma Electronics,1992.06,DEBIT,Shopping
2025-08-09,Flipkart order,199.81,DEBIT,Shopping
2025-08-09,Swiggy order,160.07,DEBIT,Take-out
2025-08-10,Nature's Basket,599.60,DEBIT,Groceries
2025-08-10,DMart Andheri West,298.16,DEBIT,Groceries
2025-08-10,Decathlon Powai,449.97,DEBIT,Shopping
2025-08-10,Amazon.in order,1054.34,DEBIT,Shopping
2025-08-10,Starbucks Powai,205.67,DEBIT,Take-out
2025-08-10,Swiggy order,236.90,DEBIT,Take-out
2025-08-11,Reliance Fresh,229.18,DEBIT,Groceries
2025-08-11,BigBasket order,264.97,DEBIT,Groceries
2025-08-11,Croma Electronics,1042.44,DEBIT,Shopping
2025-08-11,Dominos Pizza,384.49,DEBIT,Take-out
2025-08-11,Behrouz Biryani,411.67,DEBIT,Take-out
2025-08-11,Ola Cabs,374.32,DEBIT,Transport
2025-08-11,Mahanagar Gas bill,420.81,DEBIT,Utilities
2025-08-11,Water tax payment,486.20,DEBIT,Utilities
2025-08-11,Mahanagar Gas bill,290.63,DEBIT,Utilities
2025-08-12,Nature's Basket,361.46,DEBIT,Groceries
2025-08-12,More Supermarket,283.72,DEBIT,Groceries
2025-08-12,Fresh Fruits & Veg Co.,339.95,DEBIT,Groceries
2025-08-12,Flipkart order,943.02,DEBIT,Shopping
2025-08-12,Dominos Pizza,437.00,DEBIT,Take-out
2025-08-12,Starbucks Powai,267.80,DEBIT,Take-out
2025-08-12,Starbucks Powai,210.31,DEBIT,Take-out
2025-08-12,Mahanagar Gas bill,599.81,DEBIT,Utilities
2025-08-12,Jio postpaid bill,494.44,DEBIT,Utilities
2025-08-13,More Supermarket,311.34,DEBIT,Groceries
2025-08-13,Zomato order,268.66,DEBIT,Take-out
2025-08-13,Indian Oil fuel,370.80,DEBIT,Transport
2025-08-13,Mahanagar Gas bill,352.20,DEBIT,Utilities
2025-08-13,Airtel Fibre broadband,646.37,DEBIT,Utilities
2025-08-14,PVR Cinemas,208.61,DEBIT,Entertainment
2025-08-14,Nature's Basket,414.88,DEBIT,Groceries
2025-08-14,Fresh Fruits & Veg Co.,456.26,DEBIT,Groceries
2025-08-14,Flipkart order,1014.13,DEBIT,Shopping
2025-08-14,Zomato order,278.53,DEBIT,Take-out
2025-08-14,Mumbai Metro recharge,222.00,DEBIT,Transport
2025-08-14,HP Petrol Pump,150.07,DEBIT,Transport
2025-08-14,MSEB electricity bill,658.96,DEBIT,Utilities
2025-08-15,IKEA Navi Mumbai,2115.94,DEBIT,Shopping
2025-08-15,Flipkart order,1178.80,DEBIT,Shopping
2025-08-15,Dominos Pizza,292.86,DEBIT,Take-out
2025-08-15,Zomato order,313.32,DEBIT,Take-out
2025-08-15,CityFlo monthly pass,226.32,DEBIT,Transport
2025-08-15,Water tax payment,761.85,DEBIT,Utilities
2025-08-15,Water tax payment,994.19,DEBIT,Utilities
2025-08-16,Reliance Fresh,658.60,DEBIT,Groceries
2025-08-16,Zomato order,121.23,DEBIT,Take-out
2025-08-16,Behrouz Biryani,179.98,DEBIT,Take-out
2025-08-16,Uber ride,220.01,DEBIT,Transport
2025-08-16,Airtel Fibre broadband,578.57,DEBIT,Utilities
2025-08-17,DMart Andheri West,941.51,DEBIT,Groceries
2025-08-17,Nature's Basket,348.32,DEBIT,Groceries
2025-08-17,Decathlon Powai,1163.73,DEBIT,Shopping
2025-08-17,CityFlo monthly pass,323.83,DEBIT,Transport
2025-08-17,Airtel Fibre broadband,322.82,DEBIT,Utilities
2025-08-18,DMart Andheri West,974.60,DEBIT,Groceries
2025-08-18,Flipkart order,948.73,DEBIT,Shopping
2025-08-18,Ola Cabs,318.55,DEBIT,Transport
2025-08-18,MSEB electricity bill,256.56,DEBIT,Utilities
2025-08-18,MSEB electricity bill,1029.15,DEBIT,Utilities
2025-08-18,Jio postpaid bill,324.72,DEBIT,Utilities
2025-08-19,Nature's Basket,664.85,DEBIT,Groceries
2025-08-19,Fresh Fruits & Veg Co.,332.13,DEBIT,Groceries
2025-08-19,Croma Electronics,1848.95,DEBIT,Shopping
2025-08-19,Cafe Coffee Day,137.86,DEBIT,Take-out
2025-08-19,Zomato order,158.58,DEBIT,Take-out
2025-08-19,Starbucks Powai,503.41,DEBIT,Take-out
2025-08-19,Indian Oil fuel,338.65,DEBIT,Transport
2025-08-20,BigBasket order,781.30,DEBIT,Groceries
2025-08-20,Myntra order,2170.42,DEBIT,Shopping
2025-08-20,Dominos Pizza,358.14,DEBIT,Take-out
2025-08-20,Behrouz Biryani,373.21,DEBIT,Take-out
2025-08-20,Zomato order,171.34,DEBIT,Take-out
2025-08-21,BookMyShow tickets,423.16,DEBIT,Entertainment
2025-08-21,PVR Cinemas,279.43,DEBIT,Entertainment
2025-08-21,DMart Andheri West,258.14,DEBIT,Groceries
2025-08-21,HP Petrol Pump,224.39,DEBIT,Transport
2025-08-21,Uber ride,179.67,DEBIT,Transport
2025-08-22,BigBasket order,186.87,DEBIT,Groceries
2025-08-22,IKEA Navi Mumbai,830.49,DEBIT,Shopping
2025-08-22,Croma Electronics,1258.65,DEBIT,Shopping
2025-08-22,Myntra order,1045.14,DEBIT,Shopping
2025-08-22,Croma Electronics,686.42,DEBIT,Shopping
2025-08-22,Behrouz Biryani,422.35,DEBIT,Take-out
2025-08-22,Uber ride,174.03,DEBIT,Transport
2025-08-23,Netflix subscription,533.46,DEBIT,Entertainment
2025-08-23,PVR Cinemas,226.67,DEBIT,Entertainment
2025-08-23,Steam games purchase,458.70,DEBIT,Entertainment
2025-08-23,BigBasket order,277.61,DEBIT,Groceries
2025-08-23,More Supermarket,734.48,DEBIT,Groceries
2025-08-23,Myntra order,656.13,DEBIT,Shopping
2025-08-23,Mumbai Metro recharge,272.87,DEBIT,Transport
2025-08-23,MSEB electricity bill,438.24,DEBIT,Utilities
2025-08-24,More Supermarket,314.88,DEBIT,Groceries
2025-08-24,More Supermarket,747.01,DEBIT,Groceries
2025-08-24,Cafe Coffee Day,321.53,DEBIT,Take-out
2025-08-24,Swiggy order,621.61,DEBIT,Take-out
2025-08-24,HP Petrol Pump,204.91,DEBIT,Transport
2025-08-24,HP Petrol Pump,270.66,DEBIT,Transport
2025-08-25,PVR Cinemas,451.29,DEBIT,Entertainment
2025-08-25,BookMyShow tickets,327.40,DEBIT,Entertainment
2025-08-25,DMart Andheri West,731.30,DEBIT,Groceries
2025-08-25,DMart Andheri West,554.84,DEBIT,Groceries
2025-08-25,Zomato order,354.87,DEBIT,Take-out
2025-08-25,Mumbai Metro recharge,160.62,DEBIT,Transport
2025-08-25,Uber ride,486.60,DEBIT,Transport
2025-08-25,Ola Cabs,127.90,DEBIT,Transport
2025-08-25,MSEB electricity bill,436.93,DEBIT,Utilities
2025-08-26,BigBasket order,736.53,DEBIT,Groceries
2025-08-26,Nature's Basket,362.88,DEBIT,Groceries
2025-08-26,Decathlon Powai,1660.38,DEBIT,Shopping
2025-08-26,Flipkart order,1296.19,DEBIT,Shopping
2025-08-26,Starbucks Powai,383.12,DEBIT,Take-out
2025-08-26,Behrouz Biryani,278.12,DEBIT,Take-out
2025-08-26,Uber ride,327.88,DEBIT,Transport
2025-08-26,CityFlo monthly pass,218.94,DEBIT,Transport
2025-08-27,Nature's Basket,1006.30,DEBIT,Groceries
2025-08-27,Decathlon Powai,2010.04,DEBIT,Shopping
2025-08-27,Behrouz Biryani,513.00,DEBIT,Take-out
2025-08-27,Behrouz Biryani,172.16,DEBIT,Take-out
2025-08-27,Swiggy order,190.39,DEBIT,Take-out
2025-08-27,HP Petrol Pump,303.17,DEBIT,Transport
2025-08-28,Steam games purchase,238.56,DEBIT,Entertainment
2025-08-28,Fresh Fruits & Veg Co.,349.83,DEBIT,Groceries
2025-08-28,DMart Andheri West,365.18,DEBIT,Groceries
2025-08-28,DMart Andheri West,625.64,DEBIT,Groceries
2025-08-28,Dominos Pizza,236.25,DEBIT,Take-out
2025-08-28,MSEB electricity bill,469.94,DEBIT,Utilities
2025-08-29,Steam games purchase,219.65,DEBIT,Entertainment
2025-08-29,Nature's Basket,930.39,DEBIT,Groceries
2025-08-29,Zomato order,137.53,DEBIT,Take-out
2025-08-29,Zomato order,286.69,DEBIT,Take-out
2025-08-29,CityFlo monthly pass,236.85,DEBIT,Transport
2025-08-29,HP Petrol Pump,241.44,DEBIT,Transport
2025-08-29,Mahanagar Gas bill,381.47,DEBIT,Utilities
2025-08-29,Mahanagar Gas bill,594.45,DEBIT,Utilities
2025-08-30,BookMyShow tickets,110.77,DEBIT,Entertainment
2025-08-30,Steam games purchase,343.50,DEBIT,Entertainment
2025-08-30,More Supermarket,458.99,DEBIT,Groceries
2025-08-30,Amazon.in order,1183.42,DEBIT,Shopping
2025-08-30,CityFlo monthly pass,237.14,DEBIT,Transport
2025-08-30,Uber ride,211.00,DEBIT,Transport
2025-08-30,Jio postpaid bill,565.74,DEBIT,Utilities
2025-08-31,DMart Andheri West,675.32,DEBIT,Groceries
2025-08-31,Reliance Fresh,607.12,DEBIT,Groceries
2025-08-31,Nature's Basket,537.77,DEBIT,Groceries
2025-08-31,Nature's Basket,220.26,DEBIT,Groceries
2025-08-31,Salary credited from Cyphersol Technologies,172000.00,CREDIT,Salary
2025-08-31,Amazon.in order,1577.59,DEBIT,Shopping
2025-09-01,BookMyShow tickets,782.20,DEBIT,Entertainment
2025-09-01,Fresh Fruits & Veg Co.,844.04,DEBIT,Groceries
2025-09-01,BigBasket order,490.64,DEBIT,Groceries
2025-09-01,Nature's Basket,531.59,DEBIT,Groceries
2025-09-01,Reliance Fresh,312.11,DEBIT,Groceries
2025-09-01,House rent transfer to landlord,24000.00,DEBIT,Rent
2025-09-01,Dominos Pizza,521.13,DEBIT,Take-out
2025-09-01,HP Petrol Pump,410.56,DEBIT,Transport
2025-09-01,Mumbai Metro recharge,141.11,DEBIT,Transport
2025-09-01,Water tax payment,507.76,DEBIT,Utilities
2025-09-02,BookMyShow tickets,188.57,DEBIT,Entertainment
2025-09-02,Reliance Fresh,594.57,DEBIT,Groceries
2025-09-02,Fresh Fruits & Veg Co.,385.44,DEBIT,Groceries
2025-09-02,Myntra order,1587.93,DEBIT,Shopping
2025-09-02,Decathlon Powai,282.87,DEBIT,Shopping
2025-09-02,Dominos Pizza,349.72,DEBIT,Take-out
2025-09-02,Airtel Fibre broadband,313.10,DEBIT,Utilities
2025-09-03,Spotify Premium,351.60,DEBIT,Entertainment
2025-09-03,Reliance Fresh,477.26,DEBIT,Groceries
2025-09-03,DMart Andheri West,904.86,DEBIT,Groceries
2025-09-03,Dominos Pizza,206.95,DEBIT,Take-out
2025-09-03,CityFlo monthly pass,372.61,DEBIT,Transport
2025-09-03,CityFlo monthly pass,124.87,DEBIT,Transport
2025-09-03,Indian Oil fuel,286.35,DEBIT,Transport
2025-09-03,Water tax payment,562.25,DEBIT,Utilities
2025-09-03,Mahanagar Gas bill,866.08,DEBIT,Utilities
2025-09-04,BigBasket order,280.51,DEBIT,Groceries
2025-09-04,More Supermarket,400.29,DEBIT,Groceries
2025-09-04,Reliance Fresh,184.72,DEBIT,Groceries
2025-09-04,IKEA Navi Mumbai,774.17,DEBIT,Shopping
2025-09-04,Flipkart order,703.84,DEBIT,Shopping
2025-09-04,Starbucks Powai,406.52,DEBIT,Take-out
2025-09-04,Zomato order,221.74,DEBIT,Take-out
2025-09-04,Starbucks Powai,203.19,DEBIT,Take-out
2025-09-04,Ola Cabs,482.43,DEBIT,Transport
2025-09-05,BookMyShow tickets,742.82,DEBIT,Entertainment
2025-09-05,Netflix subscription,175.67,DEBIT,Entertainment
2025-09-05,DMart Andheri West,343.32,DEBIT,Groceries
2025-09-05,HDFC Home Loan EMI,12500.00,DEBIT,Loan-Payments
2025-09-05,Flipkart order,1966.09,DEBIT,Shopping
2025-09-05,Zomato order,90.54,DEBIT,Take-out
2025-09-06,BookMyShow tickets,364.56,DEBIT,Entertainment
2025-09-06,Reliance Fresh,454.18,DEBIT,Groceries
2025-09-06,Myntra order,1359.10,DEBIT,Shopping
2025-09-06,Zomato order,291.16,DEBIT,Take-out
2025-09-06,Behrouz Biryani,350.01,DEBIT,Take-out
2025-09-06,Uber ride,212.14,DEBIT,Transport
2025-09-06,Ola Cabs,243.56,DEBIT,Transport
2025-09-06,CityFlo monthly pass,223.87,DEBIT,Transport
2025-09-07,PVR Cinemas,427.46,DEBIT,Entertainment
2025-09-07,More Supermarket,400.16,DEBIT,Groceries
2025-09-07,Credit Card bill payment,6800.00,DEBIT,Loan-Payments
2025-09-07,Starbucks Powai,333.54,DEBIT,Take-out
2025-09-07,Dominos Pizza,472.28,DEBIT,Take-out
2025-09-07,HP Petrol Pump,364.94,DEBIT,Transport
2025-09-07,Mahanagar Gas bill,854.48,DEBIT,Utilities
2025-09-07,Jio postpaid bill,365.15,DEBIT,Utilities
2025-09-07,Mahanagar Gas bill,232.39,DEBIT,Utilities
2025-09-08,PVR Cinemas,350.58,DEBIT,Entertainment
2025-09-08,Spotify Premium,459.39,DEBIT,Entertainment
2025-09-08,Fresh Fruits & Veg Co.,360.58,DEBIT,Groceries
2025-09-08,Fresh Fruits & Veg Co.,1151.44,DEBIT,Groceries
2025-09-08,Swiggy order,193.45,DEBIT,Take-out
2025-09-08,Starbucks Powai,186.92,DEBIT,Take-out
2025-09-08,Behrouz Biryani,298.64,DEBIT,Take-out
2025-09-08,Jio postpaid bill,482.18,DEBIT,Utilities
2025-09-08,Jio postpaid bill,427.47,DEBIT,Utilities
2025-09-09,PVR Cinemas,386.76,DEBIT,Entertainment
2025-09-09,Dominos Pizza,340.32,DEBIT,Take-out
2025-09-09,Mumbai Metro recharge,99.71,DEBIT,Transport
2025-09-09,Ola Cabs,250.91,DEBIT,Transport
2025-09-09,Uber ride,169.92,DEBIT,Transport
2025-09-09,Mahanagar Gas bill,856.92,DEBIT,Utilities
2025-09-10,BigBasket order,501.24,DEBIT,Groceries
2025-09-10,More Supermarket,895.68,DEBIT,Groceries
2025-09-10,Flipkart order,1699.98,DEBIT,Shopping
2025-09-10,Cafe Coffee Day,177.12,DEBIT,Take-out
2025-09-10,Dominos Pizza,212.46,DEBIT,Take-out
2025-09-10,Swiggy order,377.44,DEBIT,Take-out
2025-09-10,Indian Oil fuel,149.71,DEBIT,Transport
2025-09-10,Water tax payment,478.97,DEBIT,Utilities
2025-09-11,BigBasket order,643.57,DEBIT,Groceries
2025-09-11,Nature's Basket,330.92,DEBIT,Groceries
2025-09-11,Fresh Fruits & Veg Co.,429.01,DEBIT,Groceries
2025-09-11,Nature's Basket,470.77,DEBIT,Groceries
2025-09-11,Nature's Basket,285.55,DEBIT,Groceries
2025-09-11,Cafe Coffee Day,277.51,DEBIT,Take-out
2025-09-11,HP Petrol Pump,211.86,DEBIT,Transport
2025-09-11,Airtel Fibre broadband,520.69,DEBIT,Utilities
2025-09-12,Steam games purchase,844.97,DEBIT,Entertainment
2025-09-12,BookMyShow tickets,114.40,DEBIT,Entertainment
2025-09-12,More Supermarket,850.06,DEBIT,Groceries
2025-09-12,Reliance Fresh,403.17,DEBIT,Groceries
2025-09-12,Flipkart order,315.91,DEBIT,Shopping
2025-09-12,Dominos Pizza,548.31,DEBIT,Take-out
2025-09-12,Zomato order,406.65,DEBIT,Take-out
2025-09-12,Zomato order,535.49,DEBIT,Take-out
2025-09-12,Ola Cabs,163.38,DEBIT,Transport
2025-09-13,More Supermarket,213.61,DEBIT,Groceries
2025-09-13,Reliance Fresh,636.78,DEBIT,Groceries
2025-09-13,Dominos Pizza,507.81,DEBIT,Take-out
2025-09-13,Uber ride,196.14,DEBIT,Transport
2025-09-13,Indian Oil fuel,323.26,DEBIT,Transport
2025-09-14,Nature's Basket,519.35,DEBIT,Groceries
2025-09-14,Fresh Fruits & Veg Co.,282.02,DEBIT,Groceries
2025-09-14,Reliance Fresh,215.21,DEBIT,Groceries
2025-09-14,Dominos Pizza,207.66,DEBIT,Take-out
2025-09-14,Cafe Coffee Day,185.13,DEBIT,Take-out
2025-09-14,Mumbai Metro recharge,428.23,DEBIT,Transport
2025-09-15,BookMyShow tickets,265.53,DEBIT,Entertainment
2025-09-15,BigBasket order,272.00,DEBIT,Groceries
2025-09-15,Decathlon Powai,1157.75,DEBIT,Shopping
2025-09-15,Amazon.in order,1874.23,DEBIT,Shopping
2025-09-15,MSEB electricity bill,795.81,DEBIT,Utilities
2025-09-16,DMart Andheri West,514.77,DEBIT,Groceries
2025-09-16,DMart Andheri West,532.47,DEBIT,Groceries
2025-09-16,Croma Electronics,1845.85,DEBIT,Shopping
2025-09-16,IKEA Navi Mumbai,1062.81,DEBIT,Shopping
2025-09-16,Dominos Pizza,214.00,DEBIT,Take-out
2025-09-16,Swiggy order,177.17,DEBIT,Take-out
2025-09-16,Behrouz Biryani,193.07,DEBIT,Take-out
2025-09-16,Mumbai Metro recharge,384.15,DEBIT,Transport
2025-09-16,Airtel Fibre broadband,194.42,DEBIT,Utilities
2025-09-17,Spotify Premium,706.17,DEBIT,Entertainment
2025-09-17,BigBasket order,571.36,DEBIT,Groceries
2025-09-17,Starbucks Powai,242.39,DEBIT,Take-out
2025-09-17,Ola Cabs,150.30,DEBIT,Transport
2025-09-17,Jio postpaid bill,297.70,DEBIT,Utilities
2025-09-17,Water tax payment,422.19,DEBIT,Utilities
2025-09-17,Mahanagar Gas bill,252.22,DEBIT,Utilities
2025-09-18,Steam games purchase,149.85,DEBIT,Entertainment
2025-09-18,Reliance Fresh,342.81,DEBIT,Groceries
2025-09-18,DMart Andheri West,405.10,DEBIT,Groceries
2025-09-18,Zomato order,143.11,DEBIT,Take-out
2025-09-18,Mumbai Metro recharge,359.34,DEBIT,Transport
2025-09-18,Ola Cabs,83.07,DEBIT,Transport
2025-09-18,Jio postpaid bill,373.74,DEBIT,Utilities
2025-09-18,Water tax payment,428.04,DEBIT,Utilities
2025-09-19,BigBasket order,684.94,DEBIT,Groceries
2025-09-19,Fresh Fruits & Veg Co.,660.63,DEBIT,Groceries
2025-09-19,Fresh Fruits & Veg Co.,596.72,DEBIT,Groceries
2025-09-19,Myntra order,1578.63,DEBIT,Shopping
2025-09-19,Flipkart order,1937.47,DEBIT,Shopping
2025-09-19,Swiggy order,321.79,DEBIT,Take-out
2025-09-19,Swiggy order,485.28,DEBIT,Take-out
2025-09-20,Nature's Basket,296.21,DEBIT,Groceries
2025-09-20,DMart Andheri West,392.72,DEBIT,Groceries
2025-09-20,Dominos Pizza,209.41,DEBIT,Take-out
2025-09-20,Behrouz Biryani,353.83,DEBIT,Take-out
2025-09-20,Mumbai Metro recharge,356.75,DEBIT,Transport
2025-09-21,Spotify Premium,523.10,DEBIT,Entertainment
2025-09-21,Steam games purchase,253.96,DEBIT,Entertainment
2025-09-21,BigBasket order,733.46,DEBIT,Groceries
2025-09-21,Reliance Fresh,942.73,DEBIT,Groceries
2025-09-21,Dominos Pizza,137.69,DEBIT,Take-out
2025-09-21,Swiggy order,146.58,DEBIT,Take-out
2025-09-22,BigBasket order,645.28,DEBIT,Groceries
2025-09-22,DMart Andheri West,252.51,DEBIT,Groceries
2025-09-22,Reliance Fresh,825.49,DEBIT,Groceries
2025-09-22,Flipkart order,738.01,DEBIT,Shopping
2025-09-22,Croma Electronics,844.70,DEBIT,Shopping
2025-09-22,Zomato order,383.72,DEBIT,Take-out
2025-09-22,Dominos Pizza,319.42,DEBIT,Take-out
2025-09-22,Ola Cabs,360.02,DEBIT,Transport
2025-09-22,Airtel Fibre broadband,471.64,DEBIT,Utilities
2025-09-23,Reliance Fresh,244.16,DEBIT,Groceries
2025-09-23,Starbucks Powai,309.80,DEBIT,Take-out
2025-09-23,Cafe Coffee Day,282.83,DEBIT,Take-out
2025-09-23,Zomato order,210.99,DEBIT,Take-out
2025-09-23,Swiggy order,182.45,DEBIT,Take-out
2025-09-23,Dominos Pizza,187.51,DEBIT,Take-out
2025-09-23,Jio postpaid bill,458.82,DEBIT,Utilities
2025-09-23,Airtel Fibre broadband,537.89,DEBIT,Utilities
2025-09-23,Water tax payment,450.33,DEBIT,Utilities
2025-09-24,More Supermarket,986.21,DEBIT,Groceries
2025-09-24,Behrouz Biryani,201.16,DEBIT,Take-out
2025-09-24,Mumbai Metro recharge,102.46,DEBIT,Transport
2025-09-24,MSEB electricity bill,750.41,DEBIT,Utilities
2025-09-24,MSEB electricity bill,927.75,DEBIT,Utilities
2025-09-25,Nature's Basket,359.69,DEBIT,Groceries
2025-09-25,Reliance Fresh,487.31,DEBIT,Groceries
2025-09-25,Myntra order,1574.48,DEBIT,Shopping
2025-09-25,Decathlon Powai,185.29,DEBIT,Shopping
2025-09-25,Cafe Coffee Day,196.21,DEBIT,Take-out
2025-09-25,Zomato order,188.12,DEBIT,Take-out
2025-09-25,Uber ride,125.58,DEBIT,Transport
2025-09-26,Spotify Premium,688.02,DEBIT,Entertainment
2025-09-26,More Supermarket,420.30,DEBIT,Groceries
2025-09-26,DMart Andheri West,331.09,DEBIT,Groceries
2025-09-26,Behrouz Biryani,118.01,DEBIT,Take-out
2025-09-26,Dominos Pizza,205.80,DEBIT,Take-out
2025-09-26,Starbucks Powai,377.53,DEBIT,Take-out
2025-09-26,Indian Oil fuel,227.25,DEBIT,Transport
2025-09-26,Water tax payment,724.80,DEBIT,Utilities
2025-09-26,MSEB electricity bill,598.45,DEBIT,Utilities
2025-09-27,Nature's Basket,467.20,DEBIT,Groceries
2025-09-27,Fresh Fruits & Veg Co.,222.27,DEBIT,Groceries
2025-09-27,DMart Andheri West,926.26,DEBIT,Groceries
2025-09-27,Cafe Coffee Day,289.78,DEBIT,Take-out
2025-09-27,Zomato order,335.35,DEBIT,Take-out
2025-09-27,Swiggy order,232.26,DEBIT,Take-out
2025-09-27,Mumbai Metro recharge,95.86,DEBIT,Transport
2025-09-27,Mumbai Metro recharge,276.52,DEBIT,Transport
2025-09-28,Spotify Premium,266.74,DEBIT,Entertainment
2025-09-28,Amazon.in order,2457.12,DEBIT,Shopping
2025-09-28,Amazon.in order,1223.55,DEBIT,Shopping
2025-09-28,Myntra order,725.85,DEBIT,Shopping
2025-09-28,Croma Electronics,1291.35,DEBIT,Shopping
2025-09-28,Zomato order,237.54,DEBIT,Take-out
2025-09-28,Swiggy order,359.75,DEBIT,Take-out
2025-09-28,Uber ride,198.08,DEBIT,Transport
2025-09-29,BigBasket order,298.01,DEBIT,Groceries
2025-09-29,Flipkart order,714.09,DEBIT,Shopping
2025-09-29,IKEA Navi Mumbai,2041.91,DEBIT,Shopping
2025-09-29,Behrouz Biryani,197.62,DEBIT,Take-out
2025-09-29,CityFlo monthly pass,447.20,DEBIT,Transport
2025-09-29,Uber ride,264.80,DEBIT,Transport
2025-09-30,Steam games purchase,542.27,DEBIT,Entertainment
2025-09-30,Reliance Fresh,586.69,DEBIT,Groceries
2025-09-30,Fresh Fruits & Veg Co.,340.49,DEBIT,Groceries
2025-09-30,Salary credited from Cyphersol Technologies,172000.00,CREDIT,Salary
2025-09-30,Myntra order,1076.93,DEBIT,Shopping
2025-09-30,Starbucks Powai,118.22,DEBIT,Take-out
2025-09-30,Starbucks Powai,272.53,DEBIT,Take-out
2025-10-01,BigBasket order,879.51,DEBIT,Groceries
2025-10-01,More Supermarket,487.74,DEBIT,Groceries
2025-10-01,Fresh Fruits & Veg Co.,244.37,DEBIT,Groceries
2025-10-01,House rent transfer to landlord,24000.00,DEBIT,Rent
2025-10-01,Decathlon Powai,963.97,DEBIT,Shopping
2025-10-01,Amazon.in order,338.41,DEBIT,Shopping
2025-10-01,Dominos Pizza,233.19,DEBIT,Take-out
2025-10-01,Behrouz Biryani,504.98,DEBIT,Take-out
2025-10-01,Dominos Pizza,492.09,DEBIT,Take-out
2025-10-01,Airtel Fibre broadband,457.18,DEBIT,Utilities
2025-10-02,PVR Cinemas,234.09,DEBIT,Entertainment
2025-10-02,Nature's Basket,821.68,DEBIT,Groceries
2025-10-02,Reliance Fresh,588.72,DEBIT,Groceries
2025-10-02,More Supermarket,534.71,DEBIT,Groceries
2025-10-02,Reliance Fresh,722.97,DEBIT,Groceries
2025-10-02,Amazon.in order,790.35,DEBIT,Shopping
2025-10-02,Mumbai Metro recharge,338.18,DEBIT,Transport
2025-10-02,CityFlo monthly pass,139.62,DEBIT,Transport
2025-10-03,Reliance Fresh,910.49,DEBIT,Groceries
2025-10-03,Fresh Fruits & Veg Co.,157.68,DEBIT,Groceries
2025-10-03,Reliance Fresh,435.29,DEBIT,Groceries
2025-10-03,Croma Electronics,1175.14,DEBIT,Shopping
2025-10-03,Behrouz Biryani,286.37,DEBIT,Take-out
2025-10-03,Swiggy order,243.19,DEBIT,Take-out
2025-10-03,Indian Oil fuel,384.00,DEBIT,Transport
2025-10-03,Ola Cabs,290.59,DEBIT,Transport
2025-10-03,Water tax payment,389.99,DEBIT,Utilities
2025-10-04,BookMyShow tickets,815.22,DEBIT,Entertainment
2025-10-04,Steam games purchase,583.45,DEBIT,Entertainment
2025-10-04,BookMyShow tickets,917.24,DEBIT,Entertainment
2025-10-04,Dominos Pizza,448.58,DEBIT,Take-out
2025-10-04,Behrouz Biryani,170.36,DEBIT,Take-out
2025-10-04,Behrouz Biryani,231.16,DEBIT,Take-out
2025-10-04,Jio postpaid bill,320.14,DEBIT,Utilities
2025-10-05,More Supermarket,626.77,DEBIT,Groceries
2025-10-05,HDFC Home Loan EMI,12500.00,DEBIT,Loan-Payments
2025-10-05,IKEA Navi Mumbai,1291.39,DEBIT,Shopping
2025-10-05,Cafe Coffee Day,340.67,DEBIT,Take-out
2025-10-05,Swiggy order,304.77,DEBIT,Take-out
2025-10-05,Cafe Coffee Day,409.17,DEBIT,Take-out
2025-10-05,Water tax payment,914.66,DEBIT,Utilities
2025-10-05,Airtel Fibre broadband,627.44,DEBIT,Utilities
2025-10-06,Spotify Premium,268.76,DEBIT,Entertainment
2025-10-06,Fresh Fruits & Veg Co.,685.23,DEBIT,Groceries
2025-10-06,Decathlon Powai,666.03,DEBIT,Shopping
2025-10-06,Amazon.in order,470.83,DEBIT,Shopping
2025-10-06,Behrouz Biryani,168.96,DEBIT,Take-out
2025-10-07,PVR Cinemas,225.58,DEBIT,Entertainment
2025-10-07,DMart Andheri West,588.92,DEBIT,Groceries
2025-10-07,More Supermarket,735.05,DEBIT,Groceries
2025-10-07,Credit Card bill payment,6800.00,DEBIT,Loan-Payments
2025-10-07,Zomato order,333.31,DEBIT,Take-out
2025-10-07,Dominos Pizza,116.59,DEBIT,Take-out
2025-10-07,Mumbai Metro recharge,180.04,DEBIT,Transport
2025-10-08,Netflix subscription,289.62,DEBIT,Entertainment
2025-10-08,IKEA Navi Mumbai,1681.70,DEBIT,Shopping
2025-10-08,Mumbai Metro recharge,132.28,DEBIT,Transport
2025-10-08,HP Petrol Pump,376.74,DEBIT,Transport
2025-10-08,Indian Oil fuel,191.44,DEBIT,Transport
2025-10-08,Jio postpaid bill,604.10,DEBIT,Utilities
2025-10-08,MSEB electricity bill,679.38,DEBIT,Utilities
2025-10-08,Airtel Fibre broadband,780.86,DEBIT,Utilities
2025-10-09,BigBasket order,262.20,DEBIT,Groceries
2025-10-09,More Supermarket,377.79,DEBIT,Groceries
2025-10-09,Nature's Basket,162.93,DEBIT,Groceries
2025-10-09,BigBasket order,618.09,DEBIT,Groceries
2025-10-09,Decathlon Powai,2352.13,DEBIT,Shopping
2025-10-09,Dominos Pizza,280.19,DEBIT,Take-out
2025-10-09,Behrouz Biryani,341.07,DEBIT,Take-out
2025-10-10,Netflix subscription,717.91,DEBIT,Entertainment
2025-10-10,BookMyShow tickets,760.89,DEBIT,Entertainment
2025-10-10,BigBasket order,362.55,DEBIT,Groceries
2025-10-10,BigBasket order,351.79,DEBIT,Groceries
2025-10-10,Decathlon Powai,1041.05,DEBIT,Shopping
2025-10-10,IKEA Navi Mumbai,1739.16,DEBIT,Shopping
2025-10-10,Dominos Pizza,319.97,DEBIT,Take-out
2025-10-10,Mahanagar Gas bill,306.93,DEBIT,Utilities
2025-10-11,Fresh Fruits & Veg Co.,443.64,DEBIT,Groceries
2025-10-11,BigBasket order,491.02,DEBIT,Groceries
2025-10-11,Croma Electronics,1230.06,DEBIT,Shopping
2025-10-11,Behrouz Biryani,255.50,DEBIT,Take-out
2025-10-11,Indian Oil fuel,257.18,DEBIT,Transport
2025-10-12,BookMyShow tickets,349.26,DEBIT,Entertainment
2025-10-12,Fresh Fruits & Veg Co.,831.87,DEBIT,Groceries
2025-10-12,Fresh Fruits & Veg Co.,378.37,DEBIT,Groceries
2025-10-12,Starbucks Powai,300.13,DEBIT,Take-out
2025-10-12,Behrouz Biryani,287.81,DEBIT,Take-out
2025-10-12,Behrouz Biryani,445.79,DEBIT,Take-out
2025-10-12,Dominos Pizza,422.94,DEBIT,Take-out
2025-10-13,DMart Andheri West,669.25,DEBIT,Groceries
2025-10-13,BigBasket order,501.40,DEBIT,Groceries
2025-10-13,Amazon.in order,2151.73,DEBIT,Shopping
2025-10-13,Dominos Pizza,187.80,DEBIT,Take-out
2025-10-13,Jio postpaid bill,384.18,DEBIT,Utilities
2025-10-13,Jio postpaid bill,401.53,DEBIT,Utilities
2025-10-13,Water tax payment,510.15,DEBIT,Utilities
2025-10-13,Airtel Fibre broadband,634.08,DEBIT,Utilities
2025-10-14,Reliance Fresh,718.88,DEBIT,Groceries
2025-10-14,More Supermarket,439.69,DEBIT,Groceries
2025-10-14,BigBasket order,661.78,DEBIT,Groceries
2025-10-14,Myntra order,329.62,DEBIT,Shopping
2025-10-14,Dominos Pizza,209.69,DEBIT,Take-out
2025-10-14,Zomato order,293.27,DEBIT,Take-out
2025-10-14,Zomato order,235.91,DEBIT,Take-out
2025-10-14,Ola Cabs,259.92,DEBIT,Transport
2025-10-15,More Supermarket,834.95,DEBIT,Groceries
2025-10-15,Flipkart order,1425.85,DEBIT,Shopping
2025-10-15,Behrouz Biryani,303.79,DEBIT,Take-out
2025-10-15,Ola Cabs,185.20,DEBIT,Transport
2025-10-15,Mahanagar Gas bill,553.92,DEBIT,Utilities
2025-10-16,BigBasket order,313.09,DEBIT,Groceries
2025-10-16,Fresh Fruits & Veg Co.,410.39,DEBIT,Groceries
2025-10-16,DMart Andheri West,597.68,DEBIT,Groceries
2025-10-16,Croma Electronics,859.54,DEBIT,Shopping
2025-10-16,MSEB electricity bill,691.16,DEBIT,Utilities
2025-10-17,PVR Cinemas,895.34,DEBIT,Entertainment
2025-10-17,Netflix subscription,96.05,DEBIT,Entertainment
2025-10-17,DMart Andheri West,342.60,DEBIT,Groceries
2025-10-17,Fresh Fruits & Veg Co.,935.29,DEBIT,Groceries
2025-10-17,Amazon.in order,2166.40,DEBIT,Shopping
2025-10-17,Dominos Pizza,431.80,DEBIT,Take-out
2025-10-17,Cafe Coffee Day,230.65,DEBIT,Take-out
2025-10-17,Mahanagar Gas bill,654.14,DEBIT,Utilities
2025-10-18,Nature's Basket,862.56,DEBIT,Groceries
2025-10-18,Nature's Basket,460.13,DEBIT,Groceries
2025-10-18,DMart Andheri West,339.76,DEBIT,Groceries
2025-10-18,Fresh Fruits & Veg Co.,725.22,DEBIT,Groceries
2025-10-18,Croma Electronics,2197.69,DEBIT,Shopping
2025-10-18,Swiggy order,261.49,DEBIT,Take-out
2025-10-18,Zomato order,400.89,DEBIT,Take-out
2025-10-18,Ola Cabs,236.28,DEBIT,Transport
2025-10-18,Indian Oil fuel,235.88,DEBIT,Transport
2025-10-19,PVR Cinemas,324.32,DEBIT,Entertainment
2025-10-19,BookMyShow tickets,386.86,DEBIT,Entertainment
2025-10-19,Nature's Basket,176.86,DEBIT,Groceries
2025-10-19,Cafe Coffee Day,377.38,DEBIT,Take-out
2025-10-19,Swiggy order,288.32,DEBIT,Take-out
2025-10-19,Mumbai Metro recharge,325.57,DEBIT,Transport
2025-10-19,Jio postpaid bill,702.96,DEBIT,Utilities
2025-10-20,DMart Andheri West,852.15,DEBIT,Groceries
2025-10-20,BigBasket order,152.74,DEBIT,Groceries
2025-10-20,More Supermarket,404.77,DEBIT,Groceries
2025-10-20,Amazon.in order,1479.09,DEBIT,Shopping
2025-10-20,Mumbai Metro recharge,146.84,DEBIT,Transport
2025-10-21,BookMyShow tickets,504.14,DEBIT,Entertainment
2025-10-21,Nature's Basket,620.72,DEBIT,Groceries
2025-10-21,More Supermarket,430.18,DEBIT,Groceries
2025-10-21,Decathlon Powai,1667.89,DEBIT,Shopping
2025-10-21,Behrouz Biryani,215.67,DEBIT,Take-out
2025-10-21,Starbucks Powai,114.50,DEBIT,Take-out
2025-10-21,Mumbai Metro recharge,534.45,DEBIT,Transport
2025-10-22,More Supermarket,438.50,DEBIT,Groceries
2025-10-22,BigBasket order,498.94,DEBIT,Groceries
2025-10-22,Flipkart order,1219.42,DEBIT,Shopping
2025-10-22,IKEA Navi Mumbai,974.87,DEBIT,Shopping
2025-10-22,Mumbai Metro recharge,135.45,DEBIT,Transport
2025-10-22,Uber ride,224.13,DEBIT,Transport
2025-10-22,HP Petrol Pump,186.76,DEBIT,Transport
2025-10-23,Nature's Basket,484.50,DEBIT,Groceries
2025-10-23,Reliance Fresh,261.16,DEBIT,Groceries
2025-10-23,More Supermarket,394.67,DEBIT,Groceries
2025-10-23,Nature's Basket,751.12,DEBIT,Groceries
2025-10-23,Croma Electronics,1075.27,DEBIT,Shopping
2025-10-23,Myntra order,2679.81,DEBIT,Shopping
2025-10-23,Behrouz Biryani,467.69,DEBIT,Take-out
2025-10-23,Indian Oil fuel,216.86,DEBIT,Transport
2025-10-24,Netflix subscription,324.20,DEBIT,Entertainment
2025-10-24,PVR Cinemas,104.38,DEBIT,Entertainment
2025-10-24,DMart Andheri West,620.49,DEBIT,Groceries
2025-10-24,Amazon.in order,2354.51,DEBIT,Shopping
2025-10-24,Starbucks Powai,115.01,DEBIT,Take-out
2025-10-24,Starbucks Powai,180.06,DEBIT,Take-out
2025-10-24,Water tax payment,789.88,DEBIT,Utilities
2025-10-25,PVR Cinemas,496.66,DEBIT,Entertainment
2025-10-25,BookMyShow tickets,521.11,DEBIT,Entertainment
2025-10-25,Amazon.in order,1164.83,DEBIT,Shopping
2025-10-25,IKEA Navi Mumbai,1325.77,DEBIT,Shopping
2025-10-25,Myntra order,2518.89,DEBIT,Shopping
2025-10-25,Flipkart order,1916.57,DEBIT,Shopping
2025-10-25,Swiggy order,230.94,DEBIT,Take-out
2025-10-25,CityFlo monthly pass,273.10,DEBIT,Transport
2025-10-25,CityFlo monthly pass,410.86,DEBIT,Transport
2025-10-26,Fresh Fruits & Veg Co.,215.36,DEBIT,Groceries
2025-10-26,Reliance Fresh,548.03,DEBIT,Groceries
2025-10-26,Nature's Basket,910.35,DEBIT,Groceries
2025-10-26,Fresh Fruits & Veg Co.,518.42,DEBIT,Groceries
2025-10-26,IKEA Navi Mumbai,1550.97,DEBIT,Shopping
2025-10-26,Cafe Coffee Day,178.88,DEBIT,Take-out
2025-10-26,Zomato order,259.42,DEBIT,Take-out
2025-10-26,Starbucks Powai,89.94,DEBIT,Take-out
2025-10-26,Starbucks Powai,431.83,DEBIT,Take-out
2025-10-27,Reliance Fresh,589.96,DEBIT,Groceries
2025-10-27,Croma Electronics,2643.26,DEBIT,Shopping
2025-10-27,Zomato order,454.45,DEBIT,Take-out
2025-10-27,Swiggy order,333.45,DEBIT,Take-out
2025-10-27,Airtel Fibre broadband,520.33,DEBIT,Utilities
2025-10-27,Water tax payment,417.11,DEBIT,Utilities
2025-10-28,PVR Cinemas,731.84,DEBIT,Entertainment
2025-10-28,Fresh Fruits & Veg Co.,853.84,DEBIT,Groceries
2025-10-28,More Supermarket,208.83,DEBIT,Groceries
2025-10-28,IKEA Navi Mumbai,2227.86,DEBIT,Shopping
2025-10-28,Swiggy order,235.25,DEBIT,Take-out
2025-10-28,CityFlo monthly pass,159.69,DEBIT,Transport
2025-10-28,Mahanagar Gas bill,318.36,DEBIT,Utilities
2025-10-29,Netflix subscription,679.90,DEBIT,Entertainment
2025-10-29,Nature's Basket,146.83,DEBIT,Groceries
2025-10-29,Fresh Fruits & Veg Co.,534.70,DEBIT,Groceries
2025-10-29,Myntra order,320.47,DEBIT,Shopping
2025-10-29,Dominos Pizza,231.43,DEBIT,Take-out
2025-10-29,Airtel Fibre broadband,360.31,DEBIT,Utilities
2025-10-30,PVR Cinemas,390.32,DEBIT,Entertainment
2025-10-30,Nature's Basket,468.85,DEBIT,Groceries
2025-10-30,Amazon.in order,1786.10,DEBIT,Shopping
2025-10-30,Flipkart order,1310.66,DEBIT,Shopping
2025-10-30,Flipkart order,512.71,DEBIT,Shopping
2025-10-30,Decathlon Powai,1968.63,DEBIT,Shopping
2025-10-30,Behrouz Biryani,280.41,DEBIT,Take-out
2025-10-30,Mumbai Metro recharge,231.08,DEBIT,Transport
2025-10-30,CityFlo monthly pass,221.60,DEBIT,Transport
2025-10-31,Spotify Premium,327.21,DEBIT,Entertainment
2025-10-31,BookMyShow tickets,484.34,DEBIT,Entertainment
2025-10-31,DMart Andheri West,237.31,DEBIT,Groceries
2025-10-31,DMart Andheri West,624.74,DEBIT,Groceries
2025-10-31,DMart Andheri West,616.45,DEBIT,Groceries
2025-10-31,Reliance Fresh,202.48,DEBIT,Groceries
2025-10-31,More Supermarket,195.77,DEBIT,Groceries
2025-10-31,Salary credited from Cyphersol Technologies,172000.00,CREDIT,Salary
2025-10-31,Behrouz Biryani,189.57,DEBIT,Take-out
2025-10-31,Mahanagar Gas bill,732.80,DEBIT,Utilities
2025-11-01,Nature's Basket,859.72,DEBIT,Groceries
2025-11-01,More Supermarket,583.95,DEBIT,Groceries
2025-11-01,House rent transfer to landlord,24000.00,DEBIT,Rent
2025-11-01,Croma Electronics,1349.17,DEBIT,Shopping
2025-11-01,Amazon.in order,966.65,DEBIT,Shopping
2025-11-01,Cafe Coffee Day,297.77,DEBIT,Take-out
2025-11-02,Netflix subscription,917.19,DEBIT,Entertainment
2025-11-02,DMart Andheri West,216.24,DEBIT,Groceries
2025-11-02,BigBasket order,1110.45,DEBIT,Groceries
2025-11-02,Croma Electronics,1932.43,DEBIT,Shopping
2025-11-02,Zomato order,281.49,DEBIT,Take-out
2025-11-02,Ola Cabs,434.36,DEBIT,Transport
2025-11-02,Jio postpaid bill,354.85,DEBIT,Utilities
2025-11-02,Mahanagar Gas bill,678.16,DEBIT,Utilities
2025-11-02,Mahanagar Gas bill,556.93,DEBIT,Utilities
2025-11-03,PVR Cinemas,697.59,DEBIT,Entertainment
2025-11-03,Nature's Basket,439.53,DEBIT,Groceries
2025-11-03,More Supermarket,690.97,DEBIT,Groceries
2025-11-03,More Supermarket,400.38,DEBIT,Groceries
2025-11-03,Cafe Coffee Day,130.80,DEBIT,Take-out
2025-11-03,Swiggy order,475.44,DEBIT,Take-out
2025-11-03,Uber ride,399.17,DEBIT,Transport
2025-11-04,Steam games purchase,328.55,DEBIT,Entertainment
2025-11-04,More Supermarket,313.78,DEBIT,Groceries
2025-11-04,Nature's Basket,340.35,DEBIT,Groceries
2025-11-04,IKEA Navi Mumbai,1084.26,DEBIT,Shopping
2025-11-04,Indian Oil fuel,353.17,DEBIT,Transport
2025-11-04,CityFlo monthly pass,187.30,DEBIT,Transport
2025-11-04,Mahanagar Gas bill,457.04,DEBIT,Utilities
2025-11-05,Reliance Fresh,916.25,DEBIT,Groceries
2025-11-05,DMart Andheri West,565.96,DEBIT,Groceries
2025-11-05,BigBasket order,876.82,DEBIT,Groceries
2025-11-05,BigBasket order,822.79,DEBIT,Groceries
2025-11-05,HDFC Home Loan EMI,12500.00,DEBIT,Loan-Payments
2025-11-05,Decathlon Powai,652.28,DEBIT,Shopping
2025-11-05,Starbucks Powai,384.35,DEBIT,Take-out
2025-11-05,Mahanagar Gas bill,739.04,DEBIT,Utilities
2025-11-06,Nature's Basket,506.64,DEBIT,Groceries
2025-11-06,Dominos Pizza,105.52,DEBIT,Take-out
2025-11-06,Cafe Coffee Day,472.14,DEBIT,Take-out
2025-11-06,Cafe Coffee Day,328.67,DEBIT,Take-out
2025-11-06,HP Petrol Pump,82.86,DEBIT,Transport
2025-11-06,Airtel Fibre broadband,486.69,DEBIT,Utilities
2025-11-06,MSEB electricity bill,764.71,DEBIT,Utilities
2025-11-07,DMart Andheri West,191.05,DEBIT,Groceries
2025-11-07,Reliance Fresh,965.92,DEBIT,Groceries
2025-11-07,Credit Card bill payment,6800.00,DEBIT,Loan-Payments
2025-11-07,Mumbai Metro recharge,142.51,DEBIT,Transport
2025-11-07,Ola Cabs,182.10,DEBIT,Transport
2025-11-07,Mumbai Metro recharge,401.96,DEBIT,Transport
2025-11-07,Mahanagar Gas bill,703.27,DEBIT,Utilities
2025-11-08,Netflix subscription,266.07,DEBIT,Entertainment
2025-11-08,Reliance Fresh,1032.44,DEBIT,Groceries
2025-11-08,Reliance Fresh,388.83,DEBIT,Groceries
2025-11-08,Fresh Fruits & Veg Co.,750.94,DEBIT,Groceries
2025-11-08,Refund from Myntra,932.33,CREDIT,Refund
2025-11-08,Cafe Coffee Day,406.66,DEBIT,Take-out
2025-11-08,Dominos Pizza,314.47,DEBIT,Take-out
2025-11-08,Ola Cabs,263.43,DEBIT,Transport
2025-11-08,CityFlo monthly pass,256.24,DEBIT,Transport
2025-11-09,Spotify Premium,171.82,DEBIT,Entertainment
2025-11-09,DMart Andheri West,675.25,DEBIT,Groceries
2025-11-09,Myntra order,548.14,DEBIT,Shopping
2025-11-09,Dominos Pizza,196.54,DEBIT,Take-out
2025-11-09,Dominos Pizza,229.11,DEBIT,Take-out
2025-11-09,Zomato order,173.15,DEBIT,Take-out
2025-11-09,Indian Oil fuel,150.59,DEBIT,Transport
2025-11-09,Jio postpaid bill,279.30,DEBIT,Utilities
2025-11-10,Reliance Fresh,503.74,DEBIT,Groceries
2025-11-10,Swiggy order,257.94,DEBIT,Take-out
2025-11-10,Cafe Coffee Day,309.22,DEBIT,Take-out
2025-11-10,Swiggy order,180.79,DEBIT,Take-out
2025-11-10,Dominos Pizza,450.26,DEBIT,Take-out
2025-11-10,Swiggy order,331.65,DEBIT,Take-out
2025-11-11,BookMyShow tickets,681.49,DEBIT,Entertainment
2025-11-11,Spotify Premium,846.65,DEBIT,Entertainment
2025-11-11,Fresh Fruits & Veg Co.,470.60,DEBIT,Groceries
2025-11-11,Nature's Basket,327.11,DEBIT,Groceries
2025-11-11,Cafe Coffee Day,295.01,DEBIT,Take-out
2025-11-11,Swiggy order,313.56,DEBIT,Take-out
2025-11-11,Airtel Fibre broadband,907.10,DEBIT,Utilities
2025-11-12,DMart Andheri West,236.53,DEBIT,Groceries
2025-11-12,More Supermarket,241.80,DEBIT,Groceries
2025-11-12,Starbucks Powai,137.57,DEBIT,Take-out
2025-11-12,Starbucks Powai,163.64,DEBIT,Take-out
2025-11-12,Swiggy order,194.73,DEBIT,Take-out
2025-11-12,Indian Oil fuel,255.41,DEBIT,Transport
2025-11-12,CityFlo monthly pass,422.85,DEBIT,Transport
2025-11-13,PVR Cinemas,413.34,DEBIT,Entertainment
2025-11-13,Fresh Fruits & Veg Co.,576.44,DEBIT,Groceries
2025-11-13,Fresh Fruits & Veg Co.,986.18,DEBIT,Groceries
2025-11-13,Decathlon Powai,1324.84,DEBIT,Shopping
2025-11-13,Amazon.in order,1456.82,DEBIT,Shopping
2025-11-13,Dominos Pizza,271.02,DEBIT,Take-out
2025-11-13,Swiggy order,263.12,DEBIT,Take-out
2025-11-14,BigBasket order,821.30,DEBIT,Groceries
2025-11-14,More Supermarket,461.17,DEBIT,Groceries
2025-11-14,IKEA Navi Mumbai,2487.53,DEBIT,Shopping
2025-11-14,Behrouz Biryani,239.72,DEBIT,Take-out
2025-11-14,Swiggy order,360.00,DEBIT,Take-out
2025-11-14,Cafe Coffee Day,363.20,DEBIT,Take-out
2025-11-14,Ola Cabs,110.95,DEBIT,Transport
2025-11-14,Jio postpaid bill,335.64,DEBIT,Utilities
2025-11-14,Mahanagar Gas bill,404.97,DEBIT,Utilities
2025-11-15,Spotify Premium,392.63,DEBIT,Entertainment
2025-11-15,BigBasket order,530.83,DEBIT,Groceries
2025-11-15,DMart Andheri West,556.67,DEBIT,Groceries
2025-11-15,DMart Andheri West,380.88,DEBIT,Groceries
2025-11-15,IKEA Navi Mumbai,2208.30,DEBIT,Shopping
2025-11-15,Zomato order,278.53,DEBIT,Take-out
2025-11-15,Swiggy order,319.04,DEBIT,Take-out
2025-11-15,Cafe Coffee Day,164.35,DEBIT,Take-out
2025-11-15,Jio postpaid bill,383.13,DEBIT,Utilities
2025-11-16,Nature's Basket,715.94,DEBIT,Groceries
2025-11-16,More Supermarket,597.19,DEBIT,Groceries
2025-11-16,Decathlon Powai,796.43,DEBIT,Shopping
2025-11-16,Starbucks Powai,426.92,DEBIT,Take-out
2025-11-16,Swiggy order,337.71,DEBIT,Take-out
2025-11-16,Airtel Fibre broadband,524.33,DEBIT,Utilities
2025-11-17,Steam games purchase,472.52,DEBIT,Entertainment
2025-11-17,Nature's Basket,685.66,DEBIT,Groceries
2025-11-17,BigBasket order,339.92,DEBIT,Groceries
2025-11-17,IKEA Navi Mumbai,1176.19,DEBIT,Shopping
2025-11-17,Myntra order,1840.23,DEBIT,Shopping
2025-11-17,Cafe Coffee Day,257.04,DEBIT,Take-out
2025-11-17,HP Petrol Pump,100.27,DEBIT,Transport
2025-11-17,Indian Oil fuel,142.07,DEBIT,Transport
2025-11-17,Water tax payment,208.70,DEBIT,Utilities
2025-11-18,Spotify Premium,135.43,DEBIT,Entertainment
2025-11-18,BookMyShow tickets,387.55,DEBIT,Entertainment
2025-11-18,Flipkart order,1019.90,DEBIT,Shopping
2025-11-18,Starbucks Powai,545.88,DEBIT,Take-out
2025-11-18,Starbucks Powai,245.50,DEBIT,Take-out
2025-11-18,Uber ride,336.91,DEBIT,Transport
2025-11-18,Jio postpaid bill,521.48,DEBIT,Utilities
2025-11-19,Reliance Fresh,756.64,DEBIT,Groceries
2025-11-19,Reliance Fresh,1006.07,DEBIT,Groceries
2025-11-19,IKEA Navi Mumbai,2654.75,DEBIT,Shopping
2025-11-19,Amazon.in order,1357.93,DEBIT,Shopping
2025-11-19,Flipkart order,2004.59,DEBIT,Shopping
2025-11-19,Myntra order,1491.03,DEBIT,Shopping
2025-11-19,Dominos Pizza,109.01,DEBIT,Take-out
2025-11-19,Indian Oil fuel,190.84,DEBIT,Transport
2025-11-19,Uber ride,347.59,DEBIT,Transport
2025-11-20,PVR Cinemas,636.63,DEBIT,Entertainment
2025-11-20,More Supermarket,947.10,DEBIT,Groceries
2025-11-20,Reliance Fresh,546.26,DEBIT,Groceries
2025-11-20,Decathlon Powai,836.40,DEBIT,Shopping
2025-11-20,Behrouz Biryani,227.29,DEBIT,Take-out
2025-11-20,Behrouz Biryani,357.98,DEBIT,Take-out
2025-11-20,HP Petrol Pump,339.09,DEBIT,Transport
2025-11-20,MSEB electricity bill,940.15,DEBIT,Utilities
2025-11-21,PVR Cinemas,835.56,DEBIT,Entertainment
2025-11-21,More Supermarket,426.39,DEBIT,Groceries
2025-11-21,Dominos Pizza,230.06,DEBIT,Take-out
2025-11-21,Cafe Coffee Day,227.30,DEBIT,Take-out
2025-11-21,Airtel Fibre broadband,387.09,DEBIT,Utilities
2025-11-21,Mahanagar Gas bill,932.69,DEBIT,Utilities
2025-11-22,BigBasket order,659.53,DEBIT,Groceries
2025-11-22,DMart Andheri West,532.35,DEBIT,Groceries
2025-11-22,Nature's Basket,519.42,DEBIT,Groceries
2025-11-22,Reliance Fresh,524.37,DEBIT,Groceries
2025-11-22,Reliance Fresh,635.42,DEBIT,Groceries
2025-11-22,Indian Oil fuel,139.26,DEBIT,Transport
2025-11-23,Nature's Basket,648.16,DEBIT,Groceries
2025-11-23,Reliance Fresh,1075.94,DEBIT,Groceries
2025-11-23,BigBasket order,279.16,DEBIT,Groceries
2025-11-23,Decathlon Powai,487.06,DEBIT,Shopping
2025-11-23,Starbucks Powai,230.02,DEBIT,Take-out
2025-11-23,Starbucks Powai,288.79,DEBIT,Take-out
2025-11-23,Starbucks Powai,510.57,DEBIT,Take-out
2025-11-23,Behrouz Biryani,188.95,DEBIT,Take-out
2025-11-24,PVR Cinemas,173.98,DEBIT,Entertainment
2025-11-24,BookMyShow tickets,529.69,DEBIT,Entertainment
2025-11-24,DMart Andheri West,304.19,DEBIT,Groceries
2025-11-24,Swiggy order,376.14,DEBIT,Take-out
2025-11-24,Indian Oil fuel,270.68,DEBIT,Transport
2025-11-24,CityFlo monthly pass,247.96,DEBIT,Transport
2025-11-25,DMart Andheri West,314.53,DEBIT,Groceries
2025-11-25,Decathlon Powai,777.17,DEBIT,Shopping
2025-11-25,Swiggy order,310.68,DEBIT,Take-out
2025-11-25,Zomato order,171.34,DEBIT,Take-out
2025-11-25,Swiggy order,285.44,DEBIT,Take-out
2025-11-25,Behrouz Biryani,225.05,DEBIT,Take-out
2025-11-25,Mumbai Metro recharge,150.24,DEBIT,Transport
2025-11-25,Mumbai Metro recharge,145.26,DEBIT,Transport
2025-11-25,Jio postpaid bill,257.33,DEBIT,Utilities
2025-11-26,Nature's Basket,572.94,DEBIT,Groceries
2025-11-26,DMart Andheri West,705.50,DEBIT,Groceries
2025-11-26,IKEA Navi Mumbai,850.53,DEBIT,Shopping
2025-11-26,Swiggy order,412.12,DEBIT,Take-out
2025-11-26,Swiggy order,312.33,DEBIT,Take-out
2025-11-26,Mahanagar Gas bill,632.30,DEBIT,Utilities
2025-11-26,Mahanagar Gas bill,462.83,DEBIT,Utilities
2025-11-27,Spotify Premium,468.80,DEBIT,Entertainment
2025-11-27,Nature's Basket,461.83,DEBIT,Groceries
2025-11-27,Flipkart order,812.72,DEBIT,Shopping
2025-11-27,Cafe Coffee Day,231.66,DEBIT,Take-out
2025-11-27,Mumbai Metro recharge,397.26,DEBIT,Transport
2025-11-27,Mahanagar Gas bill,715.71,DEBIT,Utilities
2025-11-27,Jio postpaid bill,702.11,DEBIT,Utilities
2025-11-27,MSEB electricity bill,473.02,DEBIT,Utilities
2025-11-28,DMart Andheri West,910.29,DEBIT,Groceries
2025-11-28,BigBasket order,747.48,DEBIT,Groceries
2025-11-28,Decathlon Powai,950.17,DEBIT,Shopping
2025-11-28,Starbucks Powai,150.32,DEBIT,Take-out
2025-11-28,Swiggy order,417.33,DEBIT,Take-out
2025-11-28,Zomato order,600.28,DEBIT,Take-out
2025-11-28,Uber ride,167.88,DEBIT,Transport
2025-11-29,Spotify Premium,820.14,DEBIT,Entertainment
2025-11-29,More Supermarket,438.69,DEBIT,Groceries
2025-11-29,IKEA Navi Mumbai,571.61,DEBIT,Shopping
2025-11-29,Myntra order,1423.58,DEBIT,Shopping
2025-11-29,Cafe Coffee Day,291.95,DEBIT,Take-out
2025-11-29,Uber ride,244.18,DEBIT,Transport
2025-11-29,Uber ride,202.86,DEBIT,Transport
2025-11-30,Netflix subscription,559.96,DEBIT,Entertainment
2025-11-30,More Supermarket,625.33,DEBIT,Groceries
2025-11-30,BigBasket order,350.74,DEBIT,Groceries
2025-11-30,Salary credited from Cyphersol Technologies,172000.00,CREDIT,Salary
2025-11-30,Amazon.in order,1425.91,DEBIT,Shopping
2025-11-30,Flipkart order,1037.42,DEBIT,Shopping
2025-11-30,Uber ride,125.27,DEBIT,Transport
2025-12-01,BookMyShow tickets,524.32,DEBIT,Entertainment
2025-12-01,Fresh Fruits & Veg Co.,272.30,DEBIT,Groceries
2025-12-01,House rent transfer to landlord,24000.00,DEBIT,Rent
2025-12-01,Decathlon Powai,2546.25,DEBIT,Shopping
2025-12-01,Zomato order,199.97,DEBIT,Take-out
2025-12-01,Zomato order,507.28,DEBIT,Take-out
2025-12-01,Indian Oil fuel,82.31,DEBIT,Transport
2025-12-01,Mumbai Metro recharge,316.09,DEBIT,Transport
2025-12-02,Steam games purchase,363.39,DEBIT,Entertainment
2025-12-02,Fresh Fruits & Veg Co.,317.84,DEBIT,Groceries
2025-12-02,Nature's Basket,308.33,DEBIT,Groceries
2025-12-02,More Supermarket,298.79,DEBIT,Groceries
2025-12-02,BigBasket order,586.96,DEBIT,Groceries
2025-12-02,Starbucks Powai,354.18,DEBIT,Take-out
2025-12-02,Indian Oil fuel,88.91,DEBIT,Transport
2025-12-02,Mumbai Metro recharge,245.12,DEBIT,Transport
2025-12-03,Spotify Premium,546.58,DEBIT,Entertainment
2025-12-03,Nature's Basket,755.99,DEBIT,Groceries
2025-12-03,More Supermarket,664.69,DEBIT,Groceries
2025-12-03,Reliance Fresh,345.19,DEBIT,Groceries
2025-12-03,Decathlon Powai,459.35,DEBIT,Shopping
2025-12-03,Behrouz Biryani,391.46,DEBIT,Take-out
2025-12-03,Dominos Pizza,450.36,DEBIT,Take-out
2025-12-04,Nature's Basket,476.02,DEBIT,Groceries
2025-12-04,IKEA Navi Mumbai,1098.42,DEBIT,Shopping
2025-12-04,Dominos Pizza,326.74,DEBIT,Take-out
2025-12-04,Ola Cabs,194.08,DEBIT,Transport
2025-12-04,Mumbai Metro recharge,152.24,DEBIT,Transport
2025-12-05,BookMyShow tickets,223.01,DEBIT,Entertainment
2025-12-05,Fresh Fruits & Veg Co.,384.44,DEBIT,Groceries
2025-12-05,More Supermarket,209.77,DEBIT,Groceries
2025-12-05,HDFC Home Loan EMI,12500.00,DEBIT,Loan-Payments
2025-12-05,Starbucks Powai,200.90,DEBIT,Take-out
2025-12-05,Uber ride,193.85,DEBIT,Transport
2025-12-05,Uber ride,371.49,DEBIT,Transport
2025-12-05,Mahanagar Gas bill,509.09,DEBIT,Utilities
2025-12-06,Steam games purchase,680.84,DEBIT,Entertainment
2025-12-06,Reliance Fresh,757.50,DEBIT,Groceries
2025-12-06,BigBasket order,430.22,DEBIT,Groceries
2025-12-06,More Supermarket,1007.80,DEBIT,Groceries
2025-12-06,Decathlon Powai,1755.46,DEBIT,Shopping
2025-12-06,Myntra order,720.14,DEBIT,Shopping
2025-12-06,Behrouz Biryani,267.53,DEBIT,Take-out
2025-12-06,Indian Oil fuel,166.60,DEBIT,Transport
2025-12-06,Water tax payment,584.24,DEBIT,Utilities
2025-12-07,Spotify Premium,368.87,DEBIT,Entertainment
2025-12-07,Reliance Fresh,597.74,DEBIT,Groceries
2025-12-07,BigBasket order,444.48,DEBIT,Groceries
2025-12-07,Credit Card bill payment,6800.00,DEBIT,Loan-Payments
2025-12-07,Dominos Pizza,162.29,DEBIT,Take-out
2025-12-07,CityFlo monthly pass,221.89,DEBIT,Transport
2025-12-07,Water tax payment,454.19,DEBIT,Utilities
2025-12-08,BigBasket order,258.65,DEBIT,Groceries
2025-12-08,Fresh Fruits & Veg Co.,341.62,DEBIT,Groceries
2025-12-08,IKEA Navi Mumbai,1902.45,DEBIT,Shopping
2025-12-08,Croma Electronics,700.58,DEBIT,Shopping
2025-12-08,Mahanagar Gas bill,584.31,DEBIT,Utilities
2025-12-08,Mahanagar Gas bill,538.36,DEBIT,Utilities
2025-12-09,Netflix subscription,442.46,DEBIT,Entertainment
2025-12-09,BigBasket order,357.61,DEBIT,Groceries
2025-12-09,Cafe Coffee Day,467.12,DEBIT,Take-out
2025-12-09,Zomato order,492.39,DEBIT,Take-out
2025-12-09,Behrouz Biryani,378.24,DEBIT,Take-out
2025-12-10,Netflix subscription,287.75,DEBIT,Entertainment
2025-12-10,Fresh Fruits & Veg Co.,753.50,DEBIT,Groceries
2025-12-10,Reliance Fresh,409.46,DEBIT,Groceries
2025-12-10,DMart Andheri West,554.35,DEBIT,Groceries
2025-12-10,Starbucks Powai,286.86,DEBIT,Take-out
2025-12-10,Cafe Coffee Day,235.68,DEBIT,Take-out
2025-12-10,Starbucks Powai,263.53,DEBIT,Take-out
2025-12-10,Mumbai Metro recharge,253.03,DEBIT,Transport
2025-12-10,Water tax payment,283.77,DEBIT,Utilities
2025-12-11,Fresh Fruits & Veg Co.,465.73,DEBIT,Groceries
2025-12-11,BigBasket order,518.52,DEBIT,Groceries
2025-12-11,Nature's Basket,429.66,DEBIT,Groceries
2025-12-11,Refund from Myntra,2090.53,CREDIT,Refund
2025-12-11,Indian Oil fuel,253.57,DEBIT,Transport
2025-12-11,Ola Cabs,259.63,DEBIT,Transport
2025-12-11,Ola Cabs,309.38,DEBIT,Transport
2025-12-12,PVR Cinemas,424.92,DEBIT,Entertainment
2025-12-12,BigBasket order,870.77,DEBIT,Groceries
2025-12-12,Flipkart order,1914.74,DEBIT,Shopping
2025-12-12,Zomato order,104.71,DEBIT,Take-out
2025-12-12,Uber ride,220.24,DEBIT,Transport
2025-12-12,Indian Oil fuel,291.75,DEBIT,Transport
2025-12-12,Airtel Fibre broadband,604.24,DEBIT,Utilities
2025-12-12,Airtel Fibre broadband,475.88,DEBIT,Utilities
2025-12-13,DMart Andheri West,478.05,DEBIT,Groceries
2025-12-13,Myntra order,539.28,DEBIT,Shopping
2025-12-13,Starbucks Powai,127.80,DEBIT,Take-out
2025-12-13,HP Petrol Pump,172.43,DEBIT,Transport
2025-12-13,Mahanagar Gas bill,943.25,DEBIT,Utilities
2025-12-13,Airtel Fibre broadband,605.87,DEBIT,Utilities
2025-12-14,PVR Cinemas,315.05,DEBIT,Entertainment
2025-12-14,DMart Andheri West,784.75,DEBIT,Groceries
2025-12-14,Flipkart order,365.72,DEBIT,Shopping
2025-12-14,Cafe Coffee Day,574.41,DEBIT,Take-out
2025-12-14,Ola Cabs,264.23,DEBIT,Transport
2025-12-14,Ola Cabs,318.09,DEBIT,Transport
2025-12-14,Indian Oil fuel,319.05,DEBIT,Transport
2025-12-15,BigBasket order,331.21,DEBIT,Groceries
2025-12-15,Reliance Fresh,925.04,DEBIT,Groceries
2025-12-15,Decathlon Powai,875.95,DEBIT,Shopping
2025-12-15,Myntra order,1282.45,DEBIT,Shopping
2025-12-15,Indian Oil fuel,141.83,DEBIT,Transport
2025-12-15,Uber ride,346.51,DEBIT,Transport
2025-12-16,Reliance Fresh,532.64,DEBIT,Groceries
2025-12-16,Nature's Basket,1069.13,DEBIT,Groceries
2025-12-16,BigBasket order,529.21,DEBIT,Groceries
2025-12-16,Behrouz Biryani,315.92,DEBIT,Take-out
2025-12-16,Uber ride,98.42,DEBIT,Transport
2025-12-16,Ola Cabs,362.82,DEBIT,Transport
2025-12-16,Mahanagar Gas bill,621.38,DEBIT,Utilities
2025-12-17,Netflix subscription,565.12,DEBIT,Entertainment
2025-12-17,More Supermarket,530.02,DEBIT,Groceries
2025-12-17,BigBasket order,488.68,DEBIT,Groceries
2025-12-17,More Supermarket,284.34,DEBIT,Groceries
2025-12-17,CityFlo monthly pass,61.80,DEBIT,Transport
2025-12-17,Water tax payment,516.09,DEBIT,Utilities
2025-12-18,DMart Andheri West,825.80,DEBIT,Groceries
2025-12-18,BigBasket order,546.77,DEBIT,Groceries
2025-12-18,BigBasket order,366.74,DEBIT,Groceries
2025-12-18,IKEA Navi Mumbai,614.36,DEBIT,Shopping
2025-12-18,Dominos Pizza,312.95,DEBIT,Take-out
2025-12-18,Zomato order,299.53,DEBIT,Take-out
2025-12-18,Behrouz Biryani,275.62,DEBIT,Take-out
2025-12-18,Indian Oil fuel,269.43,DEBIT,Transport
2025-12-18,HP Petrol Pump,222.90,DEBIT,Transport
2025-12-19,IKEA Navi Mumbai,768.32,DEBIT,Shopping
2025-12-19,Behrouz Biryani,158.80,DEBIT,Take-out
2025-12-19,Indian Oil fuel,266.52,DEBIT,Transport
2025-12-19,Uber ride,231.39,DEBIT,Transport
2025-12-19,HP Petrol Pump,107.57,DEBIT,Transport
2025-12-20,Fresh Fruits & Veg Co.,319.33,DEBIT,Groceries
2025-12-20,Behrouz Biryani,377.11,DEBIT,Take-out
2025-12-20,Cafe Coffee Day,296.01,DEBIT,Take-out
2025-12-20,CityFlo monthly pass,265.83,DEBIT,Transport
2025-12-20,MSEB electricity bill,611.57,DEBIT,Utilities
2025-12-20,Water tax payment,418.75,DEBIT,Utilities
2025-12-21,Nature's Basket,414.46,DEBIT,Groceries
2025-12-21,DMart Andheri West,330.03,DEBIT,Groceries
2025-12-21,Swiggy order,213.87,DEBIT,Take-out
2025-12-21,Mumbai Metro recharge,211.08,DEBIT,Transport
2025-12-21,Ola Cabs,315.42,DEBIT,Transport
2025-12-22,Netflix subscription,807.07,DEBIT,Entertainment
2025-12-22,PVR Cinemas,782.39,DEBIT,Entertainment
2025-12-22,Fresh Fruits & Veg Co.,652.54,DEBIT,Groceries
2025-12-22,Zomato order,208.38,DEBIT,Take-out
2025-12-22,Water tax payment,480.33,DEBIT,Utilities
2025-12-23,Nature's Basket,341.29,DEBIT,Groceries
2025-12-23,Nature's Basket,727.39,DEBIT,Groceries
2025-12-23,DMart Andheri West,640.75,DEBIT,Groceries
2025-12-23,Fresh Fruits & Veg Co.,484.53,DEBIT,Groceries
2025-12-23,Croma Electronics,2102.81,DEBIT,Shopping
2025-12-23,IKEA Navi Mumbai,787.66,DEBIT,Shopping
2025-12-23,Ola Cabs,254.67,DEBIT,Transport
2025-12-23,Ola Cabs,191.04,DEBIT,Transport
2025-12-23,Jio postpaid bill,550.24,DEBIT,Utilities
2025-12-24,More Supermarket,851.54,DEBIT,Groceries
2025-12-24,Starbucks Powai,236.03,DEBIT,Take-out
2025-12-24,Dominos Pizza,164.16,DEBIT,Take-out
2025-12-24,Behrouz Biryani,116.83,DEBIT,Take-out
2025-12-24,MSEB electricity bill,623.23,DEBIT,Utilities
2025-12-25,Behrouz Biryani,433.10,DEBIT,Take-out
2025-12-25,Zomato order,255.98,DEBIT,Take-out
2025-12-25,Behrouz Biryani,403.79,DEBIT,Take-out
2025-12-25,Starbucks Powai,230.24,DEBIT,Take-out
2025-12-25,Swiggy order,176.36,DEBIT,Take-out
2025-12-25,Uber ride,279.12,DEBIT,Transport
2025-12-25,Ola Cabs,142.02,DEBIT,Transport
2025-12-25,Jio postpaid bill,343.75,DEBIT,Utilities
2025-12-26,DMart Andheri West,841.26,DEBIT,Groceries
2025-12-26,Fresh Fruits & Veg Co.,427.56,DEBIT,Groceries
2025-12-26,Fresh Fruits & Veg Co.,392.16,DEBIT,Groceries
2025-12-26,DMart Andheri West,863.74,DEBIT,Groceries
2025-12-26,Cafe Coffee Day,339.31,DEBIT,Take-out
2025-12-26,Cafe Coffee Day,211.18,DEBIT,Take-out
2025-12-26,Indian Oil fuel,196.83,DEBIT,Transport
2025-12-26,Water tax payment,696.34,DEBIT,Utilities
2025-12-27,Netflix subscription,674.74,DEBIT,Entertainment
2025-12-27,PVR Cinemas,184.78,DEBIT,Entertainment
2025-12-27,PVR Cinemas,274.75,DEBIT,Entertainment
2025-12-27,More Supermarket,361.52,DEBIT,Groceries
2025-12-27,Reliance Fresh,487.23,DEBIT,Groceries
2025-12-27,Zomato order,141.20,DEBIT,Take-out
2025-12-28,PVR Cinemas,578.69,DEBIT,Entertainment
2025-12-28,More Supermarket,663.08,DEBIT,Groceries
2025-12-28,Amazon.in order,1560.19,DEBIT,Shopping
2025-12-28,Dominos Pizza,329.15,DEBIT,Take-out
2025-12-28,Zomato order,245.98,DEBIT,Take-out
2025-12-28,Behrouz Biryani,601.75,DEBIT,Take-out
2025-12-29,Fresh Fruits & Veg Co.,843.78,DEBIT,Groceries
2025-12-29,Fresh Fruits & Veg Co.,682.86,DEBIT,Groceries
2025-12-29,Starbucks Powai,354.52,DEBIT,Take-out
2025-12-29,Dominos Pizza,212.19,DEBIT,Take-out
2025-12-29,HP Petrol Pump,303.78,DEBIT,Transport
2025-12-29,Mumbai Metro recharge,240.65,DEBIT,Transport
2025-12-30,Netflix subscription,366.64,DEBIT,Entertainment
2025-12-30,Netflix subscription,606.46,DEBIT,Entertainment
2025-12-30,Amazon.in order,1892.64,DEBIT,Shopping
2025-12-30,Zomato order,556.44,DEBIT,Take-out
2025-12-30,Zomato order,267.39,DEBIT,Take-out
2025-12-30,CityFlo monthly pass,340.58,DEBIT,Transport
2025-12-30,Airtel Fibre broadband,363.46,DEBIT,Utilities
2025-12-30,MSEB electricity bill,799.97,DEBIT,Utilities
2025-12-31,Spotify Premium,461.55,DEBIT,Entertainment
2025-12-31,BigBasket order,330.45,DEBIT,Groceries
2025-12-31,BigBasket order,338.30,DEBIT,Groceries
2025-12-31,Salary credited from Cyphersol Technologies,172000.00,CREDIT,Salary
2025-12-31,Cafe Coffee Day,410.62,DEBIT,Take-out
2025-12-31,MSEB electricity bill,510.99,DEBIT,Utilities
